protein,nr_mutations,accumulated_count,Uniprot AC
POLE,3851,3851,P28340
ATR,3063,6914,Q13535
DICER1,2424,9338,Q9UPY3
MSH2,2413,11751,P43246
EGFR,2082,13833,P00533
FANCA,1821,15654,O15360
NBN,1790,17444,O60934
CNTNAP2,1677,19121,Q9UHC6
MLH1,1628,20749,P40692
F8,1561,22310,P00451
PIK3CA,1509,23819,P42336
CTNNA1,1344,25163,P35221
POLD1,1338,26501,P28340
BLM,1015,27516,P54132
BRAF,973,28489,P15056
FANCI,963,29452,Q9NVI1
KEAP1,956,30408,Q14145
ATG2A,852,31260,Q2TAZ0
RAD51C,851,32111,O43502
ARID2,816,32927,Q68CP9
RAF1,784,33711,P04049
PIK3CB,738,34449,P42338
CP,655,35104,P00450
CBL,617,35721,P22681
DNM2,613,36334,P50570
VHL,575,36909,P40337
CUL3,570,37479,Q13618
ARHGAP35,569,38048,Q9NRY4
GRIN2A,564,38612,Q12879
STAT3,555,39167,P40763
ERCC4,545,39712,Q92889
CDK4,517,40229,P11802
ARID1A,509,40738,O14497
ERCC3,509,41247,P19447
IDH1,508,41755,O75874
ANK2,504,42259,Q01484
OTC,488,42747,P00480
SMPD1,471,43218,P17405
ARHGEF10L,468,43686,NA
DDX3X,467,44153,O00571
CHEK2,460,44613,O96017
BCL2,458,45071,P10415
PTK2,454,45525,Q05397
MZF1,448,45973,P28698
DSTYK,437,46410,Q6XUX3
ALPK1,409,46819,Q96QP1
FANCE,398,47217,Q9HB96
ESR1,396,47613,P03372
AP2A1,384,47997,O95782
ERCC5,368,48365,P28715
FANCF,365,48730,Q9NPI8
COQ8A,361,49091,Q8NI60
TAOK1,358,49449,Q7L7X3
IDH2,357,49806,P48735
KRAS,357,50163,P01116
PPARG,356,50519,P37231
BRSK1,354,50873,Q8TDC3
TBX3,349,51222,O15119
ARHGEF10,346,51568,O15013
AHR,339,51907,P35869
ALPK2,330,52237,Q86TB3
FANCL,328,52565,Q9NW38
EEF2K,326,52891,O00418
ALPK3,325,53216,Q96L96
OPTN,311,53527,Q96CV9
TRAP1,311,53838,Q12931
KIF5A,297,54135,Q12840
ANK3,296,54431,Q12955
PRKCA,293,54724,P17252
ATG7,291,55015,O95352
CALR,291,55306,P27797
ACVR2A,290,55596,P27037
CIP2A,272,55868,Q8TCG1
ERN2,269,56137,Q87MJ5
ADH1B,258,56395,P00325
ACVR1B,256,56651,P36896
PTPN6,248,56899,P29350
BRD4,246,57145,O60885
RFWD3,245,57390,Q6PCD5
BTG1,234,57624,P62324
ARHGAP26,232,57856,Q9UNA1
CYP2R1,231,58087,Q6VVX0
NPLOC4,230,58317,Q8TAT6
DDX10,227,58544,Q13206
ESRRB,224,58768,O95718
RIPK2,220,58988,O43353
ALDH1A1,217,59205,P00352
BTG2,216,59421,P78543
CPA2,214,59635,P48052
PELI2,213,59848,Q9HAT8
DYRK4,209,60057,Q9NR20
ADCK5,204,60261,Q3MIX3
POLD2,204,60465,P49005
ULK1,204,60669,O75385
GLUD1,199,60868,P00367
BCKDK,196,61064,O14874
ADCK2,194,61258,Q7Z695
COQ8B,193,61451,Q96D53
CDK14,191,61642,O94921
ADH1C,190,61832,P00326
DYRK1B,190,62022,Q9Y463
GATA3,188,62210,P23771
CSNK1A1L,185,62395,Q8N752
DCLK3,185,62580,Q9C098
CCND3,182,62762,P30281
ATG9A,181,62943,Q7Z3C6
RUNX1,181,63124,Q01196
RAD17,178,63302,O75943
DYRK3,173,63475,O43781
GOT2,172,63647,P00505
CBFB,169,63816,Q13951
PELI3,168,63984,Q8N2H9
CDK19,164,64148,Q9BWU1
PELI1,162,64310,Q96FA3
CAMK1G,160,64470,Q96NX5
CDK15,160,64630,Q96Q40
CDK10,157,64787,Q15131
ATG4A,155,64942,Q8WYN0
CAMKV,153,65095,Q8NCB2
CAMK1D,152,65247,Q8IU85
CDK20,152,65399,Q8IZL9
ATG4B,150,65549,Q9Y4P1
CSNK2A3,150,65699,Q8NEV1
CLK4,141,65840,Q9HAZ1
BRD3,139,65979,Q15059
CDKL4,139,66118,Q5MAI5
BCL2L1,138,66256,Q07817
CSNK1A1,138,66394,P48729
ATXN3,135,66529,P54252
AMBRA1,129,66658,Q9C0C7
CSNK1G2,128,66786,P78368
CDKL3,123,66909,Q8IVW4
CSNK1G1,123,67032,Q9HCP0
ATG5,122,67154,Q9H1Y0
CFAP410,122,67276,O43822
TINF2,122,67398,Q9BSI4
CLK3,121,67519,P49761
CSNK1G3,121,67640,Q9Y6M4
PDIK1L,121,67761,Q8N165
ATG16L1,116,67877,Q676U5
ATG3,114,67991,Q9NT62
CYB5R3,113,68104,P00387
VASH1,108,68212,Q7L8A9
CDKL1,105,68317,Q00532
LDHA,102,68419,P00338
CAMKK1,101,68520,Q8N5S9
CASP3,97,68617,P42574
BCL2A1,87,68704,Q16548
CALCOCO2,87,68791,Q13137
TMEM175,86,68877,Q9BSA9
VASH2,85,68962,Q86V25
HPRT1,82,69044,P00492
BCL10,81,69125,O95999
CDC34,81,69206,P49427
CCNC,78,69284,P24863
BAX,75,69359,Q07812
BCL2L2,75,69434,Q92843
BOK,74,69508,Q9UMX3
DHFR,74,69582,P00374
NCS1,74,69656,P62166
UBE2G2,65,69721,P60604
BCL2L10,62,69783,Q07817
RAB14,61,69844,P61106
ATG13,59,69903,O75143
PFN1,56,69959,P07737
MAP1LC3B,53,70012,Q9GZQ8
GABARAPL1,51,70063,Q9H0R8
PPIA,51,70114,P62937
CYB5A,49,70163,P00167
ARID3A,45,70208,Q99856
APOC1,41,70249,P02654
GABARAP,36,70285,O95166
GABARAPL2,33,70318,P60520
ADCK1,30,70348,Q86TW2
MAP1LC3A,28,70376,Q9H492
ATG12,26,70402,O94817
TP53BP1,25,70427,Q12888
FANCG,13,70440,O15287
F13A1,6,70446,P00488
