Protein,Uniprot AC,RefSeq ID,Review status,Curators
ADH1B,P00325,NP_000659,2,"Elena Papaleo (DCI, Denmark, DTU, Denmark)"
RAD17,O75943,NP_579917,0,"Elena Papaleo (DCI, Denmark, DTU, Denmark)"
DCLK3,Q9C098,NP_208382,0,"Elena Papaleo (DCI, Denmark, DTU, Denmark)"
GOT2,P00505,NP_002071,0,"Elena Papaleo (DCI, Denmark, DTU, Denmark)"
NPLOC4,Q8TAT6,NP_060391,3,"Simone Scrima (DCI, Denmark, DTU, Denmark)"
ADCK2,Q7Z695,NP_443085,2,"Elena Papaleo (DCI, Denmark, DTU, Denmark)"
ARHGEF10L,,,,
KIF5A,Q12840,NP_004975,3,"Francesca Maselli (DCI, Denmark, IBFM-CNR, Italy)"
ATG9A,Q7Z3C6,NP_001070666,3,"Matteo Lambrughi (DCI, Denmark), Elena Papaleo (DCI, Denmark, DTU, Denmark)"
FANCF,Q9NPI8,NP_073562,2,"Matteo Arnaudi (DCI, Denmark, DTU, Denmark)"
ANK3,Q12955,NP_066267,2,"Mattia Utichi (DCI, Denmark, DTU, Denmark)"
PIK3CA,P42336,NP_006209,3,"Amalie Drud Nielsen (DCI, Denmark, DTU, Denmark), Matteo Arnaudi (DCI, Denmark, DTU, Denmark)"
BCKDK,O14874,NP_001116429,2,"Philipp Becker (DCI, Denmark, DTU, Denmark)"
PFN1,P07737,NP_00501,0,"Kristine Degn (DTU, Denmark)"
BRD4,O60885,NP_490597,0,"Elena Papaleo (DCI, Denmark, DTU, Denmark), Pablo Sanchez-Izquierdo (DTU, Denmark, DCI, Denmark)"
PELI2,Q9HAT8,NP_067078,2,"Mattia Utichi (DCI, Denmark, DTU, Denmark)"
LDHA,P00338,NP_005557,0,"Elena Papaleo (DCI, Denmark, DTU, Denmark)"
BCL2L1,Q07817,NP_612815,2,"Elena Papaleo (DCI, Denmark, DTU, Denmark), Simone Scrima (DCI, Denmark, DTU, Denmark)"
HPRT1,P00492,NP_000185,0,"Elena Papaleo (DCI, Denmark, DTU, Denmark)"
FANCI,Q9NVI1,NP_001106849,2,"Matteo Arnaudi (DCI, Denmark, DTU, Denmark)"
CSNK1G2,P78368,NP_001310,1,"Philipp Becker (DTU, Denmark)"
ATG4A,Q8WYN0,NP_443168,2,"Mattia Utichi (DCI, Denmark, DTU, Denmark)"
KRAS,P01116,NP_203524,3,"Elena Papaleo (DCI, Denmark, DTU, Denmark), Ludovica Beltrame (DTU, Denmark)"
FANCE,Q9HB96,NP_068741,2,"Matteo Arnaudi (DCRC, Denmark, DTU, Denmark)"
MLH1,P40692,NP_000240,0,"Ludovica Beltrame (DTU, Denmark)"
BRSK1,Q8TDC3,NP_115806,0,"Elena Papaleo (DCI, Denmark, DTU, Denmark)"
NBN,O60934,NP_002476,2,"Matteo Arnaudi (DCI, Denmark, DTU, Denmark)"
IDH2,P48735,NP_002159,0,"Elena Papaleo (DCI, Denmark, DTU, Denmark)"
F13A1,P00488,NP_000120,0,"Elena Papaleo (DCI, Denmark, DTU, Denmark)"
CNTNAP2,Q9UHC6,NP_054860,0,"Elena Papaleo (DCI, Denmark, DTU, Denmark)"
CLK4,Q9HAZ1,NP_065717,2,"Kristine Degn (DTU, Denmark), Pablo Sanchez-Izquierdo (DTU, Denmark, DCI,Denmark)"
BTG1,P62324,NP_001722,2,"Pablo Sanchez-Izquierdo (DTU, Denmark, DCI, Denmark)"
RFWD3,Q6PCD5,NP_060594,2,"Matteo Arnaudi (DCI, Denmark, DTU, Denmark)"
CAMK1G,Q96NX5,NP_065172,2,"Matteo Lambrughi (DCI, Denmark)"
IDH1,O75874,NP_001269315,0,"Elena Papaleo (DCI, Denmark, DTU, Denmark)"
POLD1,P28340,NP_002682,0,"Ludovica Beltrame (DTU, Denmark), Elena Papaleo (DTU, Denmark, DCI, Denmark)"
CAMKV,Q8NCB2,NP_001307076,3,"Elena Papaleo (DCI, Denmark, DTU, Denmark), Matteo Lambrughi (DCI, Denmark)"
APOC1,P02654,NP_001307994,3,"Kristine Degn (DTU, Denmark)"
BAX,Q07812,NP_620116,2,"Terezia Dorcakova (DCI, Denmark)"
ARHGAP26,Q9UNA1,NP_055886,0,"Pablo Sanchez-Izquierdo (DTU, Denmark, DCI, Denmark)"
ATG5,Q9H1Y0,NP_004840,0,"Kledi Salla (DTU, Denmark)"
DYRK3,O43781,NP_003573,2,"Philipp Becker (DTU, Denmark)"
CYP2R1,Q6VVX0,NP_078790,3,"Francesca Maselli (DCI, Denmark, IBFM-CNR, Italy)"
CALR,P27797,NP_004334,2,"Matteo Arnaudi (DCRC, Denmark, DTU, Denmark)"
CBFB,Q13951,NP_074036,2,"Matteo Arnaudi (DCI, Denmark, DTU, Denmark)"
DYRK4,Q9NR20,NP_003836,2,"Philipp Becker (DTU, Denmark)"
ESR1,P03372,NP_000116,2,"Kristine Deng (DTU, Denmark)"
PTK2,Q05397,NP_722560,2,"Simone Scrima (DCI, Denmark, DTU, Denmark)"
DSTYK,Q6XUX3,NP_056190,0,"Elena Papaleo (DCI, Denmark, DTU, Denmark)"
CDKL4,Q5MAI5,NP_001333840,2,"Jeremy Vinhas (DCI, Denmark), Matteo Lambrughi (DCI, Denmark)"
ATG3,Q9NT62,NP_071933,2,"Mattia Utichi (DCI, Denmark, DTU, Denmark)"
CUL3,Q13618,NP_001244126,2,"Simone Scrima (DCI, Denmark, DTU, Denmark)"
ARHGEF10,O15013,NP_001295082,0,"Pablo Sanchez-Izquierdo (DTU, Denmark, DCI, Denmark)"
CTNNA1,P35221,NP_001310911,2,"Elena Papaleo (DCI, Denmark)"
PRKCA,P17252,NP_002728,2,"Elena Papaleo (DCI, Denmark, DTU, Denmark), Simone Scrima (DCI, Denmark, DTU, Denmark)"
PPARG,P37231,NP_005028,2,"Kristine Degn (DTU, Denmark)"
FANCG,O15287,NP_004620,2,"Matteo Arnaudi (DCI, Denmark, DTU, Denmark)"
CDC42BPA,Q5VT25,NP_003598,0,"Elena Papaleo (DCI, Denmark, DTU, Denmark), Matteo Tiberti (DCI, Denmark)"
CCNC,P24863,NP_005181,0,"Elena Papaleo (DCI, Denmark, DTU, Denmark)"
EEF2K,O00418,NP_037434,2,"Elena Papaleo (DCI, Denmark, DTU, Denmark), Matteo Lambrughi (DCI, Denmark)"
ATXN3,P54252,NP_004984,2,"Elena Papaleo (DCI, Denmark, DTU, Denmark), Matteo Lambrughi (DCI, Denmark)"
DDX3X,O00571,NP_001347,0,"Alberte Estad (DCI, Denmark, DTU, Denmark)"
TAOK1,Q7L7X3,NP_065842,0,"Elena Papaleo (DCI, Denmark, DTU, Denmark), Matteo Lambrughi (DCI, Denmark)"
CSNK1A1,P48729,NP_001883,2,"Simone Scrima (DCI, Denmark, DTU, Denmark)"
BTG2,P78543,NP_006754,2,"Pablo Sanchez-Izquierdo (DTU, Denmark, DCI, Denmark)"
POLD2,P49005,NP_001120690,0,"Ludovica Beltrame (DTU, Denmark)"
TMEM175,Q9BSA9,NP_115702,3,"Francesca Maselli (DCI, Denmark, IBFM-CNR, Italy), Mattia Utichi (DCI, Denmark, DTU, Denmark)"
AMBRA1,Q9C0C7,NP_001373940,3,"Elena Papaleo (DCI, Denmark, DTU, Denmark), Matteo Lambrughi (DCI, Denmark)"
FANCL,Q9NW38,NP_060532,2,"Matteo Arnaudi (DCI, Denmark, DTU, Denmark)"
ALPK1,Q96QP1,NP_001095876,2,"Elena Papaleo (DCI, Denmark, DTU, Denmark), Matteo Lambrughi (DCI, Denmark)"
CDC34,P49427,NP_004350,2,"Elena Papaleo (DCI, Denmark, DTU, Denmark)"
RAF1,P04049,NP_002871,2,"Kristine Degn (DTU, Denmark)"
ATG16L1,Q676U5,NP_110430,2,"Mattia Utichi (DCI, Denmark, DTU, Denmark)"
RUNX1,Q01196,NP_001001890,2,"Matteo Arnaudi (DCI, Denmark, DTU, Denmark)"
CDK19,Q9BWU1,NP_055891,2,"Matteo Tiberti (DCI, Denmark), Simone Scrima (DCI, Denmark, DTU, Denmark)"
OTC,P00480,NP_000522,0,"Elena Papaleo (DCI, Denmark, DTU, Denmark)"
ANK2,Q01484,NP_001139,2,"Mattia Utichi (DCI, Denmark, DTU, Denmark)"
OPTN,Q96CV9,NP_068815,3,"Elena Papaleo (DCI, Denmark, DTU, Denmark), Mattia Utichi (DCI, Denmark, DTU, Denmark)"
CFAP410,O43822,NP_004919,3,"Francesca Maselli (DCI, Denmark, IBFM-CNR, Italy)"
ADCK5,Q3MIX3,NP_766548,2,"Elena Papaleo (DCI, Denmark, DTU, Denmark)"
PIK3CB,P42338,NP_006210,2,"Amalie Drud Nielsen (DCI, Denmark, DTU, Denmark), Matteo Arnaudi (DCI, Denmark, DTU, Denmark)"
CDK14,O94921,NP_001274064,2,"Kristine Degn (DTU, Denmark), Jeremy Vinhas (DCI, Denmark)"
AHR,P35869,NP_001612,2,"Elena Papaleo (DCI, Denmark, DTU, Denmark)"
MSH2,P43246,NP_000242,0,"Elena Papaleo (DCI, Denmark, DTU, Denmark), Ludovica Beltrame (DTU, Denmark)"
TP53BP1,Q12888,NP_005648,0,"Elena Papaleo (DCI, Denmark, DTU, Denmark), Karolina Krzesinska (DTU, Denmark, DCI, Denmark)"
ARID1A,O14497,NP_006006,2,"Elena Papaleo (DCI, Denmark, DTU, Denmark)"
ULK1,O75385,NP_003556,3,"Mattia Utichi (DCI, Denmark, DTU, Denmark)"
DYRK1B,Q9Y463,NP_004705,2,"Karolina Krzesińska (DCI, Denmark, DTU, Denmark)"
DHFR,P00374,NP_000782,0,"Elena Papaleo (DCI, Denmark, DTU, Denmark)"
CASP3,P42574,NP_116786,2,"Elena Papaleo (DCI, Denmark, DTU, Denmark)"
COQ8B,Q96D53,NP_079152,2,"Matteo Lambrughi (DCI, Denmark), Elena Papaleo (DCI, Denmark, DTU, Denmark)"
NCS1,P62166,NP_055101,0,"Elena Papaleo (DCI, Denmark, DTU, Denmark)"
CHEK2,O96017,NP_009125,0,"Elena Papaleo (DCI, Denmark, DTU, Denmark)"
BCL10,O95999,NP_003912,2,"Terezia Dorcakova (DCI, Denmark)"
ALPK2,Q86TB3,NP_443179,2,"Elena Papaleo (DCI, Denmark, DTU, Denmark), Matteo Lambrughi (DCI, Denmark)"
ATG2A,Q2TAZ0,NP_055919,2,"Mattia Utichi (DCI, Denmark, DTU, Denmark)"
GLUD1,P00367,NP_005262,0,"Elena Papaleo (DCI, Denmark, DTU, Denmark)"
UBE2G2,P60604,NP_001189418,0,"Elena Papaleo (DCI, Denmark, DTU, Denmark)"
VHL,P40337,NP_000542,2,"Elena Papaleo (DCI, Denmark, DTU, Denmark), Pablo Sanchez-Izquierdo (DTU, Denmark, DCI, Denmark)"
RAB14,P61106,NP_057406,0,"Elena Papaleo (DCI, Denmark, DTU, Denmark)"
ALDH1A1,P00352,NP_000680,2,"Elena Papaleo (DCI, Denmark, DTU, Denmark)"
ERCC5,P28715,NP_000114,0,"Alberte Heering Estad (DCI, Denmark, DTU, Denmark)"
ATG7,O95352,NP_006386,0,"Elena Papaleo (DCI, Denmark, DTU, Denmark)"
RIPK2,O43353,NP_003812,2,"Kristine Degn (DTU, Denmark), Karolina Krzesińska (DCI, Denmark)"
POLE,P28340,NP_002682,0,"Ludovica Beltrame (DTU, Denmark), Elena Papaleo (DTU, Denmark, DCI, Denmark)"
ADH1C,P00326,NP_000660,2,"Elena Papaleo (DCI, Denmark, DTU, Denmark)"
ATG4B,Q9Y4P1,NP_037457,2,"Mattia Utichi (DCI, Denmark, DTU, Denmark)"
CDKL3,Q8IVW4,NP_057592,2,"Jeremy Vinhas (DCI, Denmark), Matteo Lambrughi (DCI, Denmark)"
PELI3,Q8N2H9,NP_659502,2,"Mattia Utichi (DCI, Denmark, DTU, Denmark)"
VASH2,Q86V25,NP_001287985,0,"Matteo Tiberti (DCI, Denmark)"
DNM2,P50570,NP_001005360,0,"Alberte Estad (DCI, Denmark, DTU, Denmark)"
GABARAPL1,Q9H0R8,NP_113600,2,"Mattia Utichi (DCRC, Denmark, DTU, Denmark)"
BCL2L2,Q92843,NP_001186768,2,"Elena Papaleo (DCI, Denmark, DTU, Denmark), Simone Scrima (DCI, Denmark, DTU, Denmark)"
CSNK2A3,Q8NEV1,NP_001243615,2,"Simone Scrima (DCI, Denmark, DTU, Denmark), Karolina Krzesińska (DCI, Denmark, DTU, Denmark)"
F8,P00451,NP_000123,0,"Elena Papaleo (DCI, Denmark, DTU, Denmark)"
CBL,P22681,NP_005179,2,"Elena Papaleo (DCI, Denmark, DTU, Denmark)"
TBX3,O15119,NP_057653,0,"Anna Melidi (DCI, Denmark, DTU, Denmark)"
CIP2A,Q8TCG1,NP_065941,0,"Simone Scrima (DCI, Denmark, DTU, Denmark)"
CSNK1G3,Q9Y6M4,NP_004375,1,"Philipp Becker (DTU, Denmark)"
ERCC4,Q92889,NP_005227,2,"Matteo Arnaudi (DCI, Denmark, DTU, Denmark)"
CP,P00450,NP_000087,0,"Elena Papaleo (DCI, Denmark, DTU, Denmark)"
CDKL1,Q00532,NP_004187,0,"Alberto Pettenella (DCI, Denmark), Simone Scrima (DCI, Denmark, DTU, Denmark)"
CDC42BPB,Q9Y5S2,NP_006026,0,"Elena Papaleo (DCI, Denmark, DTU, Denmark), Matteo Tiberti (DCI, Denmark)"
PDIK1L,Q8N165,NP_001230461,2,"Philipp Becker (DCI, Denmark, DTU, Denmark)"
ESRRB,O95718,NP_004443,0,"Elena Papaleo (DCI, Denmark, DTU, Denmark), Karolina Krzesinska (DTU, Denmark, DCI, Denmark)"
CPA2,P48052,NP_001860,2,"Kristine Degn (DTU, Denmark)"
CDK10,Q15131,NP_443714,2,"Karolina Krzesinska (DTU, Denmark, DCI, Denmark), Matteo Lambrughi (DCI, Denmark)"
CDK20,Q8IZL9,NP_001034892,2,"Jeremy Vinhas (DCI, Denmark), Kristine Degn (DTU, Denmark)"
GABARAP,O95166,NP_009209,2,"Mattia Utichi (DCI, Denmark, DTU, Denmark)"
ARID2,Q68CP9,NP_001334768,0,"Elena Papaleo (DCI, Denmark, DTU, Denmark), Matteo Lambrughi (DCI, Denmark)"
BLM,P54132,NP_000048,3,"Matteo Arnaudi (DCI, Denmark, DTU, Denmark)"
CAMK1D,Q8IU85,NP_065130,2,"Elena Papaleo (DCI, Denmark, DTU, Denmark), Matteo Lambrughi (DCI, Denmark)"
GABARAPL2,P60520,NP_009216,2,"Mattia Utichi (DCRC, Denmark, DTU, Denmark)"
EGFR,P00533,NP_005219,2,"Matteo Arnaudi (DCI, Denmark, DTU, Denmark)"
DDX10,Q13206,NP_004389,2,"Pablo Sanchez-Izquierdo (DTU, Denmark, DCI, Denmark)"
MAP1LC3A,Q9H492,NP_115903,2,"Mattia Utichi (DCRC, Denmark, DTU, Denmark)"
ERCC3,P19447,NP_000113,0,"Alberte Estad (DCI, Denmark, DTU, Denmark)"
PELI1,Q96FA3,NP_065702,2,"Mattia Utichi (DCI, Denmark, DTU, Denmark)"
CSNK1A1L,Q8N752,NP_660204,2,"Elena Papaleo (DCI, Denmark, DTU, Denmark), Simone Scrima (DCI, Denmark, DTU, Denmark)"
ARID3A,Q99856,NP_005215,3,"Elena Papaleo (DCI, Denmark, DTU, Denmark), Karolina Krzesinska (DTU, Denmark, DCI, Denmark)"
ARHGAP35,Q9NRY4,NP_004482,2,"Pablo Sanchez-Izquierdo (DTU, Denmark, DCI, Denmark)"
ATG12,O94817,NP_004698,3,"Mattia Utichi (DCI, Denmark, DTU, Denmark)"
CAMKK1,Q8N5S9,NP_065130,2,"Elena Papaleo (DCI, Denmark, DTU, Denmark), Matteo Lambrughi (DCI, Denmark)"
GATA3,P23771,NP_002042,0,"Elena Papaleo (DCI, Denmark, DTU, Denmark), Pablo Sanchez-Izquierdo (DCI, Denmark, DTU, Denmark)"
ATG13,O75143,NP_001136145,2,"Mattia Utichi (DCI, Denmark, DTU, Denmark)"
AP2A1,O95782,NP_055018,2,"Elena Papaleo (DCI, Denmark, DTU, Denmark)"
FANCA,O15360,NP_000126,2,"Matteo Arnaudi (DCI, Denmark, DTU, Denmark)"
CLK3,P49761,NP_003983,2,"Kristine Degn (DTU, Denmark), Pablo Sanchez-Izquierdo (DTU, Denmark, DCI, Denmark)"
CDK4,P11802,NP_000066,2,"Jeremy Vinhas (DCI, Denmark), Matteo Tiberti (DCI, Denmark)"
CSNK1G1,Q9HCP0,NP_071331,1,"Philipp Becker (DTU, Denmark)"
CDK15,Q96Q40,NP_001248364,2,"Jeremy Vinhas (DCI, Denmark), Kristine Degn (DTU, Denmark)"
STAT3,P40763,NP_001356442,2,"Matteo Lambrughi (DCI, Denmark)"
ACVR1B,P36896,NP_004293,2,"Matteo Lambrughi (DCI, Denmark)"
BCL2A1,Q16548,NP_004040,2,"Matteo Lambrughi (DCI, Denmark)"
BOK,Q9UMX3,NP_115904,2,"Julie Bruun Brockhoff (DCI, Denmark, DTU, Denmark), Mattia Utichi (DCI, Denmark, DTU, Denmark)"
CCND3,P30281,NP_001751,2,"Jeremy Vinhas (DCI, Denmark), Matteo Tiberti (DCI, Denmark)"
CYB5R3,P00387,NP_000389,0,"Elena Papaleo (DCI, Denmark, DTU, Denmark), Pablo Sanchez-Izquierdo (DTU, Denmark, DCI, Denmark)"
MAP1LC3B,Q9GZQ8,NP_073729,3,"Elena Papaleo (DCI, Denmark, DTU, Denmark), Mattia Utichi (DCI, Denmark, DTU, Denmark)"
BCL2L10,Q07817,NP_065129,2,"Elena Papaleo (DCI, Denmark, DTU, Denmark), Simone Scrima (DCI, Denmark, DTU, Denmark)"
COQ8A,Q8NI60,NP_064632,2,"Elena Papaleo (DCI, Denmark, DTU, Denmark), Matteo Lambrughi (DCI, Denmark)"
SMPD1,P17405,NP_000534,0,"Simone Scrima (DCI, Denmark, DTU, Denmark)"
PTPN6,P29350,NP_002822,0,"Elena Papaleo (DCI, Denmark, DTU, Denmark)"
PPIA,P62937,NP_001287910,3,"Elena Papaleo (DCI, Denmark, DTU, Denmark)"
CALCOCO2,Q13137,NP_005822,2,"Laura Mattioli (DCRC, Denmark), Mattia Utichi (DCRC, Denmark, DTU, Denmark)"
ATR,Q13535,NP_001175,2,"Pablo Sanchez-Izquierdo (DTU, Denmark, DCI, Denmark)"
VASH1,Q7L8A9,NP_055724,0,"Matteo Tiberti (DCI, Denmark)"
BRAF,P15056,NP_004324,2,"Ludovica Beltrame (DTU, Denmark)"
TRAP1,Q12931,NP_057376,2,"Matteo Lambrughi (DCI, Denmark)"
BRD3,Q15059,NP_031397,2,"Kristine Degn (DTU, Denmark)"
BCL2,P10415,NP_000624,2,"Elena Papaleo (DCI, Denmark, DTU, Denmark)"
CYB5A,P00167,NP_001177736,2,"Elena Papaleo (DCI, Denmark, DTU, Denmark)"
RAD51C,O43502,NP_478123,2,"Matteo Arnaudi (DCI, Denmark, DTU, Denmark)"
KEAP1,Q14145,NP_036421,2,"Elena Papaleo (DCI, Denmark, DTU, Denmark), Mattia Utichi (DCI, Denmark, DTU, Denmark)"
GRIN2A,Q12879,NP_000824,2,"Matteo Arnaudi (DCI, Denmark, DTU, Denmark)"
ACVR2A,P27037,NP_001265508,2,"Matteo Lambrughi (DCI, Denmark)"
MZF1,P28698,NP_932172,2,"Elena Papaleo (DCI, Denmark, DTU, Denmark)"
DICER1,Q9UPY3,NP_085124,0,"Matteo Tiberti (DCI, Denmark)"
TINF2,Q9BSI4,NP_001092744,2,"Elena Papaleo (DCI, Denmark, DTU, Denmark), Matteo Lambrughi (DCI, Denmark)"
ALPK3,Q96L96,NP_065829,2,"Elena Papaleo (DCI, Denmark, DTU, Denmark), Matteo Lambrughi (DCI, Denmark)"
ERN2,Q87MJ5,NP_150296,2,"Matteo Tiberti (DCI, Denmark)"
ADCK1,Q86TW2,NP_001136017,2,"Elena Papaleo (DCI, Denmark, DTU, Denmark)"
