Mutation,"Stability (FoldX5, alphafold, kcal/mol)","Stability (Rosetta Cartddg2020, alphafold, kcal/mol)","Stability (RaSP, alphafold, kcal/mol)","Stability classification, alphafold, (Rosetta, FoldX)","Stability classification, alphafold, (RaSP, FoldX)","Local Int. (Binding with DDB1_cryoEM, heterodimer, FoldX5, kcal/mol)","Local Int. (Binding with DDB1_cryoEM, heterodimer, Rosetta Talaris 2014, kcal/mol)",Local Int. classification (DDB1_cryoEM),Relative Side Chain Solvent Accessibility in wild-type,gnomAD genome allele frequency,gnomAD exome allele frequency,REVEL score,Mutation sources,PTMs,is site part of phospho-SLiM,PTM residue SASA (%),"Change in stability with PTM (FoldX5, kcal/mol)","Change in binding with PTM (FoldX5, kcal/mol)","Change in binding with mutation (FoldX5, kcal/mol)",PTM effect in regulation,PTM effect in stability,PTM effect in function,AlloSigma2 mutation type,AlloSigma2 predicted consequence - active sites,AlloSigma2 predicted consequence - cofactor sites,AlloSigma2 predicted consequence - pockets and interfaces,ClinVar Variation ID,ClinVar Interpretation,ClinVar Review Status,AlphaFold2 model pLDDT score,AlphaFold2 model secondary structure,DeMaSk delta fitness,DeMaSk Shannon entropy,DeMaSk log2 variant frequency,DeMaSk predicted consequence,GEMME Score,EVE score,EVE classification (25% Uncertain),AlphaMissense pathogenicity score,AlphaMissense classification,References
E6K,0.44836,0.67619,0.1526302761686643,Neutral,Neutral,-1.69632,0.08397,Uncertain,83.2,,,0.340,COSMIC,,False,83.2,,,,neutral,neutral,neutral,UP,neutral,neutral,neutral,,,,48.33,-,-0.2368,1.1165,-21.6276,loss_of_function,-2.94815577408215,3.6026093809960046e-14,Benign,0.497,ambiguous,https://doi.org/10.1101/2022.10.22.513328
A9T,-0.52026,0.09014,-0.3028708581839451,Neutral,Neutral,0.03726,-0.22388,Neutral,73.4,,,0.250,COSMIC,,False,73.4,,,,neutral,neutral,neutral,UP,neutral,neutral,neutral,,,,71.44,H,-0.2322,0.8311,-21.7389,loss_of_function,-2.79521781422351,0.0022528890861701,Benign,0.56,ambiguous,https://doi.org/10.1101/2022.10.22.513328
R11Q,-0.0447,-0.48401,0.1524903481919409,Neutral,Neutral,1.44608,0.70609,Uncertain,75.7,6.37104994903e-05,,0.373,"cBioPortal,clinvar",,False,75.7,,,,neutral,neutral,neutral,DOWN,neutral,neutral,destabilizing,2298372,Uncertain significance,1,66.01,H,-0.2335,0.6723,-4.7508,loss_of_function,-1.09886410046461,1.10357070088278e-25,Benign,0.166,benign,https://doi.org/10.1101/2022.10.22.513328
R11W,0.20695,-0.18776,-0.5113129564315433,Neutral,Neutral,0.3188,0.62153,Neutral,75.7,,,0.619,"cBioPortal,COSMIC",,False,75.7,,,,neutral,neutral,neutral,UP,neutral,neutral,neutral,,,,66.01,H,-0.2852,0.6723,-6.4512,loss_of_function,-1.36509986792164,4.013294389722861e-06,Benign,0.5657,pathogenic,https://doi.org/10.1101/2022.10.22.513328
R16Q,-0.44465,-0.36054,0.659811275726257,Neutral,Neutral,0.12342,0.32559,Neutral,59.5,,,0.568,"cBioPortal,COSMIC",,False,59.5,,,,neutral,neutral,neutral,DOWN,neutral,neutral,neutral,,,,63.85,H,-0.382,0.0001,-21.7389,loss_of_function,-6.3242988319587,0.9341250718275502,Pathogenic,0.8455,pathogenic,https://doi.org/10.1101/2022.10.22.513328
R18Q,0.15752,0.38571,0.8426141807101373,Neutral,Neutral,1.236,0.57347,Uncertain,74.2,,1.19315605686e-05,0.286,cBioPortal,,False,74.2,,,,neutral,neutral,neutral,DOWN,neutral,neutral,neutral,,,,65.67,T,-0.293,0.1423,-6.8662,loss_of_function,-2.58607083634414,0.6180587355779622,Uncertain,0.2366,benign,https://doi.org/10.1101/2022.10.22.513328
R18W,0.1849,-0.25816,0.0009322376328135,Neutral,Neutral,-0.23668,-0.49373,Neutral,74.2,3.18511912346e-05,4.37525356583e-05,0.516,"cBioPortal,COSMIC",,False,74.2,,,,neutral,neutral,neutral,UP,neutral,neutral,neutral,,,,65.67,T,-0.4119,0.1423,-21.7389,loss_of_function,-5.68810992385599,0.870448097452673,Pathogenic,0.7138,pathogenic,https://doi.org/10.1101/2022.10.22.513328
R21Q,0.21139,-0.65782,0.4598799531325703,Neutral,Neutral,-0.22258,0.61471,Neutral,85.0,,1.1931086047e-05,0.101,cBioPortal,,False,85.0,,,,neutral,neutral,neutral,DOWN,neutral,neutral,neutral,,,,54.2,-,-0.1781,1.1036,-1.6699,loss_of_function,-0.243954879667199,4.452640897053692e-20,Benign,0.0753,benign,https://doi.org/10.1101/2022.10.22.513328
M23I,0.56979,-0.1966,0.0622703062140717,Neutral,Neutral,0.71434,-0.4386,Neutral,43.3,,,0.088,cBioPortal,,False,43.3,,,,neutral,neutral,neutral,-,uncertain,uncertain,uncertain,,,,52.02,T,-0.0802,1.8299,-8.4469,loss_of_function,-1.75779950365367,2.898259499635952e-19,Benign,0.1709,benign,https://doi.org/10.1101/2022.10.22.513328
M23V,1.03908,-0.37041,0.1679691127977217,Neutral,Neutral,0.4022,0.20351,Neutral,43.3,,7.9539308326e-06,0.032,cBioPortal,,False,43.3,,,,neutral,neutral,neutral,DOWN,neutral,neutral,stabilizing,,,,52.02,T,-0.1005,1.8299,-6.1251,loss_of_function,-0.561596460137906,5.421168557204591e-22,Benign,0.0606,benign,https://doi.org/10.1101/2022.10.22.513328
Q26R,0.27848,0.27619,-0.366995578273358,Neutral,Neutral,-0.14592,0.46403,Neutral,26.6,,,0.434,"cBioPortal,COSMIC",,True,26.6,,,,neutral,neutral,neutral,UP,neutral,neutral,neutral,,,,77.47,H,-0.229,0.3501,-8.4511,loss_of_function,-3.59338872241139,0.7009822096282766,Pathogenic,0.2366,benign,https://doi.org/10.1101/2022.10.22.513328
R27Q,-0.04421,-0.31667,0.4853969583594375,Neutral,Neutral,-0.28282,0.03265,Neutral,48.4,,,,clinvar,,True,48.4,,,,neutral,neutral,neutral,DOWN,neutral,neutral,destabilizing,2345873,Uncertain significance,1,81.37,H,-0.3768,0.0566,-21.7389,loss_of_function,-2.84549072269529,0.6229707799975029,Uncertain,0.1656,benign,https://doi.org/10.1101/2022.10.22.513328
R27W,-0.03297,-0.54932,-0.4873925234869114,Neutral,Neutral,-0.37718,-0.32702,Neutral,48.4,,1.19340286894e-05,0.625,COSMIC,,True,48.4,,,,neutral,neutral,neutral,UP,neutral,neutral,stabilizing,,,,81.37,H,-0.4198,0.0566,-21.7389,loss_of_function,-5.80893933786921,0.8804702497163368,Pathogenic,0.4517,ambiguous,https://doi.org/10.1101/2022.10.22.513328
E31K,-0.37182,2.11224,0.9779248710132196,Uncertain,Neutral,-0.74756,0.10623,Neutral,22.1,,,0.239,cBioPortal,,True,22.1,,,,neutral,neutral,neutral,UP,neutral,neutral,stabilizing,,,,85.15,H,-0.2232,1.2703,-21.7389,loss_of_function,-3.52785072208629,1.25450429900848e-10,Benign,0.4842,ambiguous,https://doi.org/10.1101/2022.10.22.513328
V33L,-0.60192,-0.66837,-0.3593692299307294,Neutral,Neutral,-0.13854,-0.57116,Neutral,55.7,,,,cBioPortal,,True,55.7,,,,neutral,neutral,neutral,UP,neutral,neutral,neutral,,,,87.12,H,-0.3444,0.0509,-21.7389,loss_of_function,-3.85648980668355,0.942800166615106,Pathogenic,0.9376,pathogenic,https://doi.org/10.1101/2022.10.22.513328
E34D,1.3808,0.86156,2.583161062487962,Neutral,Uncertain,0.46906,-0.18489,Neutral,7.3,,,0.438,"cBioPortal,COSMIC",,True,7.3,,,,neutral,neutral,neutral,DOWN,neutral,neutral,neutral,,,,87.61,H,-0.2838,0.0001,-21.7389,loss_of_function,-3.85648980668355,0.77918613003774,Pathogenic,0.9655,pathogenic,https://doi.org/10.1101/2022.10.22.513328
D35H,1.51898,0.99456,0.2375479534091201,Neutral,Neutral,-1.06946,-0.2832,Uncertain,20.3,,,0.509,"cBioPortal,COSMIC",,True,20.3,,,,neutral,neutral,neutral,UP,neutral,neutral,stabilizing,,,,85.45,H,-0.281,0.8091,-21.7389,loss_of_function,-3.79301458286502,0.0021890852439477,Benign,0.9158,pathogenic,https://doi.org/10.1101/2022.10.22.513328
T37N,-1.39492,0.26633,0.2296656849568285,Neutral,Neutral,0.45164,0.21332,Neutral,27.8,,,0.351,cBioPortal,,False,27.8,,,,uncertain,,,-,uncertain,uncertain,uncertain,,,,81.16,H,-0.301,0.8136,-21.7389,loss_of_function,-3.97849986708361,0.1871597703411044,Benign,0.8005,pathogenic,https://doi.org/10.1101/2022.10.22.513328
R38M,-1.7197,0.77143,-0.1121182650638624,Neutral,Neutral,1.29022,0.39266,Uncertain,18.5,,,,cBioPortal,,False,18.5,,,,neutral,neutral,neutral,DOWN,neutral,neutral,destabilizing,,,,76.11,T,-0.356,0.2136,-21.7389,loss_of_function,-4.82965628642277,0.8166935411252172,Pathogenic,0.8616,pathogenic,https://doi.org/10.1101/2022.10.22.513328
R38Q,0.36813,0.23946,0.7532410148109994,Neutral,Neutral,0.93978,0.32382,Neutral,18.5,,3.9785793289e-06,0.386,"cBioPortal,COSMIC",,False,18.5,,,,neutral,neutral,neutral,DOWN,neutral,neutral,destabilizing,,,,76.11,T,-0.2793,0.2136,-5.4512,loss_of_function,-1.8361846742762,1.93796901899475e-05,Benign,0.2577,benign,https://doi.org/10.1101/2022.10.22.513328
R38W,2.89644,0.36224,-0.2065202305060243,Uncertain,Uncertain,0.81358,0.19953,Neutral,18.5,,,0.465,"cBioPortal,COSMIC",,False,18.5,,,,neutral,neutral,neutral,UP,neutral,neutral,neutral,,,,76.11,T,-0.3376,0.2136,-8.4511,loss_of_function,-2.47894172742129,0.6167021704423603,Uncertain,0.7009,pathogenic,https://doi.org/10.1101/2022.10.22.513328
G44D,3.36832,-0.4034,-0.1316269954449128,Uncertain,Uncertain,,,,1.4,,,0.453,"cBioPortal,COSMIC",,True,1.4,,,,neutral,neutral,neutral,UP,neutral,neutral,destabilizing,,,,87.48,E,-0.3581,0.906,-21.7472,loss_of_function,-4.29096527912449,5.2823469730719106e-09,Benign,0.8678,pathogenic,https://doi.org/10.1101/2022.10.22.513328
K45N,0.5856,0.07041,0.0019565637156765,Neutral,Neutral,0.02798,-0.14913,Neutral,37.7,,,0.171,COSMIC,,True,37.7,,,,neutral,neutral,neutral,DOWN,neutral,neutral,neutral,,,,89.47,E,-0.2542,0.914,-21.7553,loss_of_function,-3.01296169475685,5.28403749929585e-12,Benign,0.7324,pathogenic,https://doi.org/10.1101/2022.10.22.513328
R46K,-0.35655,0.52551,0.5910359169341212,Neutral,Neutral,0.05664,0.24011,Neutral,46.5,,,0.122,"cBioPortal,COSMIC",,False,46.5,,,,neutral,neutral,neutral,-,uncertain,uncertain,uncertain,,,,90.98,E,-0.0935,1.0804,-1.2388,loss_of_function,-0.217530979900058,5.886556321811591e-69,Benign,0.0837,benign,https://doi.org/10.1101/2022.10.22.513328
P50R,1.87462,0.99082,-0.6007318044919346,Neutral,Neutral,,,Uncertain,45.1,,,0.502,cBioPortal,,True,45.1,,,,neutral,neutral,neutral,UP,neutral,neutral,destabilizing,,,,90.48,S,-0.3924,0.0283,-21.743,loss_of_function,-6.32533228547027,0.8670191190156752,Pathogenic,0.9795,pathogenic,https://doi.org/10.1101/2022.10.22.513328
D51N,0.51956,0.91327,-0.0869444443057165,Neutral,Neutral,,,Uncertain,63.7,6.42467073562e-05,2.07705025631e-05,0.277,"cBioPortal,COSMIC",,True,63.7,,,,neutral,neutral,neutral,-,uncertain,uncertain,uncertain,,,,88.53,S,-0.2424,0.0283,-8.4552,loss_of_function,-3.85648980668355,0.5319206356089856,Uncertain,0.7486,pathogenic,https://doi.org/10.1101/2022.10.22.513328
S52N,-0.10622,-0.55136,-0.106348797306689,Neutral,Neutral,,,Uncertain,104.0,,,,cBioPortal,P,True,104.0,0.188,,,damaging,neutral,potentially_damaging,UP,neutral,neutral,neutral,,,,88.46,-,-0.1813,0.3388,-4.5484,loss_of_function,-1.62324523983899,5.26605990481679e-07,Benign,0.1925,benign,https://doi.org/10.1101/2022.10.22.513328
P53A,2.13035,1.58537,0.5193888155642609,Uncertain,Uncertain,,,,3.9,,,0.433,COSMIC,,True,3.9,,,,neutral,neutral,neutral,DOWN,neutral,neutral,destabilizing,,,,88.66,-,-0.3251,0.0001,-21.743,loss_of_function,-6.32533228547027,0.943454646224526,Pathogenic,0.9116,pathogenic,https://doi.org/10.1101/2022.10.22.513328
R54C,1.42276,0.82109,0.8974954499317797,Neutral,Neutral,,,Uncertain,93.9,,8.1932291155e-06,0.607,COSMIC,,True,93.9,,,,neutral,neutral,neutral,DOWN,neutral,neutral,destabilizing,,,,86.78,S,-0.411,0.0565,-21.743,loss_of_function,-5.62332815610366,0.9413105942679408,Pathogenic,0.9847,pathogenic,https://doi.org/10.1101/2022.10.22.513328
R54H,1.35384,-0.08333,-0.1691362055102896,Neutral,Neutral,,,Uncertain,93.9,,,0.542,"cBioPortal,COSMIC",,True,93.9,,,,neutral,neutral,neutral,DOWN,neutral,neutral,destabilizing,,,,86.78,S,-0.3041,0.0565,-8.4552,loss_of_function,-6.09888257374223,0.8648857214300854,Pathogenic,0.9603,pathogenic,https://doi.org/10.1101/2022.10.22.513328
S55P,3.28077,6.23333,1.291923548132208,Destabilizing,Uncertain,,,Uncertain,20.3,,,0.698,cBioPortal,,True,20.3,,,,uncertain,,,UP,neutral,neutral,destabilizing,,,,87.99,-,-0.4217,0.1063,-21.7553,loss_of_function,-6.10021347744851,0.935865126727032,Pathogenic,0.9978,pathogenic,https://doi.org/10.1101/2022.10.22.513328
S55Y,1.32654,-0.33503,-0.7577059925459906,Neutral,Neutral,,,Uncertain,20.3,,,0.575,"cBioPortal,COSMIC",,True,20.3,,,,uncertain,,,UP,neutral,neutral,destabilizing,,,,87.99,-,-0.3511,0.1063,-21.7553,loss_of_function,-6.10021347744851,0.935790826103546,Pathogenic,0.9964,pathogenic,https://doi.org/10.1101/2022.10.22.513328
T56A,0.41849,1.16871,1.1374546240706087,Neutral,Neutral,,,,0.2,,,0.516,"cBioPortal,COSMIC",,True,0.2,,,,uncertain,,,DOWN,neutral,neutral,neutral,,,,91.16,E,-0.308,0.1343,-21.7553,loss_of_function,-3.71943956164171,0.942202638475282,Pathogenic,0.9569,pathogenic,https://doi.org/10.1101/2022.10.22.513328
L58V,2.95665,3.22721,1.65433236800617,Uncertain,Uncertain,,,,10.6,,,0.255,"cBioPortal,COSMIC",,True,10.6,,,,neutral,neutral,neutral,DOWN,neutral,neutral,destabilizing,,,,92.84,E,-0.3202,0.0784,-21.7553,loss_of_function,-3.85648980668355,0.9219088176458224,Pathogenic,0.8942,pathogenic,https://doi.org/10.1101/2022.10.22.513328
P63L,0.52727,1.82075,-1.0007070278065304,Neutral,Neutral,-0.27102,-0.1444,Neutral,40.4,,,0.587,COSMIC,,True,40.4,,,,neutral,neutral,neutral,UP,neutral,neutral,stabilizing,,,,87.13,T,-0.3713,0.0283,-21.743,loss_of_function,-6.32464365021159,0.943545710502709,Pathogenic,0.9635,pathogenic,https://doi.org/10.1101/2022.10.22.513328
P63S,1.46759,1.03197,-0.0085838526230197,Neutral,Neutral,-1.40266,0.14161,Uncertain,40.4,,0.0,0.553,"cBioPortal,COSMIC",,True,40.4,,,,neutral,neutral,neutral,DOWN,neutral,neutral,destabilizing,,,,87.13,T,-0.3222,0.0283,-21.743,loss_of_function,-6.32464365021159,0.9327574367614416,Pathogenic,0.9097,pathogenic,https://doi.org/10.1101/2022.10.22.513328
L68F,4.33954,0.89524,1.4435216504570043,Uncertain,Uncertain,0.05188,-0.11714,Neutral,0.8,,,0.198,cBioPortal,,False,0.8,,,,neutral,neutral,neutral,UP,neutral,neutral,neutral,,,,95.67,E,-0.247,1.1248,-21.7635,loss_of_function,-4.20661750747885,1.1998283449397058e-13,Benign,0.6861,pathogenic,https://doi.org/10.1101/2022.10.22.513328
S70C,-1.10174,0.41803,0.2558826840364975,Neutral,Neutral,,,,1.3,,,0.710,"cBioPortal,COSMIC",,False,1.3,,,,uncertain,,,UP,neutral,neutral,neutral,,,,96.67,E,-0.3285,0.0001,-21.7553,loss_of_function,-3.85648980668355,0.919251584885144,Pathogenic,0.9116,pathogenic,https://doi.org/10.1101/2022.10.22.513328
S70F,7.44578,-0.13741,-0.4908215556920114,Uncertain,Uncertain,,,,1.3,,,0.710,cBioPortal,,False,1.3,,,,uncertain,,,UP,neutral,neutral,neutral,,,,96.67,E,-0.3561,0.0001,-21.7553,loss_of_function,-6.32807357071595,0.827863754357174,Pathogenic,0.999,pathogenic,https://doi.org/10.1101/2022.10.22.513328
S70P,4.4123,2.47585,2.865294299942959,Uncertain,Uncertain,,,,1.3,,,0.789,cBioPortal,,False,1.3,,,,uncertain,,,UP,neutral,neutral,neutral,,,,96.67,E,-0.4315,0.0001,-21.7553,loss_of_function,-6.32807357071595,0.8677990996730538,Pathogenic,0.9997,pathogenic,https://doi.org/10.1101/2022.10.22.513328
T71S,-0.11657,1.40034,1.7927219087491142,Neutral,Neutral,,,,0.7,,,0.278,cBioPortal,,False,0.7,,,,neutral,,,DOWN,neutral,neutral,neutral,,,,95.0,E,-0.2137,0.028,-8.4715,loss_of_function,-3.85648980668355,0.9360369964962784,Pathogenic,0.7325,pathogenic,https://doi.org/10.1101/2022.10.22.513328
N76T,-2.13416,0.2534,0.0539537910386567,Uncertain,Uncertain,,,,17.2,,,0.384,"cBioPortal,COSMIC",,False,17.2,,,,neutral,neutral,neutral,-,uncertain,uncertain,uncertain,,,,95.17,-,-0.3459,0.0001,-21.7635,loss_of_function,-3.41168715229853,0.9386908943181586,Pathogenic,0.9312,pathogenic,https://doi.org/10.1101/2022.10.22.513328
Y78C,2.72193,3.42789,3.6603392820505474,Uncertain,Uncertain,,,,1.1,6.37755102041e-05,0.0001920660707283,0.515,cBioPortal,,True,1.1,,,,uncertain,,,DOWN,neutral,neutral,neutral,,,,97.29,E,-0.4126,0.0836,-21.7635,loss_of_function,-6.32773206324852,0.8029058033601051,Pathogenic,0.9209,pathogenic,https://doi.org/10.1101/2022.10.22.513328
T80M,-2.65429,-0.3966,-0.4500333150648544,Uncertain,Uncertain,0.00188,0.01081,Neutral,3.2,,7.9952028783e-06,0.563,"cBioPortal,COSMIC,clinvar",,True,3.2,,,,uncertain,,,UP,neutral,neutral,stabilizing,869202,Uncertain significance,0,96.27,E,-0.36,0.0559,-21.7594,loss_of_function,-5.93629364420425,0.9423643014114124,Pathogenic,0.7791,pathogenic,https://doi.org/10.1101/2022.10.22.513328
S90F,-1.01618,-0.83878,-0.6911983013178263,Neutral,Neutral,,,,18.5,,,0.633,"cBioPortal,COSMIC",,False,18.5,,,,uncertain,,,UP,neutral,neutral,neutral,,,,94.68,E,-0.3561,0.0001,-21.7635,loss_of_function,-6.32807357071595,0.9088385299172173,Pathogenic,0.9596,pathogenic,https://doi.org/10.1101/2022.10.22.513328
I92L,0.57693,-0.33163,0.2365993118195952,Neutral,Neutral,,,Uncertain,61.4,,3.9829212337e-06,0.070,cBioPortal,,False,61.4,,,,neutral,neutral,neutral,-,uncertain,uncertain,uncertain,,,,94.01,-,-0.1442,1.0546,-8.4756,loss_of_function,-3.05023535879503,4.455803044958989e-19,Benign,0.2164,benign,https://doi.org/10.1101/2022.10.22.513328
G93R,4.72577,0.65714,2.5728439627123776,Uncertain,Uncertain,,,Uncertain,59.5,,,0.827,cBioPortal,,False,59.5,,,,neutral,neutral,neutral,UP,neutral,neutral,neutral,,,,90.0,-,-0.4552,0.028,-21.7635,loss_of_function,-6.32807357071595,0.8465698104554469,Pathogenic,0.9991,pathogenic,https://doi.org/10.1101/2022.10.22.513328
R95H,1.19292,0.69422,0.2127852956679038,Neutral,Neutral,,,Uncertain,39.1,,,0.204,"cBioPortal,COSMIC,clinvar",,True,39.1,,,,neutral,neutral,neutral,DOWN,neutral,neutral,stabilizing,2220299,Uncertain significance,1,92.36,S,-0.3068,0.028,-8.4756,loss_of_function,-6.32807357071595,0.9424647736557612,Pathogenic,0.7441,pathogenic,https://doi.org/10.1101/2022.10.22.513328
R96C,0.48008,0.38673,0.9456392276176696,Neutral,Neutral,,,Uncertain,54.9,,3.9818745072e-06,0.492,"cBioPortal,COSMIC",,True,54.9,,,,neutral,neutral,neutral,DOWN,neutral,neutral,neutral,,,,92.62,S,-0.3408,0.0836,-8.4756,loss_of_function,-6.32773206324852,0.9436392387102824,Pathogenic,0.9895,pathogenic,https://doi.org/10.1101/2022.10.22.513328
R96L,-0.1445,-0.22109,-0.0899663914289367,Neutral,Neutral,,,Uncertain,54.9,,,0.622,"cBioPortal,COSMIC",,True,54.9,,,,neutral,neutral,neutral,DOWN,neutral,neutral,neutral,,,,92.62,S,-0.4022,0.0836,-21.7635,loss_of_function,-6.32773206324852,0.9363327133274896,Pathogenic,0.9945,pathogenic,https://doi.org/10.1101/2022.10.22.513328
T97I,-0.74696,-0.93163,-0.8064958424856677,Neutral,Neutral,,,Uncertain,22.8,,,0.548,"cBioPortal,COSMIC",,True,22.8,,,,uncertain,,,UP,neutral,neutral,neutral,,,,90.72,-,-0.3462,0.0001,-21.7594,loss_of_function,-6.32807357071595,0.941917723325544,Pathogenic,0.9968,pathogenic,https://doi.org/10.1101/2022.10.22.513328
C100Y,4.68769,7.76599,-0.5195558522150373,Destabilizing,Uncertain,,,,6.7,,,0.690,cBioPortal,,False,6.7,,,,neutral,neutral,neutral,UP,neutral,neutral,neutral,,,,94.89,E,-0.4933,0.0001,-21.7594,loss_of_function,-6.32807357071595,0.9051892552285772,Pathogenic,0.9983,pathogenic,https://doi.org/10.1101/2022.10.22.513328
H104Y,0.66661,3.33027,0.0123639494897953,Uncertain,Neutral,0.06224,0.71683,Neutral,4.2,,,0.658,COSMIC,,False,4.2,,,,neutral,neutral,neutral,UP,neutral,neutral,neutral,,,,94.26,-,-0.2638,0.028,-21.7594,loss_of_function,-3.85648980668355,0.9377009844552524,Pathogenic,0.9823,pathogenic,https://doi.org/10.1101/2022.10.22.513328
P105L,1.21139,-0.3949,-1.018557132344277,Neutral,Neutral,-0.36932,-0.05907,Neutral,36.9,,,0.752,"cBioPortal,COSMIC",,False,36.9,,,,neutral,neutral,neutral,UP,neutral,neutral,stabilizing,,,,90.9,S,-0.374,0.0001,-21.7594,loss_of_function,-6.32807357071595,0.944110943351768,Pathogenic,0.994,pathogenic,https://doi.org/10.1101/2022.10.22.513328
I107L,0.30915,0.28741,0.3358238492492921,Neutral,Neutral,-0.0194,-0.15548,Neutral,62.7,,,0.280,COSMIC,,False,62.7,,,,neutral,neutral,neutral,-,uncertain,uncertain,uncertain,,,,89.17,S,-0.309,0.0001,-21.7594,loss_of_function,-3.85648980668355,0.934815420164122,Pathogenic,0.4809,ambiguous,https://doi.org/10.1101/2022.10.22.513328
I107V,0.68347,0.43912,0.3088847718603948,Neutral,Neutral,0.03296,-0.06391,Neutral,62.7,,,0.247,"cBioPortal,COSMIC",,False,62.7,,,,neutral,neutral,neutral,DOWN,neutral,neutral,neutral,,,,89.17,S,-0.2692,0.0001,-21.7594,loss_of_function,-1.4243232859742,0.9219088176458224,Pathogenic,0.2243,benign,https://doi.org/10.1101/2022.10.22.513328
L110F,1.42453,0.61122,0.5974817929796824,Neutral,Neutral,-0.0022,-0.1488,Neutral,18.5,,,0.421,"cBioPortal,COSMIC",,False,18.5,,,,neutral,neutral,neutral,UP,neutral,neutral,neutral,,,,93.32,E,-0.3505,0.0001,-21.7594,loss_of_function,-6.32807357071595,0.8758157535894691,Pathogenic,0.9668,pathogenic,https://doi.org/10.1101/2022.10.22.513328
L110R,1.44506,1.37041,1.6009194347940607,Neutral,Neutral,0.02016,0.02357,Neutral,18.5,,,0.684,"cBioPortal,COSMIC",,False,18.5,,,,neutral,neutral,neutral,UP,neutral,neutral,neutral,,,,93.32,E,-0.4972,0.0001,-21.7594,loss_of_function,-6.32807357071595,0.943988744036344,Pathogenic,0.9932,pathogenic,https://doi.org/10.1101/2022.10.22.513328
C115F,17.83024,3.96531,-0.0594338159461504,Destabilizing,Uncertain,,,,0.0,,,0.634,"cBioPortal,COSMIC",,False,0.0,,,,neutral,neutral,neutral,UP,neutral,neutral,neutral,,,,94.32,E,-0.484,0.0001,-21.7553,loss_of_function,-5.94772656147449,0.9121199580560088,Pathogenic,0.9973,pathogenic,https://doi.org/10.1101/2022.10.22.513328
L116P,-0.30916,0.97211,4.730981478062723,Neutral,Uncertain,,,Uncertain,45.3,,,0.681,"cBioPortal,COSMIC",,False,45.3,,,,neutral,neutral,neutral,DOWN,neutral,neutral,neutral,,,,92.17,T,-0.4301,0.028,-8.4715,loss_of_function,-5.92922442093867,0.9143684010548854,Pathogenic,0.9974,pathogenic,https://doi.org/10.1101/2022.10.22.513328
E119K,0.5822,4.16531,2.1308243716464337,Uncertain,Uncertain,,,,1.1,,,0.450,"cBioPortal,COSMIC",,False,1.1,,,,neutral,neutral,neutral,UP,neutral,neutral,neutral,,,,96.03,E,-0.3351,0.0558,-21.7635,loss_of_function,-5.92922442093867,0.9080581956680114,Pathogenic,0.993,pathogenic,https://doi.org/10.1101/2022.10.22.513328
V120I,-1.27187,0.82891,-0.2975175849083572,Neutral,Neutral,,,,0.8,,,0.215,cBioPortal,,False,0.8,,,,neutral,neutral,neutral,UP,neutral,neutral,neutral,,,,96.95,E,-0.2841,0.0001,-21.7594,loss_of_function,-3.85648980668355,0.919101226607218,Pathogenic,0.3554,ambiguous,https://doi.org/10.1101/2022.10.22.513328
D124Y,-2.24804,-1.56088,0.803336397649709,Uncertain,Uncertain,,,Uncertain,30.2,,,0.669,COSMIC,,False,30.2,,,,neutral,neutral,neutral,UP,neutral,neutral,neutral,,,,92.39,E,-0.3861,0.0559,-21.7594,loss_of_function,-5.92922442093867,0.8542798188230896,Pathogenic,0.9964,pathogenic,https://doi.org/10.1101/2022.10.22.513328
G127S,1.78523,1.41769,1.405343460371235,Neutral,Neutral,,,Uncertain,91.1,,,0.368,cBioPortal,,False,91.1,,,,neutral,neutral,neutral,UP,neutral,neutral,neutral,,,,79.03,S,-0.3871,0.0001,-21.7594,loss_of_function,-6.32943633100372,0.9440336057382536,Pathogenic,0.9387,pathogenic,https://doi.org/10.1101/2022.10.22.513328
G128V,5.21371,5.59932,3.118446448093042,Destabilizing,Destabilizing,,,Uncertain,108.9,,,0.633,"cBioPortal,COSMIC",,False,108.9,,,,neutral,neutral,neutral,UP,neutral,neutral,neutral,,,,79.38,-,-0.468,0.0001,-21.7594,loss_of_function,-6.32943633100372,0.9255139653856416,Pathogenic,0.9836,pathogenic,https://doi.org/10.1101/2022.10.22.513328
D135Y,-0.15762,-0.8534,-0.39551044758667,Neutral,Neutral,,,Uncertain,105.4,,,0.517,"cBioPortal,COSMIC",,False,105.4,,,,neutral,neutral,neutral,UP,neutral,neutral,neutral,,,,87.9,T,-0.3097,0.8865,-21.7594,loss_of_function,-4.78337968334964,4.5328019757573467e-08,Benign,0.6878,pathogenic,https://doi.org/10.1101/2022.10.22.513328
S136R,0.32549,-0.47415,-0.3523459846300164,Neutral,Neutral,,,Uncertain,75.2,,,0.337,"cBioPortal,COSMIC",,False,75.2,,,,uncertain,,,UP,neutral,neutral,neutral,,,,87.08,T,-0.3437,0.3064,-21.7594,loss_of_function,-5.73233092263412,0.8335976952453189,Pathogenic,0.832,pathogenic,https://doi.org/10.1101/2022.10.22.513328
I140F,3.73693,2.74252,1.704021240446732,Uncertain,Uncertain,,,,0.0,,,0.630,cBioPortal,,True,0.0,,,,neutral,neutral,neutral,UP,neutral,neutral,neutral,,,,95.85,-,-0.3822,0.028,-21.7594,loss_of_function,-6.32943633100372,0.941151269409716,Pathogenic,0.9776,pathogenic,https://doi.org/10.1101/2022.10.22.513328
S142F,5.22522,4.07585,-1.1515522188761729,Destabilizing,Uncertain,,,,1.6,,,0.649,"cBioPortal,COSMIC",,True,1.6,,,,uncertain,,,UP,neutral,neutral,neutral,,,,96.57,E,-0.3561,0.0001,-21.7594,loss_of_function,-6.32943633100372,0.929056832277728,Pathogenic,0.9944,pathogenic,https://doi.org/10.1101/2022.10.22.513328
L143M,-0.40609,1.79354,1.4814053420751945,Neutral,Neutral,,,,1.1,,,0.375,"cBioPortal,COSMIC",,True,1.1,,,,neutral,neutral,neutral,-,uncertain,uncertain,uncertain,,,,97.51,E,-0.3145,0.0001,-21.7594,loss_of_function,-3.85648980668355,0.9184806848697188,Pathogenic,0.709,pathogenic,https://doi.org/10.1101/2022.10.22.513328
L143V,2.2738,2.17585,2.5328942486020694,Uncertain,Uncertain,,,,1.1,,,0.312,"cBioPortal,COSMIC",,True,1.1,,,,neutral,neutral,neutral,DOWN,neutral,neutral,destabilizing,,,,97.51,E,-0.3274,0.0001,-21.7594,loss_of_function,-3.85648980668355,0.9161069928602128,Pathogenic,0.5422,ambiguous,https://doi.org/10.1101/2022.10.22.513328
A144V,-0.24523,-0.29762,-0.6862714155975547,Neutral,Neutral,,,,9.1,,,,clinvar,,True,9.1,,,,neutral,neutral,neutral,UP,neutral,neutral,neutral,691340,Uncertain significance,0,97.07,E,-0.296,0.1069,-21.7594,loss_of_function,-5.4346880777343,0.9029528794830126,Pathogenic,0.7867,pathogenic,https://doi.org/10.1101/2022.10.22.513328
H146P,6.15251,5.28605,6.918597450761976,Destabilizing,Destabilizing,0.49784,0.6891,Neutral,3.8,,,0.767,"cBioPortal,COSMIC",,True,3.8,,,,neutral,neutral,neutral,DOWN,neutral,neutral,destabilizing,,,,94.95,-,-0.4578,0.0001,-21.7594,loss_of_function,-6.32943633100372,0.8593002981824465,Pathogenic,0.961,pathogenic,https://doi.org/10.1101/2022.10.22.513328
T148M,-0.11324,1.02415,-0.1130209258569231,Neutral,Neutral,-1.05218,-0.04754,Uncertain,85.5,3.1843077315e-05,3.57952511633e-05,0.580,"cBioPortal,COSMIC",,True,85.5,,,,uncertain,,,UP,neutral,neutral,neutral,,,,88.03,S,-0.271,0.157,-6.1497,loss_of_function,-2.31639847130096,0.0016421113138989,Benign,0.1169,benign,https://doi.org/10.1101/2022.10.22.513328
A149D,0.80096,1.22381,0.8493228144528999,Neutral,Neutral,-0.05086,0.3268,Neutral,46.1,,,0.256,"cBioPortal,COSMIC",,True,46.1,,,,neutral,neutral,neutral,UP,neutral,neutral,neutral,,,,88.49,S,-0.4075,0.1348,-21.7594,loss_of_function,-5.68369376528424,0.7673755558135178,Pathogenic,0.9642,pathogenic,https://doi.org/10.1101/2022.10.22.513328
A155V,-0.26273,-0.43605,0.0363475235356042,Neutral,Neutral,,,,0.0,,,0.662,cBioPortal,,True,0.0,,,,neutral,neutral,neutral,UP,neutral,neutral,neutral,,,,96.69,E,-0.3058,0.0001,-21.7594,loss_of_function,-6.32943633100372,0.9431866967214232,Pathogenic,0.9714,pathogenic,https://doi.org/10.1101/2022.10.22.513328
A157V,-0.76148,-1.13095,-0.2804204058048742,Neutral,Neutral,,,Uncertain,57.2,,,0.251,"cBioPortal,COSMIC",,True,57.2,,,,neutral,neutral,neutral,UP,neutral,neutral,stabilizing,,,,91.7,S,-0.2196,0.9368,-21.7553,loss_of_function,-4.29380661480268,3.1451971416161225e-07,Benign,0.2962,benign,https://doi.org/10.1101/2022.10.22.513328
N158S,1.04396,1.1068,1.2348810429218453,Neutral,Neutral,,,,11.4,6.37064407212e-05,8.74848889737e-05,0.097,"cBioPortal,clinvar",,True,11.4,,,,neutral,neutral,neutral,DOWN,neutral,neutral,neutral,2285400,Uncertain significance,1,94.34,S,-0.1902,0.2412,-5.2977,loss_of_function,-1.18716461410621,0.9352016131995564,Pathogenic,0.1046,benign,https://doi.org/10.1101/2022.10.22.513328
R167Q,1.06072,-0.38878,0.7256544221351388,Neutral,Neutral,,,Uncertain,77.0,,,0.378,COSMIC,,False,77.0,,,,neutral,neutral,neutral,DOWN,neutral,neutral,destabilizing,,,,87.97,S,-0.3821,0.0001,-21.7553,loss_of_function,-6.32943633100372,0.8938428515801002,Pathogenic,0.5283,ambiguous,https://doi.org/10.1101/2022.10.22.513328
R168W,0.5049,-0.54558,-0.2450584881014278,Neutral,Neutral,,,Uncertain,101.2,,3.9772817665e-06,0.338,"cBioPortal,COSMIC",,False,101.2,,,,neutral,neutral,neutral,UP,neutral,neutral,neutral,,,,86.61,S,-0.341,0.9147,-21.7553,loss_of_function,-3.48260072973025,9.858496044013952e-05,Benign,0.6153,pathogenic,https://doi.org/10.1101/2022.10.22.513328
P170S,4.21468,2.42143,0.9195910562082,Uncertain,Uncertain,,,,5.1,,,0.496,"cBioPortal,COSMIC",,True,5.1,,,,neutral,neutral,neutral,DOWN,neutral,neutral,neutral,,,,92.92,-,-0.3249,0.0001,-21.7553,loss_of_function,-6.32943633100372,0.9204557501897616,Pathogenic,0.9897,pathogenic,https://doi.org/10.1101/2022.10.22.513328
A172D,0.3532,0.13129,0.6398319264380892,Neutral,Neutral,,,Uncertain,33.3,,,0.213,COSMIC,,True,33.3,,,,neutral,neutral,neutral,UP,neutral,neutral,neutral,,,,94.31,E,-0.4074,0.1354,-21.7512,loss_of_function,-5.38470377901779,0.8464593846180339,Pathogenic,0.9938,pathogenic,https://doi.org/10.1101/2022.10.22.513328
A172V,-0.59393,2.71837,-0.0203017490600337,Uncertain,Neutral,,,Uncertain,33.3,,3.9776298099e-06,0.035,"cBioPortal,COSMIC",,True,33.3,,,,neutral,neutral,neutral,UP,neutral,neutral,neutral,,,,94.31,E,-0.2255,0.1354,-8.4634,loss_of_function,-4.29423541063293,0.7232553396237715,Pathogenic,0.6839,pathogenic,https://doi.org/10.1101/2022.10.22.513328
R182Q,-0.03416,0.39762,0.668999379131503,Neutral,Neutral,,,Uncertain,42.2,,,0.293,"cBioPortal,COSMIC",,True,42.2,,,,neutral,neutral,neutral,DOWN,neutral,neutral,neutral,,,,91.78,-,-0.3749,0.0784,-21.7553,loss_of_function,-6.27788422346232,0.9003721200553172,Pathogenic,0.8738,pathogenic,https://doi.org/10.1101/2022.10.22.513328
R184C,0.13874,-0.1398,1.4351484352469026,Neutral,Neutral,,,,8.6,,,,COSMIC,,True,8.6,,,,neutral,neutral,neutral,DOWN,neutral,neutral,destabilizing,,,,93.42,E,-0.3412,0.0784,-8.4675,loss_of_function,-6.12382738146769,0.9036911399861112,Pathogenic,0.9861,pathogenic,https://doi.org/10.1101/2022.10.22.513328
V186M,-0.14488,2.54524,1.4569970826365446,Uncertain,Neutral,,,,0.0,,,0.437,"cBioPortal,COSMIC",,False,0.0,,,,neutral,neutral,neutral,UP,neutral,neutral,neutral,,,,97.13,E,-0.351,0.0786,-21.7512,loss_of_function,-3.81051725613154,0.8888627042277801,Pathogenic,0.9277,pathogenic,https://doi.org/10.1101/2022.10.22.513328
D189Y,9.85047,3.79864,2.972574435800712,Destabilizing,Uncertain,1.09194,0.44252,Uncertain,12.8,,,0.604,COSMIC,,False,12.8,,,,neutral,neutral,neutral,UP,neutral,neutral,stabilizing,,,,94.16,-,-0.3865,0.0506,-21.7512,loss_of_function,-6.30482561322645,0.9401957031008612,Pathogenic,0.9921,pathogenic,https://doi.org/10.1101/2022.10.22.513328
G192V,8.31408,7.91803,3.427688903586408,Destabilizing,Destabilizing,0.68522,0.30503,Neutral,5.0,,,0.669,"cBioPortal,COSMIC",,False,5.0,,,,neutral,neutral,neutral,UP,neutral,neutral,neutral,,,,92.66,S,-0.4653,0.0283,-21.743,loss_of_function,-6.10023272117655,0.9439350997758704,Pathogenic,0.9994,pathogenic,https://doi.org/10.1101/2022.10.22.513328
Y194H,2.70048,1.69592,1.1186913534822214,Uncertain,Uncertain,0.36928,-0.56628,Neutral,40.3,,,0.241,COSMIC,,True,40.3,,,,uncertain,,,DOWN,neutral,neutral,destabilizing,,,,94.99,E,-0.2762,0.8807,-21.7512,loss_of_function,-2.54627211595132,0.0024549689668952,Benign,0.3874,ambiguous,https://doi.org/10.1101/2022.10.22.513328
P202L,1.24041,-1.01293,-0.8736563127726682,Neutral,Neutral,,,Uncertain,59.6,,,0.430,cBioPortal,,False,59.6,,,,neutral,neutral,neutral,UP,neutral,neutral,neutral,,,,75.04,-,-0.2867,0.1562,-7.4716,loss_of_function,-3.22550579589753,0.9364578938000178,Pathogenic,0.7097,pathogenic,https://doi.org/10.1101/2022.10.22.513328
L862P,4.45836,6.67075,7.908439143499084,Destabilizing,Destabilizing,,,,0.7,,,0.613,cBioPortal,,True,0.7,,,,neutral,neutral,neutral,DOWN,neutral,neutral,neutral,,,,96.43,E,-0.4959,0.0535,-21.8346,loss_of_function,-5.97415761855084,0.8748024606744402,Pathogenic,0.9994,pathogenic,https://doi.org/10.1101/2022.10.22.513328
W864R,3.43528,4.04422,3.942615757439997,Destabilizing,Destabilizing,,,,8.0,,,0.920,cBioPortal,,False,8.0,,,,neutral,neutral,neutral,DOWN,neutral,neutral,destabilizing,,,,95.95,E,-0.5534,0.0536,-21.8308,loss_of_function,-5.97449616056026,0.9404792729846227,Pathogenic,0.9975,pathogenic,https://doi.org/10.1101/2022.10.22.513328
P873H,2.44856,3.28197,0.1638313083549658,Uncertain,Uncertain,,,Uncertain,21.5,,,0.348,cBioPortal,,True,21.5,,,,neutral,neutral,neutral,UP,neutral,neutral,neutral,,,,93.72,-,-0.3619,0.0268,-21.8346,loss_of_function,-5.97449616056026,0.9219780851470734,Pathogenic,0.9983,pathogenic,https://doi.org/10.1101/2022.10.22.513328
A878T,0.81089,0.77619,0.7289900649225874,Neutral,Neutral,,,Uncertain,48.7,,,0.178,cBioPortal,,False,48.7,,,,neutral,neutral,neutral,UP,neutral,neutral,neutral,,,,91.84,T,-0.2856,0.2565,-21.8423,loss_of_function,-3.41107651029758,0.7384155676238897,Pathogenic,0.2645,benign,https://doi.org/10.1101/2022.10.22.513328
S879Y,0.54898,0.39694,-0.4087731670583666,Neutral,Neutral,,,Uncertain,83.6,,,0.388,cBioPortal,,False,83.6,,,,uncertain,,,UP,neutral,neutral,neutral,,,,91.59,T,-0.3433,0.1963,-21.8423,loss_of_function,-5.32026020784172,0.8107473341440731,Pathogenic,0.7074,pathogenic,https://doi.org/10.1101/2022.10.22.513328
V880M,-0.65119,1.16293,0.1470151861828739,Neutral,Neutral,,,Uncertain,58.1,3.1849162367e-05,5.41481660433e-05,0.070,cBioPortal,,False,58.1,,,,neutral,neutral,neutral,UP,neutral,neutral,neutral,,,,92.9,T,-0.209,0.6457,-4.1623,loss_of_function,-0.0053241282808516,0.4237382433750561,Uncertain,0.2053,benign,https://doi.org/10.1101/2022.10.22.513328
N891D,-0.21689,1.39932,0.3971755132000626,Neutral,Neutral,,,Uncertain,28.4,,,0.371,cBioPortal,,False,28.4,,,,neutral,neutral,neutral,-,uncertain,uncertain,uncertain,,,,85.54,S,-0.3276,0.0268,-21.8385,loss_of_function,-3.60450818526169,0.941847932574844,Pathogenic,0.9963,pathogenic,https://doi.org/10.1101/2022.10.22.513328
D892N,0.80485,1.3102,1.1031401532515257,Neutral,Neutral,,,Uncertain,28.0,,,0.214,cBioPortal,,False,28.0,,,,neutral,neutral,neutral,-,uncertain,uncertain,uncertain,,,,88.87,T,-0.3085,0.0533,-21.8423,loss_of_function,-3.60450818526169,0.9330909048996964,Pathogenic,0.9818,pathogenic,https://doi.org/10.1101/2022.10.22.513328
A893V,-0.4604,0.54796,-0.0338696936725096,Neutral,Neutral,,,,13.0,,,0.389,cBioPortal,,False,13.0,,,,neutral,neutral,neutral,UP,neutral,neutral,neutral,,,,91.89,T,-0.3014,0.0533,-21.8423,loss_of_function,-5.89825213504748,0.9423156703405252,Pathogenic,0.9873,pathogenic,https://doi.org/10.1101/2022.10.22.513328
D896G,-0.17625,2.88946,2.080041994023634,Uncertain,Uncertain,,,Uncertain,20.7,,,0.474,cBioPortal,,False,20.7,,,,neutral,neutral,neutral,DOWN,neutral,neutral,stabilizing,,,,96.09,E,-0.3553,0.0268,-21.8385,loss_of_function,-5.89825213504748,0.9441447469215904,Pathogenic,0.9867,pathogenic,https://doi.org/10.1101/2022.10.22.513328
G901D,8.13039,1.58571,1.7562825511144564,Uncertain,Uncertain,-0.2226,-0.22464,Neutral,13.2,,,0.496,cBioPortal,,False,13.2,,,,neutral,neutral,neutral,UP,neutral,neutral,neutral,,,,93.4,S,-0.4394,0.0268,-21.8385,loss_of_function,-5.89825213504748,0.8791232673997438,Pathogenic,0.9964,pathogenic,https://doi.org/10.1101/2022.10.22.513328
S910R,0.07686,0.31701,-0.6831214330003221,Neutral,Neutral,,,,16.1,,,0.194,cBioPortal,,False,16.1,,,,uncertain,,,UP,neutral,neutral,destabilizing,,,,75.83,-,-0.362,0.1119,-21.8385,loss_of_function,-5.72518150791972,0.9218278249027552,Pathogenic,0.9916,pathogenic,https://doi.org/10.1101/2022.10.22.513328
Q912H,0.48632,0.74592,-0.3255451393293856,Neutral,Neutral,,,Uncertain,58.9,,,0.126,cBioPortal,,False,58.9,,,,neutral,neutral,neutral,UP,neutral,neutral,neutral,,,,54.0,-,-0.2989,0.0001,-21.8346,loss_of_function,-5.89825213504748,0.8887024936388945,Pathogenic,0.6647,pathogenic,https://doi.org/10.1101/2022.10.22.513328
S925F,-1.09402,-0.14864,-0.198872058671593,Neutral,Neutral,0.2618,0.04715,Neutral,12.7,,,0.598,cBioPortal,,True,12.7,,,,uncertain,,,UP,neutral,neutral,neutral,,,,96.42,E,-0.354,0.0268,-21.8385,loss_of_function,-5.89825213504748,0.9412487950557328,Pathogenic,0.9986,pathogenic,https://doi.org/10.1101/2022.10.22.513328
E933K,-0.0129,-0.70714,0.355405289737698,Neutral,Neutral,,,Uncertain,44.6,,,0.363,cBioPortal,,False,44.6,,,,neutral,neutral,neutral,UP,neutral,neutral,neutral,,,,93.69,-,-0.3406,0.0001,-21.8346,loss_of_function,-5.89825213504748,0.8902666869858653,Pathogenic,0.9288,pathogenic,https://doi.org/10.1101/2022.10.22.513328
L935F,0.3628,1.54626,0.8193251162146198,Neutral,Neutral,,,,19.2,,,0.245,cBioPortal,,False,19.2,,,,neutral,neutral,neutral,UP,neutral,neutral,neutral,,,,94.78,E,-0.3509,0.0001,-21.8385,loss_of_function,-5.89825213504748,0.9436419976453572,Pathogenic,0.9629,pathogenic,https://doi.org/10.1101/2022.10.22.513328
G941C,1.89604,2.07687,1.0383706078058623,Uncertain,Neutral,,,Uncertain,55.6,,,0.476,cBioPortal,,False,55.6,,,,neutral,neutral,neutral,UP,neutral,neutral,neutral,,,,67.72,-,-0.4414,0.0001,-21.8385,loss_of_function,-5.89791684505435,0.8621653637683496,Pathogenic,0.9952,pathogenic,https://doi.org/10.1101/2022.10.22.513328
N943D,1.21269,1.1881,0.6738191555494022,Neutral,Neutral,,,Uncertain,38.5,,,0.291,cBioPortal,,False,38.5,,,,neutral,neutral,neutral,-,uncertain,uncertain,uncertain,,,,76.59,T,-0.33,0.0001,-21.8269,loss_of_function,-3.60450818526169,0.7967299918515667,Pathogenic,0.9855,pathogenic,https://doi.org/10.1101/2022.10.22.513328
N943I,-1.35487,-0.54082,-0.2193797755498722,Neutral,Neutral,,,Uncertain,38.5,,,,cBioPortal,,False,38.5,,,,neutral,neutral,neutral,UP,neutral,neutral,neutral,,,,76.59,T,-0.3771,0.0001,-21.8269,loss_of_function,-5.53067530320812,0.921349759691764,Pathogenic,0.9945,pathogenic,https://doi.org/10.1101/2022.10.22.513328
A944V,-0.10364,0.30952,-0.5246317065407563,Neutral,Neutral,,,,0.0,,,0.382,cBioPortal,,False,0.0,,,,neutral,neutral,neutral,UP,neutral,neutral,neutral,,,,85.79,E,-0.3062,0.0001,-21.8269,loss_of_function,-5.89690894130099,0.9384200368633112,Pathogenic,0.9743,pathogenic,https://doi.org/10.1101/2022.10.22.513328
S946L,-0.09451,1.84898,-0.5386405849245968,Neutral,Neutral,,,,4.2,,,0.529,cBioPortal,,False,4.2,,,,uncertain,,,UP,neutral,neutral,neutral,,,,92.08,E,-0.3558,0.0001,-21.8269,loss_of_function,-5.89589797245294,0.944078565577808,Pathogenic,0.9909,pathogenic,https://doi.org/10.1101/2022.10.22.513328
M952I,0.29965,1.28299,1.583711806297359,Neutral,Neutral,-0.30208,-0.22658,Neutral,19.6,,,0.355,cBioPortal,,True,19.6,,,,neutral,neutral,neutral,-,uncertain,uncertain,uncertain,,,,90.22,T,-0.2943,0.2452,-21.8308,loss_of_function,-3.30178327690979,0.7228889607775405,Pathogenic,0.8811,pathogenic,https://doi.org/10.1101/2022.10.22.513328
M952L,0.35071,0.00952,1.004952012135906,Neutral,Neutral,-0.02484,-0.02078,Neutral,19.6,,,0.347,cBioPortal,,True,19.6,,,,neutral,neutral,neutral,-,uncertain,uncertain,uncertain,,,,90.22,T,-0.1759,0.2452,-5.0836,loss_of_function,-1.00766201865808,0.1093536240548222,Benign,0.1667,benign,https://doi.org/10.1101/2022.10.22.513328
G953V,5.65145,5.48129,2.4464104926588472,Destabilizing,Uncertain,1.01538,0.31624,Uncertain,2.2,,3.9827943285e-06,0.547,cBioPortal,,False,2.2,,,,neutral,neutral,neutral,UP,neutral,neutral,stabilizing,,,,92.25,S,-0.4639,0.0483,-21.8308,loss_of_function,-5.66284233901027,0.9252978999084088,Pathogenic,0.9944,pathogenic,https://doi.org/10.1101/2022.10.22.513328
G959D,5.05414,3.04116,3.22159589642664,Destabilizing,Destabilizing,,,,0.0,,,0.546,cBioPortal,,False,0.0,,,,neutral,neutral,neutral,UP,neutral,neutral,neutral,,,,91.45,E,-0.4418,0.0001,-21.823,loss_of_function,-5.78669514736267,0.9293230497339114,Pathogenic,0.9995,pathogenic,https://doi.org/10.1101/2022.10.22.513328
R964S,0.09147,0.28299,0.2705225075665318,Neutral,Neutral,,,Uncertain,100.4,,,0.293,cBioPortal,,True,100.4,,,,neutral,neutral,neutral,DOWN,neutral,neutral,stabilizing,,,,49.39,S,-0.4059,0.0269,-21.8308,loss_of_function,-5.89589797245294,0.9433647229131122,Pathogenic,0.9972,pathogenic,https://doi.org/10.1101/2022.10.22.513328
T971A,-0.29273,0.97619,0.0382824743610288,Neutral,Neutral,,,Uncertain,47.6,,,,clinvar,,False,47.6,,,,uncertain,,,DOWN,neutral,neutral,stabilizing,2308603,Uncertain significance,1,62.0,S,-0.312,0.0946,-21.8269,loss_of_function,-3.60450818526169,0.7354241125972708,Pathogenic,0.2332,benign,https://doi.org/10.1101/2022.10.22.513328
H973Q,-0.97001,0.95476,1.0221258069504673,Neutral,Neutral,,,Uncertain,29.8,,,0.239,cBioPortal,,False,29.8,,,,neutral,neutral,neutral,DOWN,neutral,neutral,stabilizing,,,,76.63,E,-0.2632,0.0001,-21.8269,loss_of_function,-5.89589797245294,0.9441660252422176,Pathogenic,0.926,pathogenic,https://doi.org/10.1101/2022.10.22.513328
M974V,-0.11748,0.38231,-0.3718818701898613,Neutral,Neutral,,,Uncertain,31.6,,,,clinvar,,False,31.6,,,,neutral,neutral,neutral,DOWN,neutral,neutral,stabilizing,869205,Uncertain significance,0,82.83,E,-0.3465,0.0269,-21.8308,loss_of_function,-3.60450818526169,0.7583331158332445,Pathogenic,0.5898,pathogenic,https://doi.org/10.1101/2022.10.22.513328
G987V,0.46091,-0.08299,-0.2358879980101436,Neutral,Neutral,,,Uncertain,77.4,,,0.524,cBioPortal,,False,77.4,,,,neutral,neutral,neutral,UP,neutral,neutral,destabilizing,,,,82.96,S,-0.4683,0.0001,-21.8269,loss_of_function,-5.89589797245294,0.869015604540593,Pathogenic,0.9141,pathogenic,https://doi.org/10.1101/2022.10.22.513328
S990Y,36.04894,2.1517,0.4543602531790414,Uncertain,Uncertain,,,,0.0,,,0.486,cBioPortal,,False,0.0,,,,uncertain,,,UP,neutral,neutral,neutral,,,,92.2,S,-0.3588,0.0269,-21.8308,loss_of_function,-5.89589797245294,0.9368879440969264,Pathogenic,0.9938,pathogenic,https://doi.org/10.1101/2022.10.22.513328
N996S,0.66313,0.7068,0.6749349629409653,Neutral,Neutral,,,Uncertain,43.3,,4.0399796385e-06,0.274,cBioPortal,,False,43.3,,,,neutral,neutral,neutral,DOWN,neutral,neutral,stabilizing,,,,87.78,E,-0.1501,0.6565,-4.9386,loss_of_function,-2.06684887408841,0.9088062652057683,Pathogenic,0.1168,benign,https://doi.org/10.1101/2022.10.22.513328
V997I,-1.00775,2.85442,-0.2296089295774334,Uncertain,Neutral,,,,3.2,,,,clinvar,,False,3.2,,,,neutral,neutral,neutral,UP,neutral,neutral,neutral,2385069,Uncertain significance,1,87.1,E,-0.273,0.1227,-21.8074,loss_of_function,-3.49911828163775,0.940611056576383,Pathogenic,0.1966,benign,https://doi.org/10.1101/2022.10.22.513328
D1004Y,0.01402,-0.30306,-0.0499191919402797,Neutral,Neutral,,,Uncertain,89.4,,,0.509,cBioPortal,,False,89.4,,,,neutral,neutral,neutral,UP,neutral,neutral,destabilizing,,,,58.89,T,-0.3826,0.0959,-21.8034,loss_of_function,-5.7185592698314,0.9237604433880772,Pathogenic,0.979,pathogenic,https://doi.org/10.1101/2022.10.22.513328
R1006W,-0.00237,0.91156,-0.4908777737711906,Neutral,Neutral,,,Uncertain,68.7,,0.0,0.636,cBioPortal,,False,68.7,,,,neutral,neutral,neutral,UP,neutral,neutral,destabilizing,,,,54.71,-,-0.4159,0.1032,-21.8074,loss_of_function,-5.71722571421481,0.940907298595225,Pathogenic,0.9884,pathogenic,https://doi.org/10.1101/2022.10.22.513328
R1015H,-0.43931,0.25544,0.6714634230956203,Neutral,Neutral,,,Uncertain,23.4,6.37877144862e-05,3.9842542273e-06,0.445,cBioPortal,,False,23.4,,,,neutral,neutral,neutral,DOWN,neutral,neutral,mixed_effects,,,,95.29,E,-0.3723,0.0549,-21.7915,loss_of_function,-5.71622191869324,0.9381670444827456,Pathogenic,0.9386,pathogenic,https://doi.org/10.1101/2022.10.22.513328
G1023W,20.26732,15.50034,3.280189178373853,Destabilizing,Destabilizing,-0.26644,-0.31679,Neutral,3.2,,,0.702,COSMIC,,False,3.2,,,,neutral,neutral,neutral,UP,neutral,neutral,neutral,,,,90.36,-,-0.4765,0.0275,-21.7915,loss_of_function,-5.71722571421481,0.9437279600095126,Pathogenic,0.9995,pathogenic,https://doi.org/10.1101/2022.10.22.513328
T1028I,-2.78872,2.62007,0.1834299290455604,Uncertain,Uncertain,,,,2.3,,,0.427,cBioPortal,P,False,2.3,3.483,,,uncertain,uncertain,uncertain,UP,neutral,neutral,destabilizing,,,,90.05,E,-0.3414,0.0549,-21.7915,loss_of_function,-5.71655686423447,0.8922318035892645,Pathogenic,0.999,pathogenic,https://doi.org/10.1101/2022.10.22.513328
D1032N,-0.23104,1.64932,0.3899280149978473,Neutral,Neutral,,,Uncertain,24.1,,,0.304,cBioPortal,,False,24.1,,,,neutral,neutral,neutral,-,uncertain,uncertain,uncertain,,,,91.87,-,-0.2402,0.0549,-8.5037,loss_of_function,-3.49911828163775,0.9080910001362044,Pathogenic,0.9341,pathogenic,https://doi.org/10.1101/2022.10.22.513328
