Mutation,"Stability (FoldX5, alphafold, kcal/mol)","Stability (Rosetta Cartddg2020, alphafold, kcal/mol)","Stability (RaSP, alphafold, kcal/mol)","Stability classification, alphafold, (Rosetta, FoldX)","Stability classification, alphafold, (RaSP, FoldX)","Local Int. (Binding with ATG5_AFmulti, heterodimer, FoldX5, kcal/mol)","Local Int. (Binding with ATG3_AFmulti, heterodimer, FoldX5, kcal/mol)","Local Int. (Binding with ATG5_AFmulti, heterodimer, Rosetta Talaris 2014, kcal/mol)","Local Int. (Binding with ATG3_AFmulti, heterodimer, Rosetta Talaris 2014, kcal/mol)",Local Int. classification (ATG5_AFmulti),Local Int. classification (ATG3_AFmulti),Relative Side Chain Solvent Accessibility in wild-type,gnomAD genome allele frequency,gnomAD exome allele frequency,REVEL score,Mutation sources,AlloSigma2 mutation type,AlloSigma2 predicted consequence - active sites,AlloSigma2 predicted consequence - cofactor sites,AlloSigma2 predicted consequence - pockets and interfaces,ClinVar Variation ID,ClinVar Interpretation,ClinVar Review Status,AlphaFold2 model pLDDT score,AlphaFold2 model secondary structure,DeMaSk delta fitness,DeMaSk Shannon entropy,DeMaSk log2 variant frequency,DeMaSk predicted consequence,GEMME Score,EVE score,EVE classification (25% Uncertain),AlphaMissense pathogenicity score,AlphaMissense classification,References
I57V,1.1475,0.65816,1.3246398926877128,Neutral,Neutral,,-0.05022,,,,,0.1,,4.2526047204e-06,0.03,cBioPortal,DOWN,neutral,neutral,neutral,,,,94.53,E,-0.0345,1.4026,-1.0614,loss_of_function,-0.0588230420891227,0.0023816217927292,Benign,0.0936,benign,https://doi.org/10.1101/2022.10.22.513328
G63E,2.49264,3.91156,0.8014434415505306,Uncertain,Uncertain,,0.43598,,,Uncertain,Uncertain,117.4,,,0.917,cBioPortal,UP,neutral,neutral,neutral,,,,88.87,T,-0.4058,0.4041,-22.1795,loss_of_function,-6.01351144454692,0.9956450188097694,Pathogenic,0.9998,pathogenic,https://doi.org/10.1101/2022.10.22.513328
G63R,2.09885,3.61156,0.2188823365694575,Uncertain,Uncertain,,-0.74586,,,Uncertain,Uncertain,117.4,,,0.598,"cBioPortal,COSMIC",UP,neutral,neutral,neutral,,,,88.87,T,-0.3549,0.4041,-8.8916,loss_of_function,-5.55559700737382,0.9852087467763084,Pathogenic,0.9987,pathogenic,https://doi.org/10.1101/2022.10.22.513328
P66H,2.49651,1.41531,0.0029178812932206,Uncertain,Uncertain,,-0.01456,,,Uncertain,Uncertain,46.9,,,0.684,COSMIC,UP,neutral,neutral,neutral,,,,89.36,-,-0.3642,0.0216,-22.1946,loss_of_function,-7.50677027664061,0.9994087199550477,Pathogenic,0.9975,pathogenic,https://doi.org/10.1101/2022.10.22.513328
R77Q,0.3359,1.36293,0.8948926838827556,Neutral,Neutral,-0.35057,0.118,,,Uncertain,Uncertain,50.9,,1.1956097211e-05,0.306,"cBioPortal,COSMIC",DOWN,neutral,neutral,neutral,,,,93.78,T,-0.0488,2.6298,-3.8535,loss_of_function,-0.84065978940991,0.007768554495429,Benign,0.2911,benign,https://doi.org/10.1101/2022.10.22.513328
R79G,2.16233,3.50544,2.383843433201573,Uncertain,Uncertain,-0.01026,3.07848,,,Uncertain,Uncertain,52.4,,,0.336,"cBioPortal,COSMIC",DOWN,neutral,neutral,stabilizing,,,,94.47,-,-0.2135,2.516,-22.1856,loss_of_function,-4.68439333624274,0.5641220498541155,Uncertain,0.9318,pathogenic,https://doi.org/10.1101/2022.10.22.513328
R79Q,0.79004,1.22007,0.9159145145716354,Neutral,Neutral,-0.01973,2.92608,,,Uncertain,Uncertain,52.4,,,0.287,COSMIC,DOWN,neutral,neutral,stabilizing,,,,94.47,-,-0.061,2.516,-4.1974,loss_of_function,-1.42815152748649,0.0037468943784551,Benign,0.5453,ambiguous,https://doi.org/10.1101/2022.10.22.513328
I85T,2.45867,1.43912,2.42371208258081,Uncertain,Uncertain,,-0.00508,,,,,10.9,3.18654005481e-05,3.9824136613e-06,0.156,COSMIC,DOWN,neutral,neutral,neutral,,,,93.41,H,-0.0408,2.7394,-4.4384,loss_of_function,-1.68340554788247,0.0155093807046356,Benign,0.1196,benign,https://doi.org/10.1101/2022.10.22.513328
D86G,0.75479,1.01327,1.1597897115747111,Neutral,Neutral,,-0.27292,,,Uncertain,Uncertain,66.3,,,0.49,"cBioPortal,COSMIC",DOWN,neutral,neutral,neutral,,,,93.2,H,-0.0098,2.8724,-5.4384,loss_of_function,-2.46798294623667,0.0156098628860477,Benign,0.5166,ambiguous,https://doi.org/10.1101/2022.10.22.513328
K90T,0.35773,0.3017,0.1943223674405758,Neutral,Neutral,,1.22496,,,Uncertain,Uncertain,97.9,,,0.5,"cBioPortal,COSMIC",DOWN,neutral,neutral,neutral,,,,90.96,H,-0.2241,1.3053,-22.1886,loss_of_function,-3.60485851385779,0.5444159081288116,Uncertain,0.9344,pathogenic,https://doi.org/10.1101/2022.10.22.513328
K93I,3.86492,4.72857,1.549801734380041,Destabilizing,Uncertain,,-0.4823,,,Uncertain,Uncertain,97.0,,,0.631,cBioPortal,-,uncertain,uncertain,uncertain,,,,88.38,T,-0.213,1.6033,-22.1856,loss_of_function,-5.96667415383192,0.9776767676156644,Pathogenic,0.9931,pathogenic,https://doi.org/10.1101/2022.10.22.513328
L94R,1.67647,2.98741,3.684825191632749,Uncertain,Uncertain,,-0.0478,,,,,8.8,,,0.868,cBioPortal,UP,neutral,neutral,neutral,,,,86.07,-,-0.3405,1.7255,-22.1488,loss_of_function,-3.72032615603595,0.9433050951107992,Pathogenic,0.9573,pathogenic,https://doi.org/10.1101/2022.10.22.513328
E98K,-0.11187,2.10952,1.0599807736481932,Uncertain,Neutral,,,,,Uncertain,Uncertain,36.0,,,0.337,COSMIC,UP,neutral,neutral,neutral,,,,87.64,S,-0.1686,1.1514,-8.9007,loss_of_function,-4.2227926418553,0.4589269676600488,Uncertain,0.9762,pathogenic,https://doi.org/10.1101/2022.10.22.513328
I102V,1.44139,0.76429,1.5574402387076396,Neutral,Neutral,0.0,,-0.05321,,Neutral,,0.3,,,,clinvar,DOWN,neutral,neutral,neutral,2214605,Uncertain significance,1,94.28,E,-0.01,1.7989,-3.414,loss_of_function,-1.40960755183703,0.0035222706032078,Benign,0.1902,benign,https://doi.org/10.1101/2022.10.22.513328
Y103H,3.20995,4.47245,2.450336668098469,Destabilizing,Uncertain,0.31603,0.84492,,,,,2.7,,,0.462,COSMIC,DOWN,neutral,neutral,stabilizing,,,,95.13,E,-0.3215,0.4111,-22.1519,loss_of_function,-2.15322454233329,0.9963298446491924,Pathogenic,0.9986,pathogenic,https://doi.org/10.1101/2022.10.22.513328
P110S,3.84316,2.4517,1.7289756458643295,Uncertain,Uncertain,0.06941,,,,,,6.4,,,0.814,"cBioPortal,COSMIC",DOWN,neutral,neutral,stabilizing,,,,94.62,-,-0.3161,0.1166,-22.1363,loss_of_function,-7.22787433613679,0.999424750671684,Pathogenic,0.9994,pathogenic,https://doi.org/10.1101/2022.10.22.513328
S111T,0.05638,0.35374,0.3400510449247002,Neutral,Neutral,-0.61155,,,,Uncertain,Uncertain,70.4,,,0.104,cBioPortal,UP,neutral,neutral,neutral,,,,94.68,-,-0.0408,1.5553,-5.1482,loss_of_function,-1.36565531601383,0.1471234020938356,Benign,0.5856,pathogenic,https://doi.org/10.1101/2022.10.22.513328
E115Q,1.15035,-0.09082,0.4782197568010782,Neutral,Neutral,0.14005,,,,Uncertain,Uncertain,49.4,,,0.148,COSMIC,UP,neutral,neutral,neutral,,,,95.82,B,0.0252,2.6621,-7.8517,gain_of_function,-1.95681816366462,0.1241841189674503,Benign,0.7144,pathogenic,https://doi.org/10.1101/2022.10.22.513328
L119P,4.82428,8.63367,7.023078401984014,Destabilizing,Destabilizing,0.41697,,,,,,6.5,4.36681222707e-05,,0.826,cBioPortal,DOWN,neutral,neutral,neutral,,,,95.09,H,-0.4556,0.5086,-22.1395,loss_of_function,-7.09896803639292,0.9905995665268224,Pathogenic,0.9985,pathogenic,https://doi.org/10.1101/2022.10.22.513328
L119V,1.7479,1.74116,1.979431486136836,Neutral,Neutral,-0.0133,,,,,,6.5,,,0.347,"cBioPortal,COSMIC",DOWN,neutral,neutral,neutral,,,,95.09,H,-0.1959,0.5086,-5.1513,loss_of_function,-1.76653306310064,0.0651382803996858,Benign,0.5083,ambiguous,https://doi.org/10.1101/2022.10.22.513328
Y120S,2.00899,3.90068,3.529562378306569,Uncertain,Uncertain,-0.03469,,,,Uncertain,Uncertain,30.7,,5.7850283466e-06,0.288,"cBioPortal,COSMIC",DOWN,neutral,neutral,neutral,,,,94.87,H,-0.2545,1.4551,-8.8485,loss_of_function,-3.19682692769878,0.501189074612095,Uncertain,0.923,pathogenic,https://doi.org/10.1101/2022.10.22.513328
E121K,-0.24983,0.51361,0.3703815665819293,Neutral,Neutral,-0.3468,,,,Uncertain,Uncertain,58.5,,,0.407,"cBioPortal,COSMIC",UP,neutral,neutral,stabilizing,,,,93.83,H,-0.0583,2.0328,-3.1699,loss_of_function,-2.25222918125398,0.1788867565387502,Benign,0.9316,pathogenic,https://doi.org/10.1101/2022.10.22.513328
S125G,0.87693,0.85204,0.5135400899606096,Neutral,Neutral,-0.00013,-0.31412,,,Uncertain,Uncertain,80.7,,,0.124,cBioPortal,DOWN,neutral,neutral,stabilizing,,,,93.21,B,-0.0058,2.1625,-5.618,loss_of_function,-2.93448430922573,0.1720190733988752,Benign,0.4968,ambiguous,https://doi.org/10.1101/2022.10.22.513328
G127V,3.37088,5.65748,2.1097909551568024,Destabilizing,Uncertain,,-0.0512,,,Uncertain,Uncertain,93.1,,,0.852,"cBioPortal,COSMIC",UP,neutral,neutral,mixed_effects,,,,91.3,T,-0.3924,0.8394,-22.0724,loss_of_function,-6.11319556649709,0.9846610050855932,Pathogenic,0.9933,pathogenic,https://doi.org/10.1101/2022.10.22.513328
C134W,7.32669,4.27483,0.9288326315474998,Destabilizing,Uncertain,,0.4677,,,,,5.3,,4.0042926017e-06,0.473,"cBioPortal,COSMIC",UP,neutral,neutral,neutral,,,,93.41,E,-0.3801,1.1804,-22.0592,loss_of_function,-5.97688220931486,0.9872555042999424,Pathogenic,0.9997,pathogenic,https://doi.org/10.1101/2022.10.22.513328
A138V,-0.38592,-1.06599,-0.5956504484581804,Neutral,Neutral,-0.00069,-0.5583,,,Uncertain,Uncertain,21.5,,1.60157595074e-05,0.908,cBioPortal,UP,neutral,neutral,neutral,,,,84.3,-,-0.2351,0.0474,-8.7514,loss_of_function,-5.18138059103244,0.961817767633304,Pathogenic,0.9934,pathogenic,https://doi.org/10.1101/2022.10.22.513328
