Mutation,"Stability (FoldX5, alphafold, kcal/mol)","Stability (Rosetta Cartddg2020, alphafold, kcal/mol)","Stability (RaSP, alphafold, kcal/mol)","Stability classification, alphafold, (Rosetta, FoldX)","Stability classification, alphafold, (RaSP, FoldX)","Local Int. (Binding with ATG4B_MAP1LC3B, heterodimer, FoldX5, kcal/mol)","Local Int. (Binding with ATG4B_MAP1LC3B, heterodimer, Rosetta Talaris 2014, kcal/mol)",Local Int. classification (ATG4B_MAP1LC3B),Relative Side Chain Solvent Accessibility in wild-type,gnomAD genome allele frequency,gnomAD exome allele frequency,REVEL score,Mutation sources,PTMs,is site part of phospho-SLiM,PTM residue SASA (%),"Change in stability with PTM (FoldX5, kcal/mol)","Change in binding with PTM (FoldX5, kcal/mol)","Change in binding with mutation (FoldX5, kcal/mol)",PTM effect in regulation,PTM effect in stability,PTM effect in function,AlloSigma2 mutation type,AlloSigma2 predicted consequence - active sites,AlloSigma2 predicted consequence - cofactor sites,AlloSigma2 predicted consequence - pockets and interfaces,ClinVar Variation ID,ClinVar Interpretation,ClinVar Review Status,AlphaFold2 model pLDDT score,AlphaFold2 model secondary structure,DeMaSk delta fitness,DeMaSk Shannon entropy,DeMaSk log2 variant frequency,DeMaSk predicted consequence,GEMME Score,EVE score,EVE classification (25% Uncertain),AlphaMissense pathogenicity score,AlphaMissense classification,References
D2G,3.2298,1.87755,1.0743377610048055,Uncertain,Uncertain,-4e-05,-0.26916,Neutral,94.2,,4.7947372963e-06,0.086,cBioPortal,,False,94.2,,,,neutral,neutral,neutral,DOWN,neutral,neutral,neutral,,,,51.88,-,-0.1205,1.7587,-7.0443,loss_of_function,-0.0430072033126195,,,0.5108,ambiguous,https://doi.org/10.1101/2022.10.22.513328
D2Y,2.83723,1.0119,0.4663927301056447,Uncertain,Uncertain,-0.00236,-0.00585,Neutral,94.2,,,0.146,cBioPortal,,False,94.2,,,,neutral,neutral,neutral,UP,neutral,neutral,neutral,,,,51.88,-,-0.2221,1.7587,-20.3321,loss_of_function,-0.105614463103948,,,0.6523,pathogenic,https://doi.org/10.1101/2022.10.22.513328
T7I,-0.61325,-0.12143,-0.2081562117391916,Neutral,Neutral,-0.8631,-0.61537,Neutral,80.7,,,0.266,cBioPortal,,True,80.7,,,,uncertain,,,UP,neutral,neutral,neutral,,,,80.24,T,-0.2598,0.8999,-21.0493,loss_of_function,-0.919577740488601,,,0.9805,pathogenic,https://doi.org/10.1101/2022.10.22.513328
Y8C,0.80519,1.03469,2.037077059725484,Neutral,Uncertain,1.98922,0.55647,Uncertain,47.1,0.0001910341314315,0.000421842608514,0.336,COSMIC,P,True,47.1,0.037,,,damaging,neutral,potentially_damaging,DOWN,neutral,neutral,neutral,,,,83.54,T,-0.2737,0.8171,-7.7812,loss_of_function,-0.796591242871826,,,0.7403,pathogenic,https://doi.org/10.1101/2022.10.22.513328
R12L,0.87701,-0.01565,-0.5273851417104891,Neutral,Neutral,-0.02004,-0.0092,Neutral,72.8,,,0.291,"cBioPortal,COSMIC",,True,72.8,,,,neutral,neutral,neutral,DOWN,neutral,neutral,neutral,,,,80.52,G,-0.0868,2.5925,-5.1964,loss_of_function,-0.107465072334971,,,0.2798,benign,https://doi.org/10.1101/2022.10.22.513328
R12Q,0.75269,0.27517,0.6967969250873848,Neutral,Neutral,-0.01672,0.24471,Neutral,72.8,,,,clinvar,,True,72.8,,,,neutral,neutral,neutral,DOWN,neutral,neutral,neutral,2347677,Uncertain significance,1,80.52,G,-0.0672,2.5925,-6.7813,loss_of_function,-0.265004684697579,,,0.1459,benign,https://doi.org/10.1101/2022.10.22.513328
R12W,1.07194,0.04388,-0.4246884393062256,Neutral,Neutral,-0.03384,0.02601,Neutral,72.8,6.36902108146e-05,0.0001687397550863,0.259,COSMIC,,True,72.8,,,,neutral,neutral,neutral,UP,neutral,neutral,neutral,,,,80.52,G,-0.1831,2.5925,-21.0691,loss_of_function,-0.320401545517713,,,0.3041,benign,https://doi.org/10.1101/2022.10.22.513328
A14G,1.18407,1.49558,1.1486848471460698,Neutral,Neutral,-0.005,0.16927,Neutral,46.8,,,0.044,cBioPortal,,True,46.8,,,,neutral,neutral,neutral,DOWN,neutral,neutral,neutral,,,,80.23,-,0.0482,3.0362,-2.0716,gain_of_function,-0.0977308451532087,,,0.0705,benign,https://doi.org/10.1101/2022.10.22.513328
F16L,1.16898,0.75884,1.5879785555492234,Neutral,Neutral,,,Uncertain,29.9,,8.029742165e-06,0.131,"cBioPortal,COSMIC",,True,29.9,,,,neutral,neutral,neutral,DOWN,neutral,neutral,mixed_effects,,,,79.03,-,0.0008,2.7884,-2.7264,gain_of_function,-0.149871839206209,0.0033476346796101,Benign,0.6628,pathogenic,https://doi.org/10.1101/2022.10.22.513328
E21D,0.2267,0.40884,0.2849350076512874,Neutral,Neutral,,,Uncertain,86.7,,,0.073,"cBioPortal,COSMIC,clinvar",,True,86.7,,,,neutral,neutral,neutral,DOWN,neutral,neutral,neutral,2387013,Uncertain significance,1,85.84,-,0.0814,2.9074,-2.6033,gain_of_function,-0.0698381134227802,0.0018873918212781,Benign,0.1029,benign,https://doi.org/10.1101/2022.10.22.513328
E24Q,0.3733,0.10374,0.2065882597990415,Neutral,Neutral,,,Uncertain,60.3,,,0.166,COSMIC,,True,60.3,,,,neutral,neutral,neutral,UP,neutral,neutral,neutral,,,,96.09,S,-0.0301,1.9486,-5.8329,loss_of_function,-0.688915221902165,0.0719628497821929,Benign,0.132,benign,https://doi.org/10.1101/2022.10.22.513328
P25L,0.87315,0.81327,-0.3561988206470762,Neutral,Neutral,,,Uncertain,32.5,,4.0172258645e-06,0.452,cBioPortal,,False,32.5,,,,neutral,neutral,neutral,UP,neutral,neutral,neutral,,,,97.16,-,-0.1549,1.4078,-4.2059,loss_of_function,-1.03960355180264,0.3126118950054878,Benign,0.2454,benign,https://doi.org/10.1101/2022.10.22.513328
V26I,-0.65403,0.27993,0.5525929878358571,Neutral,Neutral,,,,0.6,3.18369945877e-05,4.82202701942e-05,0.165,cBioPortal,,False,0.6,,,,neutral,neutral,neutral,UP,neutral,neutral,neutral,,,,97.75,E,-0.1068,0.9105,-3.4351,loss_of_function,-0.962012933721281,0.0210527772546941,Benign,0.1067,benign,https://doi.org/10.1101/2022.10.22.513328
R31I,0.43777,-0.6966,0.1828682763143774,Neutral,Neutral,,,Uncertain,46.2,,,0.175,"cBioPortal,COSMIC",,False,46.2,,,,neutral,neutral,neutral,DOWN,neutral,neutral,neutral,,,,98.59,E,-0.1702,2.0441,-6.3715,loss_of_function,-0.591736357570843,0.0337568391554169,Benign,0.2397,benign,https://doi.org/10.1101/2022.10.22.513328
R31K,0.14705,0.45102,0.5516576230679715,Neutral,Neutral,,,Uncertain,46.2,,,0.092,"cBioPortal,COSMIC",,False,46.2,,,,neutral,neutral,neutral,-,uncertain,uncertain,uncertain,,,,98.59,E,-0.0037,2.0441,-1.0211,loss_of_function,-0.125756561854853,0.0009157589261081,Benign,0.0668,benign,https://doi.org/10.1101/2022.10.22.513328
Y33H,4.4471,2.23946,1.86323904244892,Uncertain,Uncertain,,,,10.6,,,0.29,COSMIC,,False,10.6,,,,uncertain,,,DOWN,neutral,neutral,neutral,,,,98.06,E,-0.1539,1.199,-3.5201,loss_of_function,-0.942046812245769,0.0826120305210753,Benign,0.5641,pathogenic,https://doi.org/10.1101/2022.10.22.513328
S34I,-0.58955,-0.96667,-0.4976733634289543,Neutral,Neutral,,,Uncertain,53.4,,,0.121,"cBioPortal,COSMIC",P,False,53.4,0.704,,,damaging,neutral,uncertain,UP,neutral,neutral,neutral,,,,97.05,-,-0.0449,2.5478,-6.098,loss_of_function,-0.561550689130725,0.028927941396558,Benign,0.2827,benign,https://doi.org/10.1101/2022.10.22.513328
D40N,0.57644,0.15986,-0.0562183229138574,Neutral,Neutral,,,Uncertain,101.0,,,,cBioPortal,,True,101.0,,,,neutral,neutral,neutral,-,uncertain,uncertain,uncertain,,,,94.18,H,-0.0131,2.3593,-5.5477,loss_of_function,-0.0507289456553309,0.0214689057915898,Benign,0.0887,benign,https://doi.org/10.1101/2022.10.22.513328
E41K,-0.33241,-0.59354,0.0947426169450516,Neutral,Neutral,,,Uncertain,63.5,,8.8441571076e-06,0.057,"cBioPortal,COSMIC",,True,63.5,,,,neutral,neutral,neutral,UP,neutral,neutral,neutral,,,,96.38,H,0.0228,2.9078,-3.0521,gain_of_function,-0.406351363325744,0.0081584455877844,Benign,0.1019,benign,https://doi.org/10.1101/2022.10.22.513328
I42S,5.35396,4.4602,5.18946736170354,Destabilizing,Destabilizing,,,,0.0,,,0.566,cBioPortal,,False,0.0,,,,neutral,neutral,neutral,DOWN,neutral,neutral,neutral,,,,95.7,H,-0.3298,1.4774,-22.0258,loss_of_function,-3.0549139456494,0.7964646146024044,Pathogenic,0.9249,pathogenic,https://doi.org/10.1101/2022.10.22.513328
I42V,1.21365,0.92075,1.6649201135436815,Neutral,Neutral,,,,0.0,,,,clinvar,,False,0.0,,,,neutral,neutral,neutral,DOWN,neutral,neutral,neutral,2306546,Uncertain significance,1,95.7,H,-0.0525,1.4774,-5.9307,loss_of_function,-1.55164483787303,0.0435204317028338,Benign,0.1496,benign,https://doi.org/10.1101/2022.10.22.513328
L43W,0.78284,-0.45408,0.3070321267237125,Neutral,Neutral,,,Uncertain,45.4,,,0.392,COSMIC,,False,45.4,,,,neutral,neutral,neutral,UP,neutral,neutral,neutral,,,,95.26,H,-0.2661,2.0102,-22.0326,loss_of_function,-2.64022205647331,0.561499813569726,Uncertain,0.2096,benign,https://doi.org/10.1101/2022.10.22.513328
S44F,-0.19193,0.35476,-0.6287025801567903,Neutral,Neutral,,,Uncertain,50.5,,,0.255,"cBioPortal,COSMIC",P,False,50.5,0.608,,,damaging,neutral,uncertain,UP,neutral,neutral,neutral,,,,96.51,H,-0.0255,2.871,-8.7481,loss_of_function,-2.15866663858542,0.5793163169153188,Uncertain,0.1196,benign,https://doi.org/10.1101/2022.10.22.513328
S44Y,-0.00278,0.12381,-0.4897584748224554,Neutral,Neutral,,,Uncertain,50.5,,,0.308,"cBioPortal,COSMIC",P,False,50.5,0.608,,,uncertain,neutral,uncertain,UP,neutral,neutral,neutral,,,,96.51,H,-0.0981,2.871,-22.0359,loss_of_function,-1.87959692858433,0.2219059568701814,Benign,0.109,benign,https://doi.org/10.1101/2022.10.22.513328
L50F,4.06353,-0.00612,-0.0341747320036689,Uncertain,Uncertain,,,,0.2,,,0.288,COSMIC,,True,0.2,,,,neutral,neutral,neutral,UP,neutral,neutral,neutral,,,,98.7,B,-0.1602,1.1643,-5.4529,loss_of_function,-0.84757777519067,0.0311688438968721,Benign,0.3461,ambiguous,https://doi.org/10.1101/2022.10.22.513328
I61S,5.05743,4.43265,4.143683215123165,Destabilizing,Destabilizing,,,,0.0,,,0.632,cBioPortal,,False,0.0,,,,neutral,neutral,neutral,DOWN,neutral,neutral,neutral,,,,97.54,G,-0.4107,0.6011,-22.0756,loss_of_function,-2.82369432268077,0.9746685206617932,Pathogenic,0.9904,pathogenic,https://doi.org/10.1101/2022.10.22.513328
G62V,4.69819,3.9568,0.9618396786486164,Destabilizing,Uncertain,,,Uncertain,80.6,,,0.587,cBioPortal,,False,80.6,,,,neutral,neutral,neutral,UP,neutral,neutral,neutral,,,,94.8,G,-0.4108,0.6402,-22.0854,loss_of_function,-3.01382262731369,0.6498656627937662,Uncertain,0.9905,pathogenic,https://doi.org/10.1101/2022.10.22.513328
T64A,0.23563,0.79796,0.3126846506820596,Neutral,Neutral,,,Uncertain,104.5,,,0.265,"cBioPortal,COSMIC",,False,104.5,,,,uncertain,,,DOWN,neutral,neutral,neutral,,,,95.94,T,-0.146,1.9128,-22.0918,loss_of_function,-1.64795651134281,0.2700720346792494,Benign,0.3572,ambiguous,https://doi.org/10.1101/2022.10.22.513328
G65V,5.95293,4.22517,1.9234500700996329,Destabilizing,Uncertain,,,Uncertain,51.5,,,0.565,cBioPortal,,False,51.5,,,,neutral,neutral,neutral,UP,neutral,neutral,neutral,,,,96.16,S,-0.3589,1.2044,-22.0918,loss_of_function,-2.93063418565387,0.6816512707983828,Pathogenic,0.9851,pathogenic,https://doi.org/10.1101/2022.10.22.513328
I82M,-0.29938,0.16429,1.027650352030007,Neutral,Neutral,,,,0.3,,,0.201,"cBioPortal,COSMIC",,False,0.3,,,,neutral,neutral,neutral,-,uncertain,uncertain,uncertain,,,,98.9,H,-0.0387,1.926,-2.4008,loss_of_function,-1.14245243790555,0.0022808447777854,Benign,0.1771,benign,https://doi.org/10.1101/2022.10.22.513328
C89R,0.14019,-0.98537,0.2954855327965211,Neutral,Neutral,,,,11.5,,,0.328,"cBioPortal,COSMIC",,False,11.5,,,,neutral,neutral,neutral,UP,neutral,neutral,neutral,,,,98.68,H,-0.1898,2.7841,-2.8765,loss_of_function,-0.711278521734699,0.0182558066558619,Benign,0.4531,ambiguous,https://doi.org/10.1101/2022.10.22.513328
R90Q,1.96353,-0.79116,1.57373918514217,Neutral,Neutral,,,Uncertain,27.6,0.0055130656469089,0.0071391708240151,0.139,COSMIC,,False,27.6,,,,neutral,neutral,neutral,DOWN,neutral,neutral,neutral,,,,98.36,H,-0.1164,1.9621,-5.0692,loss_of_function,-0.677724724782587,0.1032466838834209,Benign,0.0818,benign,https://doi.org/10.1101/2022.10.22.513328
R90W,3.3454,-0.21293,0.1315047438485572,Uncertain,Uncertain,,,Uncertain,27.6,,,,clinvar,,False,27.6,,,,neutral,neutral,neutral,UP,neutral,neutral,neutral,2377646,Uncertain significance,1,98.36,H,-0.1738,1.9621,-7.8765,loss_of_function,-1.04290088930952,0.4419843352916023,Uncertain,0.1923,benign,https://doi.org/10.1101/2022.10.22.513328
L92I,3.77816,2.47245,1.627731999676463,Uncertain,Uncertain,,,,5.2,,,0.264,"cBioPortal,COSMIC",,False,5.2,,,,neutral,neutral,neutral,-,uncertain,uncertain,uncertain,,,,98.41,T,-0.1644,0.4412,-4.8765,loss_of_function,-0.615692665028153,0.288456776652681,Benign,0.183,benign,https://doi.org/10.1101/2022.10.22.513328
W96C,3.84399,3.96531,5.158574866680523,Destabilizing,Destabilizing,,,,12.9,,,0.701,COSMIC,,False,12.9,,,,neutral,neutral,neutral,DOWN,neutral,neutral,destabilizing,,,,98.55,-,-0.4135,0.3343,-8.8856,loss_of_function,-4.25248249455417,0.9585027682703424,Pathogenic,0.9679,pathogenic,https://doi.org/10.1101/2022.10.22.513328
W96L,3.6237,4.00068,3.925155381832425,Destabilizing,Destabilizing,,,,12.9,,,0.636,cBioPortal,,False,12.9,,,,neutral,neutral,neutral,DOWN,neutral,neutral,destabilizing,,,,98.55,-,-0.42,0.3343,-7.8856,loss_of_function,-4.07904620542471,0.8758131351170676,Pathogenic,0.9367,pathogenic,https://doi.org/10.1101/2022.10.22.513328
Y108C,5.58534,4.38265,4.039108007374904,Destabilizing,Destabilizing,,,,0.0,,,0.761,"cBioPortal,COSMIC",,True,0.0,,,,uncertain,,,DOWN,neutral,neutral,neutral,,,,97.52,H,-0.4111,0.1225,-22.1734,loss_of_function,-5.95631147761575,0.9622861643985728,Pathogenic,0.7064,pathogenic,https://doi.org/10.1101/2022.10.22.513328
V111I,-0.9837,-0.34456,0.6188627648338946,Neutral,Neutral,,,,0.1,,2.58162229145e-05,0.071,cBioPortal,,True,0.1,,,,neutral,neutral,neutral,UP,neutral,neutral,neutral,,,,97.93,H,-0.082,1.0128,-0.4293,loss_of_function,-0.220681462586361,0.000254525629405,Benign,0.0668,benign,https://doi.org/10.1101/2022.10.22.513328
A114T,1.56726,0.30238,0.9430294104173588,Neutral,Neutral,,,,5.6,,4.2949791694e-06,0.209,"cBioPortal,COSMIC",,True,5.6,,,,neutral,neutral,neutral,UP,neutral,neutral,neutral,,,,97.88,T,-0.0625,2.7003,-22.1765,loss_of_function,-2.45502260640793,0.0846999046521517,Benign,0.2178,benign,https://doi.org/10.1101/2022.10.22.513328
F115L,3.20013,2.6915,2.7204903526901325,Uncertain,Uncertain,,,,0.0,,,0.689,COSMIC,,True,0.0,,,,neutral,neutral,neutral,DOWN,neutral,neutral,neutral,,,,98.53,T,-0.2611,0.141,-6.3098,loss_of_function,-3.98853144856884,0.429026090318552,Uncertain,0.9942,pathogenic,https://doi.org/10.1101/2022.10.22.513328
D117N,1.45987,1.32347,1.1360646053192738,Neutral,Neutral,,,,3.5,3.18755578223e-05,,0.712,"cBioPortal,COSMIC",,False,3.5,,,,neutral,neutral,neutral,-,uncertain,uncertain,uncertain,,,,98.05,S,-0.2895,0.2776,-22.1795,loss_of_function,-3.76747134599179,0.9031836345810192,Pathogenic,0.9861,pathogenic,https://doi.org/10.1101/2022.10.22.513328
D120N,0.27824,0.72687,0.7537261950160229,Neutral,Neutral,,,Uncertain,71.0,,,0.154,cBioPortal,,False,71.0,,,,neutral,neutral,neutral,-,uncertain,uncertain,uncertain,,,,95.36,T,0.0125,2.5409,-3.8074,gain_of_function,-0.840678399580167,0.0445618499321668,Benign,0.3293,benign,https://doi.org/10.1101/2022.10.22.513328
Y122C,0.63999,1.63571,2.509222411175015,Neutral,Uncertain,,,Uncertain,46.6,,0.0,0.108,"cBioPortal,COSMIC",P,False,46.6,1.447,,,damaging,neutral,uncertain,DOWN,neutral,neutral,neutral,,,,98.25,T,-0.0721,2.699,-2.2083,loss_of_function,0.0708701691983702,0.0012534731728232,Benign,0.074,benign,https://doi.org/10.1101/2022.10.22.513328
Q127H,0.40747,0.6415,-0.08411089743589,Neutral,Neutral,,,Uncertain,36.6,,,0.447,COSMIC,,False,36.6,,,,neutral,neutral,neutral,UP,neutral,neutral,neutral,,,,98.48,H,-0.2465,0.589,-22.1825,loss_of_function,-3.68377404393914,0.4758866813942368,Uncertain,0.9844,pathogenic,https://doi.org/10.1101/2022.10.22.513328
A129E,3.63672,5.47415,5.124148158415657,Destabilizing,Destabilizing,,,,0.7,,,0.617,"cBioPortal,COSMIC",,False,0.7,,,,neutral,neutral,neutral,UP,neutral,neutral,neutral,,,,98.27,H,-0.3659,0.4548,-22.1886,loss_of_function,-5.613298174367,0.9418578418121304,Pathogenic,0.9981,pathogenic,https://doi.org/10.1101/2022.10.22.513328
V133I,-0.42539,0.2,-0.1483259620089094,Neutral,Neutral,0.0,-0.13698,Neutral,63.2,,,0.155,cBioPortal,,False,63.2,,,,neutral,neutral,neutral,UP,neutral,neutral,neutral,,,,97.14,H,-0.0347,1.8416,-6.0995,loss_of_function,-1.17700239826287,0.2328248113519997,Benign,0.2161,benign,https://doi.org/10.1101/2022.10.22.513328
G136D,2.57019,1.18231,1.0117756996426237,Uncertain,Uncertain,0.13856,0.05555,Neutral,111.1,,,0.416,"cBioPortal,COSMIC",,False,111.1,,,,neutral,neutral,neutral,UP,neutral,neutral,neutral,,,,95.73,T,-0.2786,0.8101,-4.4444,loss_of_function,-2.9868288383027,0.1617844988221991,Benign,0.9665,pathogenic,https://doi.org/10.1101/2022.10.22.513328
G140R,2.33604,2.56122,0.87988795451522,Uncertain,Uncertain,-0.00258,0.03234,Neutral,31.8,,,0.762,"cBioPortal,COSMIC",,False,31.8,,,,neutral,neutral,neutral,UP,neutral,neutral,neutral,,,,92.9,T,-0.3669,0.2185,-7.9008,loss_of_function,-5.75223923372219,0.8949226825383353,Pathogenic,0.9936,pathogenic,https://doi.org/10.1101/2022.10.22.513328
Y143C,3.22199,3.70272,3.621854795151238,Destabilizing,Destabilizing,0.05482,-0.14665,Neutral,1.2,,,0.725,"cBioPortal,COSMIC",,False,1.2,,,,uncertain,,,DOWN,neutral,neutral,neutral,,,,94.04,-,-0.3107,1.2147,-22.1825,loss_of_function,-5.55485297433267,0.6933143100513727,Pathogenic,0.9787,pathogenic,https://doi.org/10.1101/2022.10.22.513328
A149T,2.45735,0.74762,0.6816946026460197,Uncertain,Uncertain,0.08922,-0.08572,Neutral,0.2,,4.1472781414e-06,0.505,"cBioPortal,COSMIC",,False,0.2,,,,neutral,neutral,neutral,UP,neutral,neutral,neutral,,,,98.52,H,-0.1778,0.5997,-6.9039,loss_of_function,-1.72557279375795,0.2666210063172421,Benign,0.8231,pathogenic,https://doi.org/10.1101/2022.10.22.513328
Q150H,-0.08068,-0.10952,0.0008137337062918,Neutral,Neutral,2.58596,0.48929,Uncertain,30.8,,,0.271,cBioPortal,,False,30.8,,,,neutral,neutral,neutral,UP,neutral,neutral,neutral,,,,98.29,H,-0.1697,0.4516,-4.656,loss_of_function,-1.67363934315486,0.0522973283721865,Benign,0.8779,pathogenic,https://doi.org/10.1101/2022.10.22.513328
L155I,1.41041,1.88163,1.90955232813606,Neutral,Neutral,0.0,0.01801,Neutral,2.1,,,0.353,cBioPortal,,False,2.1,,,,neutral,neutral,neutral,-,uncertain,uncertain,uncertain,,,,98.53,H,-0.1905,0.2711,-6.9129,loss_of_function,-1.80937929812942,0.1073676196153985,Benign,0.6966,pathogenic,https://doi.org/10.1101/2022.10.22.513328
A156T,1.06877,-0.28571,1.399406199879486,Neutral,Neutral,,,,2.5,,,0.18,"cBioPortal,COSMIC",,False,2.5,,,,neutral,neutral,neutral,UP,neutral,neutral,neutral,,,,98.21,T,-0.0318,2.0157,-3.8254,loss_of_function,-0.492686572256603,0.0063388721837896,Benign,0.1389,benign,https://doi.org/10.1101/2022.10.22.513328
A156V,-0.23691,-0.35442,0.6871374454816539,Neutral,Neutral,,,,2.5,,,0.199,cBioPortal,,False,2.5,,,,neutral,neutral,neutral,UP,neutral,neutral,neutral,,,,98.21,T,-0.0201,2.0157,-2.1185,loss_of_function,-1.09747076425691,0.0063781624271086,Benign,0.2769,benign,https://doi.org/10.1101/2022.10.22.513328
D159N,0.98071,1.14694,0.3915689197260846,Neutral,Neutral,,,,1.0,,4.0552158186e-06,0.344,"cBioPortal,COSMIC",,True,1.0,,,,neutral,neutral,neutral,-,uncertain,uncertain,uncertain,,,,97.67,-,-0.27,0.491,-22.2006,loss_of_function,-2.60401190828592,0.5043873114880572,Uncertain,0.9466,pathogenic,https://doi.org/10.1101/2022.10.22.513328
T160A,-0.5754,0.16156,0.077308352723987,Neutral,Neutral,,,Uncertain,94.4,,,0.068,"cBioPortal,COSMIC",,True,94.4,,,,uncertain,,,DOWN,neutral,neutral,neutral,,,,96.33,T,0.015,2.766,-5.9129,gain_of_function,-0.149235384366313,0.0051875701347547,Benign,0.069,benign,https://doi.org/10.1101/2022.10.22.513328
T160M,-0.49339,-0.27007,-0.2126968609910517,Neutral,Neutral,,,Uncertain,94.4,,8.1005767611e-06,0.145,COSMIC,,True,94.4,,,,uncertain,,,UP,neutral,neutral,neutral,,,,96.33,T,-0.0399,2.766,-7.9128,loss_of_function,-0.567989644533442,0.0265750905709048,Benign,0.0919,benign,https://doi.org/10.1101/2022.10.22.513328
S162N,5.00131,2.18605,1.0571969585098622,Uncertain,Uncertain,,,,0.1,,,0.089,cBioPortal,,True,0.1,,,,uncertain,,,UP,neutral,neutral,neutral,,,,97.33,T,-0.0515,1.6224,-2.2517,loss_of_function,-1.04691927347754,0.008825473744846,Benign,0.4915,ambiguous,https://doi.org/10.1101/2022.10.22.513328
S163F,-0.55237,0.60748,-0.8671668328522764,Neutral,Neutral,,,Uncertain,60.2,,,0.212,"cBioPortal,COSMIC",,True,60.2,,,,uncertain,,,UP,neutral,neutral,neutral,,,,97.16,-,-0.0737,2.3569,-8.9128,loss_of_function,-2.4198711111763,0.3804097608431324,Uncertain,0.176,benign,https://doi.org/10.1101/2022.10.22.513328
A165E,5.78975,3.31531,3.074641288273328,Destabilizing,Destabilizing,,,,2.2,,,0.258,"cBioPortal,COSMIC",,True,2.2,,,,neutral,neutral,neutral,UP,neutral,neutral,neutral,,,,98.43,E,-0.1446,2.0358,-7.3309,loss_of_function,-1.75141928841933,0.1314869116236717,Benign,0.7816,pathogenic,https://doi.org/10.1101/2022.10.22.513328
A165V,1.90306,1.33469,0.3346629786027227,Neutral,Neutral,,,,2.2,9.5529231945e-05,5.2383868992e-05,0.218,cBioPortal,,True,2.2,,,,neutral,neutral,neutral,UP,neutral,neutral,neutral,,,,98.43,E,-0.0204,2.0358,-2.5236,loss_of_function,-0.659593756382028,0.0128841878218247,Benign,0.166,benign,https://doi.org/10.1101/2022.10.22.513328
I168M,1.97389,2.59252,2.016792025411776,Uncertain,Uncertain,-0.07556,0.16621,Neutral,0.8,,,0.305,COSMIC,,True,0.8,,,,neutral,neutral,neutral,-,uncertain,uncertain,uncertain,,,,98.36,E,-0.2492,0.7361,-22.2036,loss_of_function,-2.53052887865731,0.1625186247083513,Benign,0.5075,ambiguous,https://doi.org/10.1101/2022.10.22.513328
M170V,1.72102,1.16293,0.7163971355904891,Neutral,Neutral,0.55454,0.28479,Neutral,12.8,,,,clinvar,,False,12.8,,,,neutral,neutral,neutral,DOWN,neutral,neutral,neutral,2275520,Uncertain significance,1,92.44,-,-0.2357,1.2516,-22.2036,loss_of_function,-2.5949401601207,0.3079516219045867,Benign,0.2746,benign,https://doi.org/10.1101/2022.10.22.513328
I179V,1.39542,1.17347,1.3351694070793234,Neutral,Neutral,,,,0.0,,,0.161,"cBioPortal,COSMIC",,True,0.0,,,,neutral,neutral,neutral,DOWN,neutral,neutral,neutral,,,,97.39,H,-0.0934,0.8604,-2.8344,loss_of_function,-0.181487167169568,0.0504304126932331,Benign,0.191,benign,https://doi.org/10.1101/2022.10.22.513328
R180K,0.37674,0.50068,1.7113843886057227,Neutral,Neutral,,,Uncertain,21.3,,0.0,0.175,cBioPortal,,True,21.3,,,,neutral,neutral,neutral,-,uncertain,uncertain,uncertain,,,,96.86,H,0.0298,2.4267,-1.3447,gain_of_function,-0.265866983778321,0.0010636201264265,Benign,0.0995,benign,https://doi.org/10.1101/2022.10.22.513328
C183Y,19.36476,8.69626,3.6356709977293433,Destabilizing,Destabilizing,,,,0.0,,,0.564,COSMIC,,False,0.0,,,,neutral,neutral,neutral,UP,neutral,neutral,neutral,,,,97.07,H,-0.4215,0.803,-22.1673,loss_of_function,-3.4654798046119,0.6958968644904545,Pathogenic,0.9781,pathogenic,https://doi.org/10.1101/2022.10.22.513328
V187I,-0.10809,0.09116,-0.0749671237548649,Neutral,Neutral,,,Uncertain,105.9,0.0078025477707006,0.0068591417609698,0.006,cBioPortal,,True,105.9,,,,neutral,neutral,neutral,UP,neutral,neutral,destabilizing,,,,64.67,-,0.1143,3.3622,-4.3219,gain_of_function,-0.414522269275322,0.0047247546649229,Benign,0.0686,benign,https://doi.org/10.1101/2022.10.22.513328
P188A,0.94758,1.36531,-0.1914336569248065,Neutral,Neutral,,,Uncertain,45.0,0.0002865876958349,0.0002457853850369,0.023,"cBioPortal,COSMIC",,True,45.0,,,,neutral,neutral,neutral,DOWN,neutral,neutral,neutral,,,,57.96,-,0.016,2.7721,-4.876,gain_of_function,-0.0705148982153789,,,0.0612,benign,https://doi.org/10.1101/2022.10.22.513328
P188H,1.17114,1.5568,-0.797129633263568,Neutral,Neutral,,,Uncertain,45.0,,,0.026,"cBioPortal,COSMIC",,True,45.0,,,,neutral,neutral,neutral,UP,neutral,neutral,mixed_effects,,,,57.96,-,-0.0323,2.7721,-6.7504,loss_of_function,-0.683659832398307,,,0.0855,benign,https://doi.org/10.1101/2022.10.22.513328
G191D,2.26202,0.45952,0.7637922600063204,Uncertain,Uncertain,,,Uncertain,106.0,,,0.033,cBioPortal,,False,106.0,,,,neutral,neutral,neutral,UP,neutral,neutral,mixed_effects,,,,39.89,-,-0.1118,2.6007,-4.0444,loss_of_function,-0.128094321004391,,,0.0936,benign,https://doi.org/10.1101/2022.10.22.513328
T193S,0.00812,0.09864,0.1230936449052955,Neutral,Neutral,,,Uncertain,96.8,,,,cBioPortal,,False,96.8,,,,neutral,,,DOWN,neutral,neutral,stabilizing,,,,37.08,-,0.1126,3.2758,-3.0973,gain_of_function,-0.018976247818831,,,0.0721,benign,https://doi.org/10.1101/2022.10.22.513328
A194E,-0.59475,-0.02891,-0.6046421385466072,Neutral,Neutral,,,Uncertain,110.4,,,0.164,"cBioPortal,COSMIC",,False,110.4,,,,neutral,neutral,neutral,UP,neutral,neutral,mixed_effects,,,,37.03,-,-0.0198,3.2652,-5.0523,loss_of_function,-0.296513303551027,,,0.1759,benign,https://doi.org/10.1101/2022.10.22.513328
A194V,-0.05381,0.70986,-0.3818452436016528,Neutral,Neutral,,,Uncertain,110.4,,4.0314777785e-06,0.162,"cBioPortal,COSMIC",,False,110.4,,,,neutral,neutral,neutral,UP,neutral,neutral,mixed_effects,,,,37.03,-,0.0831,3.2652,-4.4243,gain_of_function,-0.0740472144925362,,,0.091,benign,https://doi.org/10.1101/2022.10.22.513328
P196S,0.73509,1.01905,-0.0127039973635129,Neutral,Neutral,,,Uncertain,94.7,,,0.037,"cBioPortal,COSMIC",,True,94.7,,,,neutral,neutral,neutral,DOWN,neutral,neutral,stabilizing,,,,38.0,-,0.0299,2.8538,-3.6922,gain_of_function,-0.0705250799098902,,,0.0789,benign,https://doi.org/10.1101/2022.10.22.513328
S199F,-0.32241,0.59898,-0.0254005914234922,Neutral,Neutral,,,Uncertain,106.1,,,0.179,COSMIC,,True,106.1,,,,uncertain,,,UP,neutral,neutral,destabilizing,,,,38.08,-,0.039,3.431,-6.2055,gain_of_function,-0.212078650988331,,,0.1004,benign,https://doi.org/10.1101/2022.10.22.513328
D200N,-0.50222,0.03095,0.0581605174901206,Neutral,Neutral,,,Uncertain,97.4,,,,clinvar,,True,97.4,,,,neutral,neutral,neutral,-,uncertain,uncertain,uncertain,2384237,Uncertain significance,1,39.23,-,0.0735,3.2229,-4.1497,gain_of_function,-0.0032549938557156,,,0.0725,benign,https://doi.org/10.1101/2022.10.22.513328
R201W,2.59862,0.47075,-0.1040915214772081,Uncertain,Uncertain,,,Uncertain,101.5,,1.21460440335e-05,0.094,cBioPortal,,False,101.5,,,,neutral,neutral,neutral,UP,neutral,neutral,destabilizing,,,,39.62,-,-0.0507,3.3298,-8.4135,loss_of_function,-0.127922937237895,,,0.0789,benign,https://doi.org/10.1101/2022.10.22.513328
C203S,-1.19296,-2.48878,-0.7179488733140765,Uncertain,Neutral,,,Uncertain,76.3,,,,clinvar,,False,76.3,,,,neutral,neutral,neutral,DOWN,neutral,neutral,stabilizing,2373094,Uncertain significance,1,39.19,-,-0.0614,3.5618,-3.7901,loss_of_function,-0.044582522106644,,,0.1035,benign,https://doi.org/10.1101/2022.10.22.513328
N204S,0.22718,-0.22789,-0.0481490176598509,Neutral,Neutral,,,Uncertain,104.2,,4.0579804243e-06,0.113,"cBioPortal,COSMIC",,False,104.2,,,,neutral,neutral,neutral,DOWN,neutral,neutral,stabilizing,,,,38.41,-,0.0279,2.472,-2.7947,gain_of_function,-0.658017270037215,,,0.0897,benign,https://doi.org/10.1101/2022.10.22.513328
P207S,0.94066,0.65374,-0.1881899064755077,Neutral,Neutral,,,Uncertain,93.0,,,0.105,"cBioPortal,COSMIC",,False,93.0,,,,neutral,neutral,neutral,DOWN,neutral,neutral,stabilizing,,,,37.19,-,0.0368,2.9186,-3.5093,gain_of_function,-0.390451290390933,,,0.0846,benign,https://doi.org/10.1101/2022.10.22.513328
A208G,-0.10265,0.42823,0.4090989096497655,Neutral,Neutral,,,Uncertain,110.3,,,,clinvar,,False,110.3,,,,neutral,neutral,neutral,DOWN,neutral,neutral,stabilizing,2463021,Uncertain significance,1,36.44,-,0.0514,3.1972,-4.3497,gain_of_function,-0.212166315527831,,,0.0742,benign,https://doi.org/10.1101/2022.10.22.513328
A210T,0.47273,0.69898,-0.0423055523024729,Neutral,Neutral,,,Uncertain,106.2,,4.1163782458e-06,0.037,"cBioPortal,COSMIC",,False,106.2,,,,neutral,neutral,neutral,UP,neutral,neutral,mixed_effects,,,,33.29,-,0.0538,2.9938,-4.6818,gain_of_function,-0.0258706325008652,,,0.0669,benign,https://doi.org/10.1101/2022.10.22.513328
T213I,-0.11167,-0.22585,-0.3969552561996453,Neutral,Neutral,,,Uncertain,90.7,,,0.067,cBioPortal,,False,90.7,,,,uncertain,,,UP,neutral,neutral,destabilizing,,,,38.13,-,0.0464,3.4058,-6.2365,gain_of_function,-0.782317483255834,,,0.0927,benign,https://doi.org/10.1101/2022.10.22.513328
N214I,0.15367,1.09422,-0.1309488012593096,Neutral,Neutral,,,Uncertain,109.5,,4.1989989586e-06,0.03,"cBioPortal,COSMIC,clinvar",,True,109.5,,,,neutral,neutral,neutral,UP,neutral,neutral,mixed_effects,2376946,Uncertain significance,1,47.19,-,0.0185,3.5086,-7.5849,gain_of_function,-0.702164072325933,0.005602265527451,Benign,0.089,benign,https://doi.org/10.1101/2022.10.22.513328
P216S,1.13699,0.82211,0.1525276627134386,Neutral,Neutral,,,Uncertain,83.8,,,0.083,"cBioPortal,COSMIC",,True,83.8,,,,neutral,neutral,neutral,DOWN,neutral,neutral,destabilizing,,,,64.55,-,0.0769,3.3451,-3.3255,gain_of_function,0.0750675314873754,0.0019458516624625,Benign,0.0681,benign,https://doi.org/10.1101/2022.10.22.513328
P218L,0.54579,-0.02381,-0.9119903936160444,Neutral,Neutral,,,Uncertain,62.9,,,,cBioPortal,,True,62.9,,,,neutral,neutral,neutral,UP,neutral,neutral,destabilizing,,,,91.04,S,0.037,3.3928,-2.3973,gain_of_function,0.0456716615786464,0.0010453410866034,Benign,0.0644,benign,https://doi.org/10.1101/2022.10.22.513328
V223L,1.03578,-0.08231,0.7051581709741883,Neutral,Neutral,,,,0.5,,,0.219,cBioPortal,,False,0.5,,,,neutral,neutral,neutral,UP,neutral,neutral,neutral,,,,98.88,E,-0.126,1.2592,-0.738,loss_of_function,-0.684329088230503,0.001856444741795,Benign,0.2382,benign,https://doi.org/10.1101/2022.10.22.513328
P227S,4.9223,2.77823,0.1695167520387103,Uncertain,Uncertain,0.6744,0.24402,Neutral,1.2,,,0.526,cBioPortal,,False,1.2,,,,neutral,neutral,neutral,DOWN,neutral,neutral,neutral,,,,98.2,E,-0.2507,0.039,-7.9098,loss_of_function,-4.43399387149818,0.579342021715466,Uncertain,0.9598,pathogenic,https://doi.org/10.1101/2022.10.22.513328
L228R,9.08325,6.49932,4.112175925644751,Destabilizing,Destabilizing,0.20912,0.07386,Neutral,0.0,,,,clinvar,,False,0.0,,,,neutral,neutral,neutral,UP,neutral,neutral,neutral,2336517,Uncertain significance,1,97.04,E,-0.4742,0.2752,-22.1976,loss_of_function,-5.27736541882801,0.9339670283191828,Pathogenic,0.9832,pathogenic,https://doi.org/10.1101/2022.10.22.513328
R229C,2.44619,1.28129,2.1779847898799085,Uncertain,Uncertain,3.35512,2.95053,Destabilizing,32.8,,,0.669,cBioPortal,,True,32.8,,,,neutral,neutral,neutral,DOWN,neutral,neutral,neutral,,,,95.76,E,-0.4165,0.0216,-22.1976,loss_of_function,-6.60918100178555,0.9959875724127364,Pathogenic,0.9667,pathogenic,https://doi.org/10.1101/2022.10.22.513328
R229H,2.47598,0.91122,1.3092596412529922,Uncertain,Uncertain,4.00968,2.59569,Destabilizing,32.8,,5.0502499874e-06,0.769,cBioPortal,,True,32.8,,,,neutral,neutral,neutral,DOWN,neutral,neutral,neutral,,,,95.76,E,-0.3774,0.0216,-22.1976,loss_of_function,-6.29312728277515,0.9848336831427064,Pathogenic,0.9583,pathogenic,https://doi.org/10.1101/2022.10.22.513328
T233R,0.73555,1.15374,-0.2594095441733246,Neutral,Neutral,-0.20882,0.02092,Neutral,53.2,,,0.204,cBioPortal,,True,53.2,,,,uncertain,,,UP,neutral,neutral,stabilizing,,,,90.57,S,-0.1485,2.0334,-7.9068,loss_of_function,-2.94254571356739,0.0708524282906369,Benign,0.3481,ambiguous,https://doi.org/10.1101/2022.10.22.513328
E237K,-0.44734,-0.60884,0.2171020074189533,Neutral,Neutral,-0.0565,-0.01031,Neutral,102.1,,2.22689870951e-05,0.169,cBioPortal,,True,102.1,,,,neutral,neutral,neutral,UP,neutral,neutral,stabilizing,,,,92.7,G,-0.0701,2.0571,-5.9099,loss_of_function,-1.30691423007576,0.0151213332630534,Benign,0.0693,benign,https://doi.org/10.1101/2022.10.22.513328
V240M,-0.97852,0.43844,1.0311911319502567,Neutral,Neutral,-0.0001,-0.17208,Neutral,19.8,,6.36397297047e-05,0.134,COSMIC,,True,19.8,,,,neutral,neutral,neutral,UP,neutral,neutral,neutral,,,,95.08,H,-0.0634,2.3356,-6.1025,loss_of_function,-0.360625676313822,0.0144094955697229,Benign,0.0828,benign,https://doi.org/10.1101/2022.10.22.513328
T242M,-1.71957,1.93946,-0.0398853723540604,Neutral,Neutral,,,,1.2,,2.37298592819e-05,0.159,cBioPortal,,True,1.2,,,,uncertain,,,UP,neutral,neutral,neutral,,,,95.65,H,-0.1521,2.3393,-22.1976,loss_of_function,-3.3996777224355,0.2026096522167049,Benign,0.1277,benign,https://doi.org/10.1101/2022.10.22.513328
H245Y,-1.44089,-0.21122,-0.450890249499864,Neutral,Neutral,,,Uncertain,29.4,,,,cBioPortal,,False,29.4,,,,neutral,neutral,neutral,UP,neutral,neutral,neutral,,,,96.95,H,0.0343,3.2914,-22.1765,gain_of_function,-1.76387756409923,0.0198439785321827,Benign,0.0782,benign,https://doi.org/10.1101/2022.10.22.513328
M249I,1.91475,-0.38231,0.1130853663638076,Neutral,Neutral,,,,4.0,,,0.079,cBioPortal,,False,4.0,,,,neutral,neutral,neutral,-,uncertain,uncertain,uncertain,,,,98.4,S,-0.0235,2.1682,-3.4293,loss_of_function,-0.928628380133426,0.0095792222393939,Benign,0.6044,pathogenic,https://doi.org/10.1101/2022.10.22.513328
G257R,15.56112,7.72891,8.854606901656783,Destabilizing,Destabilizing,0.349,0.30142,Neutral,0.0,3.18694626809e-05,,0.841,"cBioPortal,COSMIC",,False,0.0,,,,neutral,neutral,neutral,UP,neutral,neutral,stabilizing,,,,97.91,E,-0.4543,0.0612,-22.1765,loss_of_function,-8.3566714960483,0.9993134479561484,Pathogenic,0.9983,pathogenic,https://doi.org/10.1101/2022.10.22.513328
K259N,-0.17875,1.65748,0.2047996802361879,Neutral,Neutral,0.04292,0.14016,Neutral,69.3,,,0.327,cBioPortal,,False,69.3,,,,neutral,neutral,neutral,DOWN,neutral,neutral,neutral,,,,89.64,E,-0.2617,0.8553,-22.1765,loss_of_function,-4.48590936947934,0.7094371884189105,Pathogenic,0.9911,pathogenic,https://doi.org/10.1101/2022.10.22.513328
N261S,0.19639,0.79218,0.7479569014446427,Neutral,Neutral,0.4704,-0.13543,Neutral,44.6,,,0.373,cBioPortal,,False,44.6,,,,neutral,neutral,neutral,DOWN,neutral,neutral,neutral,,,,88.04,T,-0.1633,0.5272,-5.1883,loss_of_function,-2.1473801604234,0.1890983643311333,Benign,0.1597,benign,https://doi.org/10.1101/2022.10.22.513328
A263T,1.18841,4.51667,1.7287739043801436,Uncertain,Neutral,1.79086,1.22965,Destabilizing,0.0,,,0.801,COSMIC,,False,0.0,,,,neutral,neutral,neutral,UP,neutral,neutral,stabilizing,,,,97.16,E,-0.2812,0.323,-22.1765,loss_of_function,-4.79366053787767,0.9975653697599796,Pathogenic,0.989,pathogenic,https://doi.org/10.1101/2022.10.22.513328
Y265H,3.32054,2.41395,2.221812139183115,Uncertain,Uncertain,0.0,-0.00801,Neutral,0.3,,,0.718,COSMIC,,True,0.3,,,,uncertain,,,DOWN,neutral,neutral,neutral,,,,98.78,E,-0.2558,0.3896,-8.8856,loss_of_function,-2.26154887275194,0.7629001659542335,Pathogenic,0.9784,pathogenic,https://doi.org/10.1101/2022.10.22.513328
F266Y,1.62336,0.80816,0.5594277423531258,Neutral,Neutral,,,,0.7,,,,cBioPortal,,True,0.7,,,,neutral,neutral,neutral,-,uncertain,uncertain,uncertain,,,,98.77,E,-0.3061,0.3771,-22.1734,loss_of_function,-3.58586550535247,0.8585657200018637,Pathogenic,0.8337,pathogenic,https://doi.org/10.1101/2022.10.22.513328
G268S,8.88272,5.91088,2.20923005715096,Destabilizing,Uncertain,,,,0.0,,0.0,0.837,COSMIC,,True,0.0,,,,neutral,neutral,neutral,UP,neutral,neutral,neutral,,,,98.58,E,-0.3872,0.0219,-22.1734,loss_of_function,-6.38456906946146,0.9989149913580236,Pathogenic,0.9462,pathogenic,https://doi.org/10.1101/2022.10.22.513328
V270F,3.56986,2.12347,0.8641536838063681,Uncertain,Uncertain,,,,4.8,,,0.29,cBioPortal,,True,4.8,,,,neutral,neutral,neutral,UP,neutral,neutral,neutral,,,,97.19,E,-0.1438,2.2057,-6.3007,loss_of_function,-2.43652319276158,0.0352398178160892,Benign,0.2493,benign,https://doi.org/10.1101/2022.10.22.513328
V270I,-0.80072,0.1949,0.3434862766235763,Neutral,Neutral,,,,4.8,,8.9759355169e-06,0.184,"cBioPortal,COSMIC",,True,4.8,,,,neutral,neutral,neutral,UP,neutral,neutral,neutral,,,,97.19,E,0.0094,2.2057,-4.0277,gain_of_function,-0.404686474129777,0.0331133613395777,Benign,0.0903,benign,https://doi.org/10.1101/2022.10.22.513328
G271V,3.95968,7.76735,3.2031883770186864,Destabilizing,Destabilizing,,,Uncertain,55.4,,,0.529,"cBioPortal,COSMIC",,True,55.4,,,,neutral,neutral,neutral,UP,neutral,neutral,neutral,,,,96.18,T,-0.3706,1.082,-22.1734,loss_of_function,-4.95742865105062,0.8576210538758121,Pathogenic,0.8542,pathogenic,https://doi.org/10.1101/2022.10.22.513328
D278N,1.27897,-0.03401,1.5196255383145174,Neutral,Neutral,0.02306,-0.01383,Neutral,8.6,,,0.877,COSMIC,,True,8.6,,,,neutral,neutral,neutral,-,uncertain,uncertain,uncertain,,,,97.59,-,-0.311,0.044,-22.1642,loss_of_function,-4.70773268101786,0.995133945239863,Pathogenic,0.9523,pathogenic,https://doi.org/10.1101/2022.10.22.513328
A285T,0.99616,0.63333,0.5126944304186473,Neutral,Neutral,,,,12.7,,,0.235,cBioPortal,,False,12.7,,,,neutral,neutral,neutral,UP,neutral,neutral,neutral,,,,97.48,-,0.0061,2.4357,-3.9635,gain_of_function,-1.02072479031945,0.0055699681343489,Benign,0.1061,benign,https://doi.org/10.1101/2022.10.22.513328
C292R,-0.1424,0.46803,-0.6693483498905017,Neutral,Neutral,,,Uncertain,65.9,,,0.048,"cBioPortal,COSMIC",,False,65.9,,,,neutral,neutral,neutral,UP,neutral,neutral,neutral,,,,73.37,S,-0.154,3.3743,-6.4982,loss_of_function,-0.624196075645529,0.0039171058376488,Benign,0.0939,benign,https://doi.org/10.1101/2022.10.22.513328
H300R,12.19583,3.34762,1.9223937202485075,Destabilizing,Uncertain,,,,0.0,,,0.564,cBioPortal,,False,0.0,,,,neutral,neutral,neutral,UP,neutral,neutral,neutral,,,,98.08,B,-0.2565,0.0939,-8.8547,loss_of_function,-5.2499469945083,0.6264085047015585,Uncertain,0.8743,pathogenic,https://doi.org/10.1101/2022.10.22.513328
P304L,0.66566,0.18129,-0.8608804857714947,Neutral,Neutral,,,Uncertain,34.1,,,,clinvar,,False,34.1,,,,neutral,neutral,neutral,UP,neutral,neutral,neutral,2383969,Uncertain significance,1,88.75,-,-0.0668,2.5551,-7.6329,loss_of_function,-3.01981516464641,,,0.1677,benign,https://doi.org/10.1101/2022.10.22.513328
R307H,-0.27923,-0.77789,0.9116013333555149,Neutral,Neutral,,,,10.2,3.1887755102e-05,1.00249621558e-05,0.334,"cBioPortal,COSMIC",,False,10.2,,,,neutral,neutral,neutral,DOWN,neutral,neutral,neutral,,,,95.46,E,-0.2041,0.9239,-4.4983,loss_of_function,-2.57621143308676,0.0573871750639238,Benign,0.3829,ambiguous,https://doi.org/10.1101/2022.10.22.513328
A311T,0.33873,-0.57687,0.3404373644282232,Neutral,Neutral,,,Uncertain,85.4,,1.04322063073e-05,0.018,cBioPortal,,False,85.4,,,,neutral,neutral,neutral,UP,neutral,neutral,stabilizing,,,,95.24,G,0.1111,3.5061,-2.6818,gain_of_function,-0.15226168880428,0.0014086507822026,Benign,0.0626,benign,https://doi.org/10.1101/2022.10.22.513328
A311V,0.88088,0.06429,0.1623002795111394,Neutral,Neutral,,,Uncertain,85.4,,2.10026673388e-05,0.118,"cBioPortal,COSMIC",,False,85.4,,,,neutral,neutral,neutral,UP,neutral,neutral,stabilizing,,,,95.24,G,0.0928,3.5061,-6.8517,gain_of_function,-0.305220878643706,0.0114711269252975,Benign,0.0834,benign,https://doi.org/10.1101/2022.10.22.513328
E312K,-0.26377,0.75136,0.2281326609966155,Neutral,Neutral,-0.03296,0.06173,Neutral,75.3,,,0.202,cBioPortal,,False,75.3,,,,neutral,neutral,neutral,UP,neutral,neutral,stabilizing,,,,94.82,G,0.016,2.9285,-4.7643,gain_of_function,-1.12094960891767,0.0094687752897278,Benign,0.1943,benign,https://doi.org/10.1101/2022.10.22.513328
L313I,1.99509,1.38878,1.2976531941432774,Neutral,Neutral,0.0021,-0.02211,Neutral,0.9,0.0008611890788466,0.0008089588224097,0.151,COSMIC,,False,0.9,,,,neutral,neutral,neutral,-,uncertain,uncertain,uncertain,,,,96.07,S,-0.0593,1.4999,-3.3599,loss_of_function,-0.562854814575253,0.027051236174412,Benign,0.1104,benign,https://doi.org/10.1101/2022.10.22.513328
D314Y,-0.77915,-0.97959,-0.3685965680113195,Neutral,Neutral,2.70674,2.46579,Destabilizing,18.5,,,0.751,"cBioPortal,COSMIC",,False,18.5,,,,neutral,neutral,neutral,UP,neutral,neutral,stabilizing,,,,95.64,-,-0.3911,0.0224,-22.1395,loss_of_function,-8.07392521347162,0.9980427418312408,Pathogenic,0.9879,pathogenic,https://doi.org/10.1101/2022.10.22.513328
P315R,9.18128,5.0,3.794442956785472,Destabilizing,Destabilizing,0.12744,1.64152,Uncertain,1.1,,,0.661,COSMIC,,False,1.1,,,,neutral,neutral,neutral,UP,neutral,neutral,stabilizing,,,,96.28,S,-0.397,0.0001,-22.1395,loss_of_function,-8.09962500168571,0.997554213835322,Pathogenic,0.992,pathogenic,https://doi.org/10.1101/2022.10.22.513328
A318T,-1.16879,-0.72245,0.8803847886137469,Neutral,Neutral,0.2438,0.03647,Neutral,0.0,3.1901997065e-05,5.3915331364e-06,0.479,"cBioPortal,COSMIC",,False,0.0,,,,neutral,neutral,neutral,UP,neutral,neutral,neutral,,,,98.6,E,-0.1843,0.4821,-6.0444,loss_of_function,-2.832049639666,0.2581251346524054,Benign,0.6999,pathogenic,https://doi.org/10.1101/2022.10.22.513328
V319A,2.70105,2.77755,2.617014717725596,Uncertain,Uncertain,-0.06092,0.00155,Neutral,0.3,,,0.136,cBioPortal,,False,0.3,,,,neutral,neutral,neutral,DOWN,neutral,neutral,neutral,,,,98.71,E,-0.1036,1.6616,-3.7193,loss_of_function,-1.14776936811705,0.0849058058446207,Benign,0.2487,benign,https://doi.org/10.1101/2022.10.22.513328
G320V,2.1899,1.35612,4.305165332003151,Uncertain,Uncertain,0.02834,-0.01982,Neutral,0.0,,,0.587,COSMIC,,False,0.0,,,,neutral,neutral,neutral,UP,neutral,neutral,neutral,,,,98.85,E,-0.2495,1.4997,-5.9838,loss_of_function,-2.45577782952884,0.680191623464669,Pathogenic,0.9738,pathogenic,https://doi.org/10.1101/2022.10.22.513328
F322L,2.23407,2.28537,2.2972747100162407,Uncertain,Uncertain,,,,6.1,,,0.207,"cBioPortal,COSMIC",,False,6.1,,,,neutral,neutral,neutral,DOWN,neutral,neutral,neutral,,,,98.9,E,-0.107,1.6344,-3.0534,loss_of_function,-2.12312112671575,0.0171973313278444,Benign,0.9304,pathogenic,https://doi.org/10.1101/2022.10.22.513328
K324M,0.78301,-0.02755,-0.1628486166810555,Neutral,Neutral,,,Uncertain,52.0,,,0.248,COSMIC,,True,52.0,,,,neutral,neutral,neutral,DOWN,neutral,neutral,neutral,,,,98.22,S,-0.0527,3.0313,-22.0592,loss_of_function,-2.66632004014858,0.2648305646668975,Benign,0.1535,benign,https://doi.org/10.1101/2022.10.22.513328
D327Y,0.32125,0.14728,-0.0524835984777338,Neutral,Neutral,,,Uncertain,102.1,,,0.325,cBioPortal,,True,102.1,,,,neutral,neutral,neutral,UP,neutral,neutral,stabilizing,,,,98.14,H,-0.0448,3.0441,-8.7614,loss_of_function,-2.07913869337021,0.1173033286531985,Benign,0.1526,benign,https://doi.org/10.1101/2022.10.22.513328
F329L,1.33998,1.82551,2.514613137279197,Neutral,Uncertain,,,,0.1,,,0.307,cBioPortal,,True,0.1,,,,neutral,neutral,neutral,DOWN,neutral,neutral,neutral,,,,98.53,H,-0.2218,0.5124,-5.3054,loss_of_function,-1.61298991116909,0.0848344797774241,Benign,0.9661,pathogenic,https://doi.org/10.1101/2022.10.22.513328
N330I,-0.54273,0.06088,-0.6744170786088649,Neutral,Neutral,,,Uncertain,53.9,,,,clinvar,,False,53.9,,,,neutral,neutral,neutral,UP,neutral,neutral,neutral,2261704,Uncertain significance,1,98.24,H,-0.0999,2.1771,-6.7615,loss_of_function,-1.76765135739375,0.0214562712170437,Benign,0.1453,benign,https://doi.org/10.1101/2022.10.22.513328
N330S,-0.2502,0.19456,0.55039733191383,Neutral,Neutral,,,Uncertain,53.9,0.0489695654948,0.0312402078007751,0.106,"cBioPortal,COSMIC",,False,53.9,,,,neutral,neutral,neutral,DOWN,neutral,neutral,neutral,,,,98.24,H,-0.0135,2.1771,-5.5916,loss_of_function,-0.605597011951701,0.0324391607155585,Benign,0.0608,benign,https://doi.org/10.1101/2022.10.22.513328
L346M,-0.1199,0.68571,0.5853486249781853,Neutral,Neutral,-0.16046,-0.05777,Neutral,61.8,,,0.155,cBioPortal,,False,61.8,,,,neutral,neutral,neutral,-,uncertain,uncertain,uncertain,,,,89.4,-,-0.0116,2.4223,-6.0945,loss_of_function,-1.75416672605956,0.0541133772449022,Benign,0.2093,benign,https://doi.org/10.1101/2022.10.22.513328
P347L,0.37267,-0.30714,-1.5651908550740194,Neutral,Neutral,0.37,0.02181,Neutral,45.4,,,0.239,"cBioPortal,COSMIC",,False,45.4,,,,neutral,neutral,neutral,UP,neutral,neutral,neutral,,,,91.86,-,-0.1725,1.3763,-7.0945,loss_of_function,-1.66762882126723,0.2644976615888111,Benign,0.4786,ambiguous,https://doi.org/10.1101/2022.10.22.513328
E350K,-0.47275,-0.14932,0.2370881070856439,Neutral,Neutral,-0.2955,2.03457,Uncertain,63.2,,,0.357,"cBioPortal,COSMIC",,False,63.2,,,,neutral,neutral,neutral,UP,neutral,neutral,neutral,,,,92.99,E,-0.2381,0.3842,-8.6829,loss_of_function,-3.82133531755731,0.9718374972918328,Pathogenic,0.9558,pathogenic,https://doi.org/10.1101/2022.10.22.513328
L354Q,0.54365,0.35578,0.6588707735209487,Neutral,Neutral,0.00014,-0.03745,Neutral,70.5,0.8232981783317354,0.8154686945009526,0.059,"cBioPortal,COSMIC",,False,70.5,,,,neutral,neutral,neutral,DOWN,neutral,neutral,neutral,,,,88.87,S,-0.0363,3.3043,-2.6487,loss_of_function,0.504917585021387,0.0001669767279599,Benign,0.0319,benign,https://doi.org/10.1101/2022.10.22.513328
Q355K,-0.99435,-0.41293,0.756382207047403,Neutral,Neutral,0.03694,0.13383,Neutral,38.9,3.18816552955e-05,8.0609407118e-06,0.133,cBioPortal,,False,38.9,,,,neutral,neutral,neutral,UP,neutral,neutral,neutral,,,,77.01,-,-0.038,2.1864,-3.8387,loss_of_function,-1.08536805285302,0.0040772427356386,Benign,0.1541,benign,https://doi.org/10.1101/2022.10.22.513328
A360T,0.23118,-0.44116,-0.2074833759121835,Neutral,Neutral,-0.0195,0.08076,Neutral,95.8,,,0.01,cBioPortal,,False,95.8,,,,neutral,neutral,neutral,UP,neutral,neutral,stabilizing,,,,56.71,-,0.0573,2.9832,-3.8123,gain_of_function,-0.282767299396273,0.0025544293186354,Benign,0.0748,benign,https://doi.org/10.1101/2022.10.22.513328
A360V,0.26238,-1.13367,-0.1882390166783254,Neutral,Neutral,2e-05,-0.23771,Neutral,95.8,,,0.069,"cBioPortal,COSMIC",,False,95.8,,,,neutral,neutral,neutral,UP,neutral,neutral,stabilizing,,,,56.71,-,0.0631,2.9832,-3.2504,gain_of_function,-0.214676739059086,0.0022867261680569,Benign,0.0895,benign,https://doi.org/10.1101/2022.10.22.513328
C361Y,-0.15683,-0.14354,-0.8043574452995816,Neutral,Neutral,0.0151,-0.19303,Neutral,70.6,9.56388676358e-05,2.4180288229e-05,0.065,COSMIC,,False,70.6,,,,neutral,neutral,neutral,UP,neutral,neutral,stabilizing,,,,53.58,-,-0.0913,3.5008,-6.098,loss_of_function,-0.801781201933951,0.0038343721817752,Benign,0.104,benign,https://doi.org/10.1101/2022.10.22.513328
P362H,0.8177,0.5551,-0.5349970928991848,Neutral,Neutral,-0.07252,-0.2455,Neutral,71.4,,,0.082,COSMIC,,False,71.4,,,,neutral,neutral,neutral,UP,neutral,neutral,stabilizing,,,,55.73,T,-0.0642,2.5059,-8.1995,loss_of_function,-1.05784239699495,0.061288803157175,Benign,0.1436,benign,https://doi.org/10.1101/2022.10.22.513328
P362L,0.2237,-0.15646,-0.630340726429296,Neutral,Neutral,0.13398,-0.17156,Neutral,71.4,,,,COSMIC,,False,71.4,,,,neutral,neutral,neutral,UP,neutral,neutral,stabilizing,,,,55.73,T,-0.0661,2.5059,-6.6147,loss_of_function,-0.73578625895769,0.0241837027979872,Benign,0.1264,benign,https://doi.org/10.1101/2022.10.22.513328
D363N,-0.10158,-0.40306,0.2038626034699253,Neutral,Neutral,0.41216,0.01371,Neutral,92.7,,1.61178537466e-05,0.259,cBioPortal,,False,92.7,,,,neutral,neutral,neutral,-,uncertain,uncertain,uncertain,,,,56.37,T,-0.0469,1.9641,-5.0346,loss_of_function,-0.233047268613779,0.0262057722299659,Benign,0.1334,benign,https://doi.org/10.1101/2022.10.22.513328
V364I,-0.17727,-0.3,-0.3506278305148685,Neutral,Neutral,-0.01648,-0.04272,Neutral,49.9,,4.0297881943e-06,0.082,"cBioPortal,COSMIC",,False,49.9,,,,neutral,neutral,neutral,UP,neutral,neutral,stabilizing,,,,53.85,-,0.0466,2.6743,-5.1898,gain_of_function,-0.0888526585276497,0.0291848953789061,Benign,0.0779,benign,https://doi.org/10.1101/2022.10.22.513328
S371F,0.03359,0.27585,-0.2428641730400099,Neutral,Neutral,0.0,-0.08414,Neutral,108.5,,,0.122,"cBioPortal,COSMIC",,False,108.5,,,,uncertain,,,UP,neutral,neutral,neutral,,,,64.8,H,0.0111,2.8997,-2.0938,gain_of_function,-0.120529644487193,,,0.1251,benign,https://doi.org/10.1101/2022.10.22.513328
S372F,0.1533,-0.20612,-0.020304272995521,Neutral,Neutral,-0.029,0.01631,Neutral,78.8,,,0.246,COSMIC,,False,78.8,,,,uncertain,,,UP,neutral,neutral,stabilizing,,,,66.55,H,-0.0446,2.5726,-7.1085,loss_of_function,-0.15119500625572,,,0.2074,benign,https://doi.org/10.1101/2022.10.22.513328
D373Y,-1.54161,1.12007,-1.1382829535191574,Neutral,Neutral,0.5101,-0.07051,Neutral,13.6,,,0.24,cBioPortal,,False,13.6,,,,neutral,neutral,neutral,UP,neutral,neutral,stabilizing,,,,64.61,H,-0.1897,2.1683,-21.3699,loss_of_function,-0.98716568131099,,,0.3864,ambiguous,https://doi.org/10.1101/2022.10.22.513328
E378G,0.77468,1.07993,1.118691695726494,Neutral,Neutral,0.28586,0.15544,Neutral,77.2,,,0.175,COSMIC,,False,77.2,,,,neutral,neutral,neutral,DOWN,neutral,neutral,neutral,,,,57.54,H,-0.0854,1.8831,-5.0498,loss_of_function,-0.606280333900756,,,0.394,ambiguous,https://doi.org/10.1101/2022.10.22.513328
R379I,1.73723,0.43946,0.2151720768581966,Neutral,Neutral,-0.11586,0.01152,Neutral,76.5,,,0.37,"cBioPortal,COSMIC",,False,76.5,,,,neutral,neutral,neutral,DOWN,neutral,neutral,neutral,,,,57.4,H,-0.2629,1.8678,-21.3592,loss_of_function,-1.20412083943027,,,0.6349,pathogenic,https://doi.org/10.1101/2022.10.22.513328
D382E,-0.03845,-0.19116,-0.3565443421386688,Neutral,Neutral,-0.3848,0.15067,Neutral,99.7,,,0.112,cBioPortal,,False,99.7,,,,neutral,neutral,neutral,UP,neutral,neutral,stabilizing,,,,45.45,T,-0.095,1.0885,-2.9515,loss_of_function,-0.431815856982396,,,0.6292,pathogenic,https://doi.org/10.1101/2022.10.22.513328
D382Y,-0.44418,-1.0381,-0.2479936971025004,Neutral,Neutral,-0.22068,0.01697,Neutral,99.7,,,0.209,cBioPortal,,False,99.7,,,,neutral,neutral,neutral,UP,neutral,neutral,stabilizing,,,,45.45,T,-0.2211,1.0885,-8.0388,loss_of_function,-0.792637397493765,,,0.7675,pathogenic,https://doi.org/10.1101/2022.10.22.513328
E384K,-0.43048,0.07449,0.0954362912383921,Neutral,Neutral,0.6608,0.12572,Neutral,114.3,,4.9149226883e-06,0.329,cBioPortal,,False,114.3,,,,neutral,neutral,neutral,UP,neutral,neutral,stabilizing,,,,38.53,-,-0.1997,1.5003,-21.2877,loss_of_function,-2.05947613597841,,,0.7281,pathogenic,https://doi.org/10.1101/2022.10.22.513328
D385N,-0.10446,-0.0119,0.0424257931828608,Neutral,Neutral,1.06164,1.3901,Destabilizing,96.8,,,0.202,cBioPortal,,True,96.8,,,,neutral,neutral,neutral,-,uncertain,uncertain,uncertain,,,,42.34,-,-0.1918,0.4933,-6.9248,loss_of_function,-0.675501569915825,,,0.7652,pathogenic,https://doi.org/10.1101/2022.10.22.513328
L391M,0.16428,0.33844,0.2201594087103398,Neutral,Neutral,-0.25814,0.36462,Neutral,96.0,,,0.316,COSMIC,,True,96.0,,,,neutral,neutral,neutral,-,uncertain,uncertain,uncertain,,,,35.14,-,-0.277,0.3841,-21.3484,loss_of_function,-1.79395919946961,,,0.62,pathogenic,https://doi.org/10.1101/2022.10.22.513328
