Mutation,"Stability (FoldX5, alphafold, kcal/mol)","Stability (Rosetta Cartddg2020, alphafold, kcal/mol)","Stability (RaSP, alphafold, kcal/mol)","Stability classification, alphafold, (Rosetta, FoldX)","Stability classification, alphafold, (RaSP, FoldX)","Local Int. (Binding with UBQ_2JRI, heterodimer, FoldX5, kcal/mol)","Local Int. (Binding with UBQ_2JRI, heterodimer, Rosetta Talaris 2014, kcal/mol)",Local Int. classification (UBQ_2JRI),Relative Side Chain Solvent Accessibility in wild-type,gnomAD genome allele frequency,gnomAD exome allele frequency,REVEL score,Mutation sources,PTMs,is site part of phospho-SLiM,PTM residue SASA (%),"Change in stability with PTM (FoldX5, kcal/mol)","Change in binding with PTM (FoldX5, kcal/mol)","Change in binding with mutation (FoldX5, kcal/mol)",PTM effect in regulation,PTM effect in stability,PTM effect in function,AlloSigma2 mutation type,AlloSigma2 predicted consequence - active sites,AlloSigma2 predicted consequence - cofactor sites,AlloSigma2 predicted consequence - pockets and interfaces,ClinVar Variation ID,ClinVar Interpretation,ClinVar Review Status,AlphaFold2 model pLDDT score,AlphaFold2 model secondary structure,DeMaSk delta fitness,DeMaSk Shannon entropy,DeMaSk log2 variant frequency,DeMaSk predicted consequence,GEMME Score,EVE score,EVE classification (25% Uncertain),AlphaMissense pathogenicity score,AlphaMissense classification,References
E2K,0.10481,0.70646,0.3901431181804876,Neutral,Neutral,-0.56055,,Uncertain,113.6,,,0.197,"cBioPortal,COSMIC",,False,113.6,,,,neutral,neutral,neutral,UP,neutral,neutral,neutral,,,,74.85,T,-0.2316,1.1692,-21.5638,loss_of_function,-2.59100678464839,,,0.9782,pathogenic,https://doi.org/10.1101/2022.10.22.513328
S3Y,-0.82694,-0.86429,-1.9426889204098312,Neutral,Neutral,-0.89537,,Uncertain,39.0,,,0.13,"cBioPortal,COSMIC",,False,39.0,,,,uncertain,,,UP,neutral,neutral,neutral,,,,86.65,T,-0.0956,2.0481,-6.6958,loss_of_function,-1.48948185441218,,,0.5101,ambiguous,https://doi.org/10.1101/2022.10.22.513328
E7K,0.70263,0.35374,1.3429231682586298,Neutral,Neutral,0.15071,0.14359,Neutral,20.5,,,0.374,cBioPortal,,False,20.5,,,,neutral,neutral,neutral,UP,neutral,neutral,neutral,,,,92.35,-,-0.2422,0.3242,-8.405,loss_of_function,-2.39532624386894,,,0.9992,pathogenic,https://doi.org/10.1101/2022.10.22.513328
L13P,0.31701,7.27381,3.108860643424592,Uncertain,Uncertain,4.20243,0.2077,Uncertain,33.0,,,0.826,"cBioPortal,COSMIC",,False,33.0,,,,neutral,neutral,neutral,DOWN,neutral,neutral,neutral,,,,87.84,-,-0.485,0.1769,-21.928,loss_of_function,-6.43879687599135,0.977171187156996,Pathogenic,0.9999,pathogenic,https://doi.org/10.1101/2022.10.22.513328
C14Y,8.15603,0.67211,0.0379580299066434,Uncertain,Uncertain,2.60727,-0.84562,Uncertain,4.4,,,0.847,cBioPortal,,False,4.4,,,,neutral,neutral,neutral,UP,neutral,neutral,neutral,,,,91.84,H,-0.49,0.0456,-21.928,loss_of_function,-7.13486662388261,0.9979519992670578,Pathogenic,0.9999,pathogenic,https://doi.org/10.1101/2022.10.22.513328
G25A,1.89829,0.76939,-0.5395390457036675,Neutral,Neutral,0.59736,-0.19535,Neutral,36.2,,,0.715,cBioPortal,,False,36.2,,,,neutral,neutral,neutral,UP,neutral,neutral,neutral,,,,93.87,S,-0.2616,0.4291,-6.0589,loss_of_function,-2.93347755683284,0.1370361197593407,Benign,0.9369,pathogenic,https://doi.org/10.1101/2022.10.22.513328
P30S,2.45208,0.51565,0.0156138652118142,Uncertain,Uncertain,2.48545,-0.1392,Uncertain,38.5,,,0.209,COSMIC,,True,38.5,,,,neutral,neutral,neutral,DOWN,neutral,neutral,neutral,,,,91.16,H,-0.2146,1.2082,-21.9316,loss_of_function,-2.89689739809499,0.6023898591560279,Uncertain,0.9817,pathogenic,https://doi.org/10.1101/2022.10.22.513328
E32K,-0.15555,-0.62143,0.2364992344354183,Neutral,Neutral,2.91502,1.01334,Destabilizing,62.1,,,0.259,"cBioPortal,COSMIC",,True,62.1,,,,neutral,neutral,neutral,UP,neutral,neutral,neutral,,,,93.48,H,-0.1643,1.1847,-8.6509,loss_of_function,-4.19256412044555,0.7053586723574209,Pathogenic,0.9967,pathogenic,https://doi.org/10.1101/2022.10.22.513328
I36F,0.80105,0.82755,0.7866891827990968,Neutral,Neutral,4.3514,-0.12551,Uncertain,18.0,,,0.343,cBioPortal,,True,18.0,,,,neutral,neutral,neutral,UP,neutral,neutral,neutral,,,,94.47,H,-0.196,1.109,-4.7513,loss_of_function,-2.40982865581012,0.1032635874752378,Benign,0.7678,pathogenic,https://doi.org/10.1101/2022.10.22.513328
D41H,1.89368,2.03333,-0.512594694376674,Uncertain,Neutral,1.71932,0.2813,Uncertain,24.3,,,0.647,"cBioPortal,COSMIC",,False,24.3,,,,neutral,neutral,neutral,UP,neutral,neutral,neutral,,,,91.92,H,-0.2801,0.0943,-8.6723,loss_of_function,-6.89909850392756,0.9951587246561524,Pathogenic,0.9998,pathogenic,https://doi.org/10.1101/2022.10.22.513328
E43Q,-0.27271,-0.16905,0.2077863013844944,Neutral,Neutral,-0.48694,-0.04669,Neutral,56.2,,,0.108,cBioPortal,,False,56.2,,,,neutral,neutral,neutral,UP,neutral,neutral,neutral,,,,91.87,H,-0.0758,1.3923,-4.7584,loss_of_function,-0.477451229317594,0.005624735309036,Benign,0.563,ambiguous,https://doi.org/10.1101/2022.10.22.513328
E44D,0.78944,0.32857,0.4487288524541305,Neutral,Neutral,0.86706,,Uncertain,34.0,,,0.438,"cBioPortal,COSMIC",,False,34.0,,,,neutral,neutral,neutral,DOWN,neutral,neutral,neutral,,,,90.5,H,-0.2849,0.0001,-21.9459,loss_of_function,-4.20821802599065,0.9957882352806642,Pathogenic,0.9993,pathogenic,https://doi.org/10.1101/2022.10.22.513328
E44Q,-0.17663,0.20034,0.2310703083441884,Neutral,Neutral,0.04734,,Uncertain,34.0,,,0.524,cBioPortal,,False,34.0,,,,neutral,neutral,neutral,UP,neutral,neutral,neutral,,,,90.5,H,-0.2917,0.0001,-21.9459,loss_of_function,-3.66513291364785,0.908597194772992,Pathogenic,0.998,pathogenic,https://doi.org/10.1101/2022.10.22.513328
M46I,0.12316,-0.5119,-0.2593849213712612,Neutral,Neutral,0.31589,,Uncertain,67.0,,,0.058,"cBioPortal,COSMIC",,True,67.0,,,,neutral,neutral,neutral,-,uncertain,uncertain,uncertain,,,,90.12,H,-0.0048,2.3595,-3.2086,loss_of_function,-0.0982427705714359,0.0024509707978512,Benign,0.2596,benign,https://doi.org/10.1101/2022.10.22.513328
E50K,-0.71164,-0.17619,-0.1744960455471955,Neutral,Neutral,-0.5852,,Uncertain,85.7,,,0.511,"cBioPortal,COSMIC",,False,85.7,,,,neutral,neutral,neutral,UP,neutral,neutral,neutral,,,,89.92,H,-0.2934,0.5217,-21.9916,loss_of_function,-4.30244143591805,0.9069015003329394,Pathogenic,0.9547,pathogenic,https://doi.org/10.1101/2022.10.22.513328
G51R,-0.99711,-1.52551,-0.8320245172535273,Neutral,Neutral,-0.53048,,Uncertain,114.8,,,0.655,"cBioPortal,COSMIC",,False,114.8,,,,neutral,neutral,neutral,UP,neutral,neutral,neutral,,,,81.43,T,-0.2437,1.4465,-5.9034,loss_of_function,-2.9302333145158,0.1134600267047178,Benign,0.987,pathogenic,https://doi.org/10.1101/2022.10.22.513328
D57Y,0.67026,0.28707,0.0365850206478046,Neutral,Neutral,1.58842,-0.01035,Uncertain,91.7,,,0.484,"cBioPortal,COSMIC",,True,91.7,,,,neutral,neutral,neutral,UP,neutral,neutral,neutral,,,,86.85,H,-0.2624,1.4118,-21.9672,loss_of_function,-4.56219079876963,0.8201380255174467,Pathogenic,0.9423,pathogenic,https://doi.org/10.1101/2022.10.22.513328
R59H,0.87375,0.45646,0.3894900436923537,Neutral,Neutral,3.68137,0.22955,Uncertain,71.8,,2.0000800032e-05,0.163,"cBioPortal,COSMIC",,False,71.8,,,,neutral,neutral,neutral,DOWN,neutral,neutral,neutral,,,,86.45,H,-0.1419,1.702,-6.3434,loss_of_function,-1.19938877340708,0.1306648550502519,Benign,0.1827,benign,https://doi.org/10.1101/2022.10.22.513328
T60K,-0.66691,0.12517,-0.0202399130703423,Neutral,Neutral,6.05593,0.38267,Uncertain,66.7,,4.0109418494e-06,0.176,cBioPortal,P,False,66.7,-0.052,,,damaging,neutral,uncertain,UP,neutral,neutral,neutral,,,,85.61,H,-0.1147,2.1439,-3.8365,loss_of_function,-1.86089081589601,0.0005566601296025,Benign,0.4898,ambiguous,https://doi.org/10.1101/2022.10.22.513328
T60M,-1.01988,0.32177,-0.1227360439917157,Neutral,Neutral,4.26417,0.04409,Uncertain,66.7,0.00032414910859,0.0001163173136316,0.165,"cBioPortal,COSMIC",P,False,66.7,-0.052,,,damaging,neutral,uncertain,UP,neutral,neutral,neutral,,,,85.61,H,-0.1687,2.1439,-21.9316,loss_of_function,-3.42608232509396,0.2751782920705978,Benign,0.1063,benign,https://doi.org/10.1101/2022.10.22.513328
Q63H,-0.00083,-0.33605,-0.2990270352495816,Neutral,Neutral,-1.08222,0.17003,Uncertain,88.3,,,0.167,cBioPortal,,False,88.3,,,,neutral,neutral,neutral,UP,neutral,neutral,neutral,,,,84.73,T,-0.0787,1.5785,-7.1395,loss_of_function,-2.583491221173,0.3363394874384501,Uncertain,0.8748,pathogenic,https://doi.org/10.1101/2022.10.22.513328
S66P,0.4015,1.29524,2.0881080789338355,Neutral,Uncertain,6.23483,0.77969,Uncertain,25.3,,,0.692,"cBioPortal,COSMIC",,False,25.3,,,,uncertain,,,UP,neutral,neutral,neutral,,,,82.27,-,-0.4133,0.212,-22.019,loss_of_function,-6.64729132749539,0.9764154692252422,Pathogenic,0.9966,pathogenic,https://doi.org/10.1101/2022.10.22.513328
M69T,1.82806,1.31701,0.9719302549314908,Neutral,Neutral,1.85332,0.55937,Uncertain,31.9,,,0.686,cBioPortal,,False,31.9,,,,neutral,neutral,neutral,DOWN,neutral,neutral,neutral,,,,87.94,B,-0.2023,1.0515,-7.7813,loss_of_function,-3.82330668177659,0.7047665887759649,Pathogenic,0.9961,pathogenic,https://doi.org/10.1101/2022.10.22.513328
D70G,2.68244,2.12551,1.6032721114138575,Uncertain,Uncertain,1.1631,0.01362,Uncertain,33.4,,,0.575,cBioPortal,,False,33.4,,,,neutral,neutral,neutral,DOWN,neutral,neutral,neutral,,,,83.38,-,-0.3218,0.4041,-22.0724,loss_of_function,-4.78192324640852,0.902190363401154,Pathogenic,0.9973,pathogenic,https://doi.org/10.1101/2022.10.22.513328
D71N,0.31359,0.12483,0.0460862850025622,Neutral,Neutral,0.13971,0.80837,Neutral,117.6,,,0.383,COSMIC,,True,117.6,,,,neutral,neutral,neutral,-,uncertain,uncertain,uncertain,,,,78.62,T,-0.1878,0.512,-6.4725,loss_of_function,-0.343781884151313,0.7448841465466681,Pathogenic,0.9903,pathogenic,https://doi.org/10.1101/2022.10.22.513328
G73V,5.50463,7.50102,1.6024267883011911,Destabilizing,Uncertain,6.51914,0.11439,Uncertain,24.3,,,0.755,"cBioPortal,COSMIC",,True,24.3,,,,neutral,neutral,neutral,UP,neutral,neutral,neutral,,,,81.21,S,-0.3721,0.213,-6.8009,loss_of_function,-2.39557646072488,0.997261332221594,Pathogenic,0.9998,pathogenic,https://doi.org/10.1101/2022.10.22.513328
F74L,0.91655,0.73776,0.6933143378424228,Neutral,Neutral,0.94768,0.56251,Neutral,31.6,,,0.645,cBioPortal,,True,31.6,,,,neutral,neutral,neutral,DOWN,neutral,neutral,neutral,,,,87.12,-,-0.2491,1.1464,-22.0951,loss_of_function,-4.91258756742849,0.9471923425800636,Pathogenic,0.9998,pathogenic,https://doi.org/10.1101/2022.10.22.513328
S76F,3.0478,0.2932,1.2148335720402026,Uncertain,Uncertain,7.34814,-0.53455,Uncertain,13.9,,,0.806,"cBioPortal,COSMIC",,False,13.9,,,,uncertain,,,UP,neutral,neutral,neutral,,,,91.9,-,-0.2647,0.2192,-7.8008,loss_of_function,-5.86931319011299,0.995740205336485,Pathogenic,0.9998,pathogenic,https://doi.org/10.1101/2022.10.22.513328
Q78R,0.52284,-0.62211,-0.4306821524447968,Neutral,Neutral,-1.01237,0.39065,Uncertain,54.1,,,0.625,"cBioPortal,COSMIC",,False,54.1,,,,neutral,neutral,neutral,UP,neutral,neutral,neutral,,,,93.0,H,-0.2231,0.3257,-6.8486,loss_of_function,-2.28040427345409,0.9759524544532876,Pathogenic,0.9951,pathogenic,https://doi.org/10.1101/2022.10.22.513328
V79I,1.81834,1.39558,0.3959042747743263,Neutral,Neutral,-0.80138,0.06319,Neutral,0.1,,,0.366,COSMIC,,False,0.1,,,,neutral,neutral,neutral,UP,neutral,neutral,neutral,,,,95.12,H,-0.2769,0.1,-22.1581,loss_of_function,-4.34458678384847,0.9965063065101892,Pathogenic,0.9358,pathogenic,https://doi.org/10.1101/2022.10.22.513328
S81I,-1.66423,-1.57993,-0.884340240977522,Neutral,Neutral,-1.43207,0.05658,Uncertain,32.1,,,0.349,cBioPortal,,False,32.1,,,,uncertain,,,UP,neutral,neutral,neutral,,,,95.67,H,-0.1619,1.3,-6.5391,loss_of_function,-3.79020388614907,0.2225052226116862,Benign,0.9467,pathogenic,https://doi.org/10.1101/2022.10.22.513328
L84F,4.86322,1.78741,2.618224887762522,Uncertain,Uncertain,1.61519,0.04312,Uncertain,0.0,,,0.671,cBioPortal,,False,0.0,,,,neutral,neutral,neutral,UP,neutral,neutral,neutral,,,,95.64,H,-0.277,0.0841,-8.8671,loss_of_function,-7.12615742175,0.9789045459587732,Pathogenic,0.998,pathogenic,https://doi.org/10.1101/2022.10.22.513328
W87C,2.65825,1.99048,4.385138763247064,Uncertain,Uncertain,2.34959,0.79688,Uncertain,34.1,,,0.541,"cBioPortal,COSMIC",,False,34.1,,,,neutral,neutral,neutral,DOWN,neutral,neutral,neutral,,,,93.16,T,-0.4654,0.5063,-22.1519,loss_of_function,-5.28770781620926,0.968716500918704,Pathogenic,0.9986,pathogenic,https://doi.org/10.1101/2022.10.22.513328
S96G,1.88694,0.40204,0.7109893081563595,Neutral,Neutral,0.67945,,Uncertain,26.4,,,0.269,"cBioPortal,COSMIC",,True,26.4,,,,uncertain,,,DOWN,neutral,neutral,neutral,,,,89.34,S,-0.2363,0.5738,-22.1395,loss_of_function,-4.20845927057987,0.2181255931062033,Benign,0.7217,pathogenic,https://doi.org/10.1101/2022.10.22.513328
E98Q,-0.20711,0.2898,0.5395353000090608,Neutral,Neutral,0.51954,,Uncertain,85.3,,,0.258,"cBioPortal,COSMIC",,True,85.3,,,,neutral,neutral,neutral,UP,neutral,neutral,neutral,,,,85.71,H,-0.0687,1.5854,-6.8423,loss_of_function,-2.03446621525547,0.0969372651366758,Benign,0.4169,ambiguous,https://doi.org/10.1101/2022.10.22.513328
Y99C,3.93043,4.4602,3.59590569472982,Destabilizing,Destabilizing,1.16159,,,4.4,,,0.281,COSMIC,,True,4.4,,,,uncertain,,,DOWN,neutral,neutral,neutral,,,,87.0,H,-0.1843,1.7911,-7.8201,loss_of_function,-2.01989591991619,0.0850735367789763,Benign,0.917,pathogenic,https://doi.org/10.1101/2022.10.22.513328
R103G,0.4149,-0.07891,0.4967026597542234,Neutral,Neutral,1.23688,,Uncertain,97.2,,,0.223,COSMIC,,True,97.2,,,,neutral,neutral,neutral,DOWN,neutral,neutral,neutral,,,,83.95,T,-0.1346,2.3104,-3.0319,loss_of_function,-0.336674091162737,0.0108599698135671,Benign,0.0784,benign,https://doi.org/10.1101/2022.10.22.513328
D105N,0.38893,-0.27619,0.1550019488797882,Neutral,Neutral,0.22729,,Uncertain,80.7,,0.0001023767793084,0.039,COSMIC,,True,80.7,,,,neutral,neutral,neutral,-,uncertain,uncertain,uncertain,,,,87.45,-,-0.0673,1.5549,-1.663,loss_of_function,-0.12985684350109,0.0010820476436803,Benign,0.1673,benign,https://doi.org/10.1101/2022.10.22.513328
P106H,5.04226,2.82075,0.1580381405649289,Uncertain,Uncertain,6.65059,,Uncertain,23.0,,,0.714,cBioPortal,,True,23.0,,,,neutral,neutral,neutral,UP,neutral,neutral,neutral,,,,88.85,G,-0.3464,0.2106,-22.1174,loss_of_function,-5.21213932173677,0.9482466179093724,Pathogenic,0.9917,pathogenic,https://doi.org/10.1101/2022.10.22.513328
E109K,1.3733,2.60748,1.677786536696433,Uncertain,Neutral,-0.85959,,,6.9,,4.4865180134e-06,0.553,"cBioPortal,COSMIC",,True,6.9,,,,neutral,neutral,neutral,UP,neutral,neutral,neutral,,,,94.03,S,-0.127,1.5448,-7.8423,loss_of_function,-3.57066636712201,0.7097792878281985,Pathogenic,0.9945,pathogenic,https://doi.org/10.1101/2022.10.22.513328
S111L,4.31049,2.38946,0.6494830551749431,Uncertain,Uncertain,-1.4011,,,0.0,,,0.331,"cBioPortal,COSMIC",,False,0.0,,,,uncertain,,,UP,neutral,neutral,neutral,,,,96.42,E,-0.1527,1.3763,-6.8392,loss_of_function,-4.92950669200493,0.0571193185070547,Benign,0.9636,pathogenic,https://doi.org/10.1101/2022.10.22.513328
Y116S,3.08951,2.32211,2.992116087099298,Uncertain,Uncertain,0.75431,-0.15023,Neutral,37.9,,,0.512,cBioPortal,,False,37.9,,,,uncertain,,,DOWN,neutral,neutral,neutral,,,,90.03,E,-0.2826,1.0945,-7.8391,loss_of_function,-4.42552834722381,0.3070747073525522,Benign,0.9957,pathogenic,https://doi.org/10.1101/2022.10.22.513328
K117T,3.06725,1.69252,1.1526872222162736,Uncertain,Uncertain,0.9529,0.4867,Neutral,82.2,,,0.383,cBioPortal,,False,82.2,,,,neutral,neutral,neutral,DOWN,neutral,neutral,neutral,,,,85.79,T,-0.1306,1.582,-8.8485,loss_of_function,-4.12640912534162,0.8315026491877737,Pathogenic,0.9943,pathogenic,https://doi.org/10.1101/2022.10.22.513328
H119Q,0.27891,-0.72109,0.6550254061548013,Neutral,Neutral,0.0128,-0.08152,Neutral,23.0,,,,clinvar,,False,23.0,,,,neutral,neutral,neutral,DOWN,neutral,neutral,neutral,210510,Uncertain significance,1,91.46,E,-0.2357,0.3167,-22.1457,loss_of_function,-3.62566054651192,0.998049465723917,Pathogenic,0.9999,pathogenic,https://doi.org/10.1101/2022.10.22.513328
R124T,4.13971,2.14626,1.6927747139105624,Uncertain,Uncertain,0.08655,0.14379,Neutral,4.6,,,0.779,cBioPortal,,False,4.6,,,,neutral,neutral,neutral,DOWN,neutral,neutral,neutral,,,,96.43,E,-0.3231,0.2542,-8.8578,loss_of_function,-4.94966926333174,0.9974398160258852,Pathogenic,0.9999,pathogenic,https://doi.org/10.1101/2022.10.22.513328
G127E,31.36634,5.08299,6.897235906696462,Destabilizing,Destabilizing,24.7344,,,2.2,,,0.573,"cBioPortal,COSMIC",,False,2.2,,,,neutral,neutral,neutral,UP,neutral,neutral,neutral,,,,91.73,T,-0.3273,0.4291,-7.251,loss_of_function,-3.4537751214371,0.7375582802999744,Pathogenic,0.9996,pathogenic,https://doi.org/10.1101/2022.10.22.513328
Q129H,1.22602,1.6398,0.3004084970954468,Neutral,Neutral,-0.30901,,,17.2,,,0.288,"cBioPortal,COSMIC",,False,17.2,,,,neutral,neutral,neutral,UP,neutral,neutral,neutral,,,,93.6,E,-0.1387,0.8387,-5.5668,loss_of_function,-1.78546272162976,0.053055203245705,Benign,0.9914,pathogenic,https://doi.org/10.1101/2022.10.22.513328
L137W,2.35927,1.25612,0.4646887052743148,Uncertain,Uncertain,1.08623,0.05276,Uncertain,10.4,,,0.45,cBioPortal,,True,10.4,,,,neutral,neutral,neutral,UP,neutral,neutral,neutral,,,,92.71,B,-0.3289,0.5967,-8.8547,loss_of_function,-4.32550329205188,0.9437946557154566,Pathogenic,0.9956,pathogenic,https://doi.org/10.1101/2022.10.22.513328
T138M,-0.7334,1.41599,0.5908573798745975,Neutral,Neutral,0.01207,-0.01406,Neutral,16.4,,,,clinvar,,True,16.4,,,,uncertain,,,UP,neutral,neutral,neutral,2368954,Uncertain significance,1,90.35,S,-0.0962,1.9344,-3.9386,loss_of_function,-0.797242526532145,0.0598268554545417,Benign,0.1095,benign,https://doi.org/10.1101/2022.10.22.513328
T138S,0.35278,0.70952,1.2269345625843069,Neutral,Neutral,-0.39412,0.09796,Neutral,16.4,,,0.126,"cBioPortal,COSMIC",,True,16.4,,,,neutral,,,DOWN,neutral,neutral,neutral,,,,90.35,S,-0.0081,1.9344,-2.5601,loss_of_function,-1.29380898866841,0.0015723410414543,Benign,0.239,benign,https://doi.org/10.1101/2022.10.22.513328
P140L,5.87287,3.74422,-0.4365718333632323,Destabilizing,Uncertain,0.93073,,,12.6,,,0.731,"cBioPortal,COSMIC",,True,12.6,,,,neutral,neutral,neutral,UP,neutral,neutral,neutral,,,,93.97,-,-0.3738,0.0225,-22.1332,loss_of_function,-7.74482991889165,0.9963032387573852,Pathogenic,0.9986,pathogenic,https://doi.org/10.1101/2022.10.22.513328
E141G,3.11593,1.99592,2.164674884169875,Uncertain,Uncertain,1.15065,,,11.9,,,0.505,cBioPortal,,True,11.9,,,,neutral,neutral,neutral,DOWN,neutral,neutral,neutral,,,,94.95,E,-0.2474,1.0695,-22.1332,loss_of_function,-6.39897727727564,0.962182796734954,Pathogenic,0.9914,pathogenic,https://doi.org/10.1101/2022.10.22.513328
L142S,3.58917,2.60578,3.173380693090625,Uncertain,Destabilizing,1.96606,,,19.6,,,0.646,cBioPortal,,True,19.6,,,,neutral,neutral,neutral,DOWN,neutral,neutral,neutral,,,,94.64,E,-0.3237,0.5738,-7.8486,loss_of_function,-4.46159913747467,0.8949337227271941,Pathogenic,0.9988,pathogenic,https://doi.org/10.1101/2022.10.22.513328
T146I,0.48044,0.02891,-0.030666743105519,Neutral,Neutral,-0.19746,,Uncertain,101.8,,7.9737822041e-06,0.681,"cBioPortal,COSMIC",,True,101.8,,,,uncertain,,,UP,neutral,neutral,neutral,,,,88.83,H,-0.2324,0.4097,-6.8455,loss_of_function,-2.11463121480493,0.4728496860950343,Uncertain,0.9971,pathogenic,https://doi.org/10.1101/2022.10.22.513328
L148V,2.89168,2.50884,1.676958734875268,Uncertain,Uncertain,2.94519,,,0.0,,,0.351,"cBioPortal,COSMIC",,True,0.0,,,,neutral,neutral,neutral,DOWN,neutral,neutral,neutral,,,,94.41,H,-0.2319,0.179,-6.2636,loss_of_function,-2.58421209952668,0.4973574136098753,Uncertain,0.9004,pathogenic,https://doi.org/10.1101/2022.10.22.513328
A149T,-0.04401,0.53333,0.1708154037235615,Neutral,Neutral,-0.87656,,Uncertain,62.0,,,0.175,COSMIC,,True,62.0,,,,neutral,neutral,neutral,UP,neutral,neutral,neutral,,,,90.84,H,-0.1072,1.3091,-5.8486,loss_of_function,-1.86199733954787,0.0695207420389069,Benign,0.7657,pathogenic,https://doi.org/10.1101/2022.10.22.513328
A149V,-0.08696,-0.44898,-0.2695086227973481,Neutral,Neutral,0.21891,,Uncertain,62.0,,,0.287,cBioPortal,,True,62.0,,,,neutral,neutral,neutral,UP,neutral,neutral,neutral,,,,90.84,H,-0.1114,1.3091,-7.2636,loss_of_function,-2.79960593845733,0.2146567322332753,Benign,0.9127,pathogenic,https://doi.org/10.1101/2022.10.22.513328
L152M,-0.32591,1.28844,1.5724260237521852,Neutral,Neutral,-0.12961,,,1.3,,,0.451,"cBioPortal,COSMIC",,True,1.3,,,,neutral,neutral,neutral,-,uncertain,uncertain,uncertain,,,,93.82,H,-0.289,0.2969,-22.1301,loss_of_function,-3.40250056368174,0.6588450955885646,Uncertain,0.9007,pathogenic,https://doi.org/10.1101/2022.10.22.513328
Q157R,-0.71033,-0.96224,-0.5126354321071236,Neutral,Neutral,-0.50924,,Uncertain,85.5,,,0.21,COSMIC,,False,85.5,,,,neutral,neutral,neutral,UP,neutral,neutral,neutral,,,,92.57,H,-0.1227,1.4384,-7.2447,loss_of_function,-3.55316044643073,0.2317167879908228,Benign,0.8069,pathogenic,https://doi.org/10.1101/2022.10.22.513328
E158K,-0.27257,0.07177,0.2748067499186774,Neutral,Neutral,-0.60894,,Uncertain,50.9,,,0.423,"cBioPortal,COSMIC",,True,50.9,,,,neutral,neutral,neutral,UP,neutral,neutral,stabilizing,,,,93.35,H,-0.2798,0.6763,-22.1174,loss_of_function,-5.06015108204844,0.6246962501437455,Uncertain,0.9979,pathogenic,https://doi.org/10.1101/2022.10.22.513328
G159C,3.88729,1.56054,2.124734127801907,Uncertain,Uncertain,3.11202,0.01899,Uncertain,96.7,,,0.515,"cBioPortal,COSMIC",,True,96.7,,,,neutral,neutral,neutral,UP,neutral,neutral,neutral,,,,92.89,T,-0.3477,0.2406,-7.8233,loss_of_function,-2.34717826565728,0.972840151290372,Pathogenic,0.9987,pathogenic,https://doi.org/10.1101/2022.10.22.513328
S161F,-1.53623,-0.71599,-0.6939739418171803,Neutral,Neutral,-1.43134,0.06375,Uncertain,61.7,,4.3151063242e-06,0.762,"cBioPortal,COSMIC",,True,61.7,,,,uncertain,,,UP,neutral,neutral,neutral,,,,94.45,E,-0.3124,0.4931,-22.0951,loss_of_function,-6.55315834926667,0.9520320958648962,Pathogenic,0.9977,pathogenic,https://doi.org/10.1101/2022.10.22.513328
G167S,3.89526,1.97721,2.332539640325676,Uncertain,Uncertain,4.12123,,Uncertain,71.7,,,0.555,COSMIC,,False,71.7,,,,neutral,neutral,neutral,UP,neutral,neutral,neutral,,,,93.4,S,-0.3887,0.0001,-22.0756,loss_of_function,-4.09480136754847,0.5937025177363472,Uncertain,0.9946,pathogenic,https://doi.org/10.1101/2022.10.22.513328
L169V,2.63853,2.12381,2.2599741090444216,Uncertain,Uncertain,1.86604,,,6.2,,,0.233,"cBioPortal,COSMIC",,False,6.2,,,,neutral,neutral,neutral,DOWN,neutral,neutral,neutral,,,,92.95,-,-0.2048,0.5588,-7.7911,loss_of_function,-2.80484570993892,0.3311221936501803,Uncertain,0.7676,pathogenic,https://doi.org/10.1101/2022.10.22.513328
D175G,1.20586,1.60408,1.9120224051035888,Neutral,Neutral,1.42652,,Uncertain,32.3,,,0.494,"cBioPortal,COSMIC",,False,32.3,,,,neutral,neutral,neutral,DOWN,neutral,neutral,neutral,,,,91.58,H,-0.2114,0.866,-8.7614,loss_of_function,-1.4638269262262,0.7046535962904295,Pathogenic,0.9641,pathogenic,https://doi.org/10.1101/2022.10.22.513328
D175N,1.83492,-0.56701,0.7281909934170189,Neutral,Neutral,0.04716,,Uncertain,32.3,,,0.275,"cBioPortal,COSMIC",,False,32.3,,,,neutral,neutral,neutral,-,uncertain,uncertain,uncertain,,,,91.58,H,-0.1588,0.866,-7.1765,loss_of_function,-1.54900003977248,0.0733246114217039,Benign,0.7062,pathogenic,https://doi.org/10.1101/2022.10.22.513328
D175Y,0.77144,-0.2949,0.5511500874192834,Neutral,Neutral,0.81316,,Uncertain,32.3,,,0.51,cBioPortal,,False,32.3,,,,neutral,neutral,neutral,UP,neutral,neutral,neutral,,,,91.58,H,-0.313,0.866,-22.0493,loss_of_function,-5.22881821196911,0.883860778001499,Pathogenic,0.9904,pathogenic,https://doi.org/10.1101/2022.10.22.513328
R188Q,0.40433,-0.00272,0.2170769898001101,Neutral,Neutral,,,Uncertain,76.5,,1.19550490157e-05,0.183,"cBioPortal,COSMIC",,False,76.5,,,,neutral,neutral,neutral,DOWN,neutral,neutral,neutral,,,,86.5,-,-0.1663,1.4506,-5.6184,loss_of_function,-0.820778047502355,0.0481434012599897,Benign,0.7802,pathogenic,https://doi.org/10.1101/2022.10.22.513328
L191V,0.44357,0.76361,0.490355254027025,Neutral,Neutral,,,Uncertain,55.9,,,0.157,"cBioPortal,COSMIC",,False,55.9,,,,neutral,neutral,neutral,DOWN,neutral,neutral,neutral,,,,86.04,B,-0.1485,1.038,-5.4113,loss_of_function,-1.82729360480206,0.2620774002784852,Benign,0.8675,pathogenic,https://doi.org/10.1101/2022.10.22.513328
I192N,1.99605,1.92245,1.2258706065714255,Neutral,Neutral,,,Uncertain,28.7,,,0.251,"cBioPortal,COSMIC",,False,28.7,,,,neutral,neutral,neutral,DOWN,neutral,neutral,neutral,,,,82.26,H,-0.2437,1.5009,-6.2403,loss_of_function,-1.63413506572437,0.0210608212914268,Benign,0.9076,pathogenic,https://doi.org/10.1101/2022.10.22.513328
G193E,-1.85275,-1.16939,-0.8184589187306424,Neutral,Neutral,,,Uncertain,102.4,,,0.199,COSMIC,,False,102.4,,,,neutral,neutral,neutral,UP,neutral,neutral,neutral,,,,76.68,H,-0.2355,1.3881,-6.5469,loss_of_function,-1.46579760632185,0.0044451901575847,Benign,0.9677,pathogenic,https://doi.org/10.1101/2022.10.22.513328
E194Q,0.23454,-0.42177,0.3537708256763888,Neutral,Neutral,,,Uncertain,56.7,,,0.147,cBioPortal,,False,56.7,,,,neutral,neutral,neutral,UP,neutral,neutral,neutral,,,,77.9,H,-0.0757,1.4051,-4.9619,loss_of_function,-1.69698894974216,0.0430466885802796,Benign,0.7152,pathogenic,https://doi.org/10.1101/2022.10.22.513328
E195K,-0.34511,1.38912,0.4088340855243427,Neutral,Neutral,,,Uncertain,51.6,,,,clinvar,,False,51.6,,,,neutral,neutral,neutral,UP,neutral,neutral,neutral,2363340,Uncertain significance,1,74.49,H,-0.0641,2.0899,-5.3379,loss_of_function,-1.30202429686091,0.0013152088450798,Benign,0.5711,pathogenic,https://doi.org/10.1101/2022.10.22.513328
E201K,0.05946,-0.20102,0.0788190959438389,Neutral,Neutral,,,Uncertain,67.5,,,0.088,cBioPortal,,True,67.5,,,,neutral,neutral,neutral,UP,neutral,neutral,neutral,,,,71.9,H,-0.0086,2.7107,-5.6521,loss_of_function,-1.46720561716484,0.0006340281792548,Benign,0.2157,benign,https://doi.org/10.1101/2022.10.22.513328
R203T,1.05763,0.06599,0.5562368437339373,Neutral,Neutral,,,Uncertain,86.2,,,0.101,"cBioPortal,COSMIC",,True,86.2,,,,neutral,neutral,neutral,DOWN,neutral,neutral,neutral,,,,70.63,H,-0.1132,2.3462,-5.4429,loss_of_function,-0.847644977661527,0.0219089204026835,Benign,0.096,benign,https://doi.org/10.1101/2022.10.22.513328
H205Y,-0.48122,-0.29082,-0.2907141397484153,Neutral,Neutral,,,Uncertain,85.0,,,0.149,cBioPortal,,True,85.0,,,,neutral,neutral,neutral,UP,neutral,neutral,neutral,,,,63.14,H,0.1076,3.2123,-6.3923,gain_of_function,-0.351002705870755,0.0007069823795898,Benign,0.0814,benign,https://doi.org/10.1101/2022.10.22.513328
K206I,0.44427,-0.1034,-0.1325264553925809,Neutral,Neutral,,,Uncertain,69.5,,,0.14,"cBioPortal,COSMIC",,True,69.5,,,,neutral,neutral,neutral,-,uncertain,uncertain,uncertain,,,,71.16,H,-0.0338,2.7021,-6.8785,loss_of_function,-0.994450890288484,0.0928056105640335,Benign,0.326,benign,https://doi.org/10.1101/2022.10.22.513328
D208E,-0.70793,-0.30782,-0.2476923665373021,Neutral,Neutral,,,Uncertain,61.2,,,0.05,"cBioPortal,COSMIC",,True,61.2,,,,neutral,neutral,neutral,UP,neutral,neutral,neutral,,,,70.66,H,0.0006,2.1612,-3.5525,gain_of_function,-0.25584654239321,0.0020265479964001,Benign,0.1344,benign,https://doi.org/10.1101/2022.10.22.513328
D208N,-0.38476,-0.19694,-0.1618432415829107,Neutral,Neutral,,,Uncertain,61.2,,,0.06,"cBioPortal,COSMIC",,True,61.2,,,,neutral,neutral,neutral,-,uncertain,uncertain,uncertain,,,,70.66,H,-0.0344,2.1612,-6.1375,loss_of_function,-0.230495713589145,0.0186905942871904,Benign,0.0985,benign,https://doi.org/10.1101/2022.10.22.513328
V212M,-0.9926,-0.11361,0.0089606604369468,Neutral,Neutral,,,Uncertain,86.6,0.2737601327631327,0.2668953059974059,0.039,"cBioPortal,COSMIC,clinvar",,True,86.6,,,,neutral,neutral,neutral,UP,neutral,neutral,neutral,128511,Likely benign,0,70.84,H,-0.0399,2.5371,-5.121,loss_of_function,-0.0179645209899749,0.0151277634961956,Benign,0.0802,benign,https://doi.org/10.1101/2022.10.22.513328
A215P,2.80366,9.04694,5.785747212081905,Uncertain,Uncertain,,,Uncertain,84.2,,,,clinvar,,True,84.2,,,,neutral,neutral,neutral,UP,neutral,neutral,neutral,2247767,Uncertain significance,1,61.69,T,-0.1174,2.8125,-5.4136,loss_of_function,-0.986315864431321,0.0162291708267881,Benign,0.1465,benign,https://doi.org/10.1101/2022.10.22.513328
A215V,1.18215,0.57789,0.0802008975246626,Neutral,Neutral,,,Uncertain,84.2,,,,clinvar,,True,84.2,,,,neutral,neutral,neutral,UP,neutral,neutral,neutral,2247768,Uncertain significance,1,61.69,T,0.0497,2.8125,-2.7989,gain_of_function,-0.149527206220634,0.0036562056061879,Benign,0.0783,benign,https://doi.org/10.1101/2022.10.22.513328
D217G,-0.42217,2.30306,0.3802256044187124,Uncertain,Neutral,,,Uncertain,106.6,,,0.113,"cBioPortal,COSMIC",,False,106.6,,,,neutral,neutral,neutral,DOWN,neutral,neutral,neutral,,,,53.19,-,-0.0481,2.4139,-4.6702,loss_of_function,-1.12829695956747,0.0020371818994688,Benign,0.1087,benign,https://doi.org/10.1101/2022.10.22.513328
D223G,-0.07873,1.41735,0.7111560975643,Neutral,Neutral,,,Uncertain,122.0,,,0.22,"cBioPortal,COSMIC",,False,122.0,,,,neutral,neutral,neutral,DOWN,neutral,neutral,neutral,,,,57.58,S,-0.1019,1.8332,-4.7508,loss_of_function,-1.66584639654051,0.0706454201989445,Benign,0.1441,benign,https://doi.org/10.1101/2022.10.22.513328
E224D,0.38887,0.12619,0.1433516161680498,Neutral,Neutral,,,Uncertain,99.6,0.00019114367633,9.14702045751e-05,0.036,"cBioPortal,clinvar",,False,99.6,,,,neutral,neutral,neutral,DOWN,neutral,neutral,neutral,2343283,Uncertain significance,1,60.64,H,-0.0423,1.5776,-2.857,loss_of_function,-0.046762314625328,0.0013511522555738,Benign,0.0924,benign,https://doi.org/10.1101/2022.10.22.513328
D225A,0.38856,-0.26837,0.041687583292988,Neutral,Neutral,,,Uncertain,76.8,,,0.17,"cBioPortal,COSMIC",,False,76.8,,,,neutral,neutral,neutral,DOWN,neutral,neutral,neutral,,,,64.51,H,-0.1428,1.4764,-8.5234,loss_of_function,-2.31555123191219,0.1016203679955435,Benign,0.2816,benign,https://doi.org/10.1101/2022.10.22.513328
D228N,0.47294,-0.1915,-0.2211641268353897,Neutral,Neutral,,,Uncertain,74.3,,,0.061,"cBioPortal,COSMIC",,False,74.3,,,,neutral,neutral,neutral,-,uncertain,uncertain,uncertain,,,,77.62,H,-0.0215,2.0995,-2.4959,loss_of_function,-0.0928129912910358,0.0005010168959253,Benign,0.112,benign,https://doi.org/10.1101/2022.10.22.513328
R231K,-0.23754,0.31259,0.5762957606848997,Neutral,Neutral,,,Uncertain,66.8,,,0.037,"cBioPortal,COSMIC",,False,66.8,,,,neutral,neutral,neutral,-,uncertain,uncertain,uncertain,,,,79.45,H,-0.0289,1.8411,-2.2951,loss_of_function,-0.080110067320845,0.0008794827392106,Benign,0.0818,benign,https://doi.org/10.1101/2022.10.22.513328
L233V,0.91265,0.26871,0.3167045935468238,Neutral,Neutral,,,Uncertain,78.5,,,0.151,cBioPortal,,False,78.5,,,,neutral,neutral,neutral,DOWN,neutral,neutral,neutral,,,,77.18,H,-0.1839,0.7719,-7.543,loss_of_function,-2.09796765152818,0.4125526031574111,Uncertain,0.2822,benign,https://doi.org/10.1101/2022.10.22.513328
A234V,0.87056,-0.20544,-0.2216705869200352,Neutral,Neutral,,,Uncertain,79.0,,,0.145,COSMIC,,False,79.0,,,,neutral,neutral,neutral,UP,neutral,neutral,neutral,,,,76.85,H,-0.0972,1.5343,-8.5351,loss_of_function,-2.62977101247891,0.3771617397461922,Uncertain,0.2234,benign,https://doi.org/10.1101/2022.10.22.513328
R237H,0.09236,-0.58061,0.2541689879003495,Neutral,Neutral,,,Uncertain,92.8,,3.9769970491e-06,0.184,COSMIC,,False,92.8,,,,neutral,neutral,neutral,DOWN,neutral,neutral,neutral,,,,67.41,H,-0.165,1.572,-8.5195,loss_of_function,-2.1412053420254,0.2861853405854835,Benign,0.1816,benign,https://doi.org/10.1101/2022.10.22.513328
R237S,0.46168,0.55034,0.7870711270456889,Neutral,Neutral,,,Uncertain,92.8,,1.59078616652e-05,0.219,cBioPortal,,False,92.8,,,,neutral,neutral,neutral,DOWN,neutral,neutral,neutral,,,,67.41,H,-0.1906,1.572,-7.5196,loss_of_function,-2.56602484762499,0.1535278638114265,Benign,0.6948,pathogenic,https://doi.org/10.1101/2022.10.22.513328
D244G,0.34963,0.48095,0.826869742456541,Neutral,Neutral,,,Uncertain,92.2,,,0.394,cBioPortal,,False,92.2,,,,neutral,neutral,neutral,DOWN,neutral,neutral,neutral,,,,70.42,S,-0.2082,0.8299,-7.4958,loss_of_function,-4.14784610166251,0.1734829199446451,Benign,0.713,pathogenic,https://doi.org/10.1101/2022.10.22.513328
R250C,1.29174,1.2119,1.2718088109252614,Neutral,Neutral,,,Uncertain,75.9,,3.977914618e-06,0.572,COSMIC,,True,75.9,,,,neutral,neutral,neutral,DOWN,neutral,neutral,neutral,,,,80.14,H,-0.293,1.3415,-21.7955,loss_of_function,-4.3190918736216,0.6125146221739396,Uncertain,0.5179,ambiguous,https://doi.org/10.1101/2022.10.22.513328
R250H,0.57794,0.35102,0.2631793835225615,Neutral,Neutral,,,Uncertain,75.9,,1.19344084909e-05,0.23,cBioPortal,,True,75.9,,,,neutral,neutral,neutral,DOWN,neutral,neutral,neutral,,,,80.14,H,-0.178,1.3415,-6.9228,loss_of_function,-2.24139685632242,0.0736294149242768,Benign,0.3201,benign,https://doi.org/10.1101/2022.10.22.513328
R251S,1.00318,0.72789,1.329023023836491,Neutral,Neutral,,,Uncertain,77.1,,,0.255,"cBioPortal,COSMIC",,True,77.1,,,,neutral,neutral,neutral,DOWN,neutral,neutral,neutral,,,,80.88,H,-0.2225,1.2802,-8.5077,loss_of_function,-1.66054576578599,0.0647081031321154,Benign,0.9422,pathogenic,https://doi.org/10.1101/2022.10.22.513328
S256R,-0.68192,-0.08299,-0.8408243631782858,Neutral,Neutral,,,Uncertain,88.7,,,0.644,"cBioPortal,COSMIC",P,False,88.7,0.733,,,damaging,neutral,uncertain,UP,neutral,neutral,neutral,,,,75.34,H,-0.349,0.2506,-21.7836,loss_of_function,-3.67827835695023,0.153271434789171,Benign,0.9969,pathogenic,https://doi.org/10.1101/2022.10.22.513328
S261Y,0.03328,-0.34796,-0.0027463498029006,Neutral,Neutral,,,Uncertain,93.7,,,,clinvar,P,False,93.7,0.619,,,uncertain,neutral,uncertain,UP,neutral,neutral,neutral,2290392,Uncertain significance,1,41.86,-,-0.0563,2.5048,-7.2383,loss_of_function,-0.658064699829436,0.1293169078224624,Benign,0.146,benign,https://doi.org/10.1101/2022.10.22.513328
S265F,-1.02923,0.15408,0.2870850838658795,Neutral,Neutral,,,Uncertain,68.0,,,0.108,COSMIC,P,False,68.0,-0.329,,,damaging,neutral,uncertain,UP,neutral,neutral,neutral,,,,34.91,-,-0.1589,2.1249,-21.4324,loss_of_function,-0.953427721296094,0.5211526145388012,Uncertain,0.1196,benign,https://doi.org/10.1101/2022.10.22.513328
T271I,0.0766,-0.15476,-0.26551207606057,Neutral,Neutral,,,Uncertain,104.8,,,0.057,"cBioPortal,COSMIC",,False,104.8,,,,uncertain,,,UP,neutral,neutral,stabilizing,,,,36.82,-,-0.079,2.0924,-7.1137,loss_of_function,-0.74229692060896,0.0143932410618507,Benign,0.1244,benign,https://doi.org/10.1101/2022.10.22.513328
E280Q,0.29232,-0.04694,0.1867650654112634,Neutral,Neutral,,,Uncertain,60.3,,,0.096,"cBioPortal,COSMIC",,True,60.3,,,,neutral,neutral,neutral,UP,neutral,neutral,neutral,,,,76.35,H,-0.1557,0.555,-5.3064,loss_of_function,-0.830127585037428,0.1049486570960965,Benign,0.3114,benign,https://doi.org/10.1101/2022.10.22.513328
R282Q,0.23473,1.18673,1.098647617747317,Neutral,Neutral,,,Uncertain,50.1,,,,clinvar,,True,50.1,,,,neutral,neutral,neutral,DOWN,neutral,neutral,neutral,2357136,Uncertain significance,1,72.8,H,-0.2744,0.358,-7.098,loss_of_function,-0.919406367607188,0.1875991513571016,Benign,0.5305,ambiguous,https://doi.org/10.1101/2022.10.22.513328
R282W,0.81616,1.29456,-0.0485843021819898,Neutral,Neutral,,,Uncertain,50.1,,7.9582985158e-06,0.341,"cBioPortal,COSMIC",,True,50.1,,,,neutral,neutral,neutral,UP,neutral,neutral,neutral,,,,72.8,H,-0.3123,0.358,-6.098,loss_of_function,-1.53380356857165,0.8859457987623507,Pathogenic,0.8398,pathogenic,https://doi.org/10.1101/2022.10.22.513328
R285Q,0.26066,0.17959,0.7122322673829231,Neutral,Neutral,,,Uncertain,76.6,9.55474871011e-05,0.0002785692682383,0.212,"cBioPortal,COSMIC",,True,76.6,,,,neutral,neutral,neutral,DOWN,neutral,neutral,neutral,,,,76.5,H,-0.2881,0.2082,-7.0874,loss_of_function,-2.95200471800301,0.2754989420924911,Benign,0.9402,pathogenic,https://doi.org/10.1101/2022.10.22.513328
E290K,-0.10188,-0.42449,0.1789141267874133,Neutral,Neutral,,,Uncertain,75.6,,,0.218,cBioPortal,,True,75.6,,,,neutral,neutral,neutral,UP,neutral,neutral,neutral,,,,82.33,H,-0.126,1.4546,-6.0056,loss_of_function,-1.18029557699063,0.1574299596776174,Benign,0.285,benign,https://doi.org/10.1101/2022.10.22.513328
K295N,0.36465,0.33231,0.4507477716818259,Neutral,Neutral,,,Uncertain,75.3,,,0.022,cBioPortal,,True,75.3,,,,neutral,neutral,neutral,DOWN,neutral,neutral,neutral,,,,82.28,H,-0.0093,2.6735,-5.4918,loss_of_function,0.0336709091579877,,,0.1757,benign,https://doi.org/10.1101/2022.10.22.513328
K295Q,0.18324,0.14456,0.3699454410958808,Neutral,Neutral,,,Uncertain,75.3,0.0142453496585825,0.2316008628906838,0.064,"cBioPortal,COSMIC,clinvar",,True,75.3,,,,neutral,neutral,neutral,DOWN,neutral,neutral,neutral,128513,Benign,1,82.28,H,0.0315,2.6735,-1.2251,gain_of_function,0.0804287938188726,,,0.0582,benign,https://doi.org/10.1101/2022.10.22.513328
G306E,-0.17468,-0.31803,-0.1145322022915978,Neutral,Neutral,,,Uncertain,100.5,,,0.032,"cBioPortal,COSMIC",,False,100.5,,,,neutral,neutral,neutral,UP,neutral,neutral,neutral,,,,49.14,T,-0.1135,2.7177,-6.6146,loss_of_function,0.0266083656629984,,,0.0728,benign,https://doi.org/10.1101/2022.10.22.513328
G306R,-0.68214,-0.84014,-0.7224625583883404,Neutral,Neutral,,,Uncertain,100.5,,,0.048,"cBioPortal,COSMIC,clinvar",,False,100.5,,,,neutral,neutral,neutral,UP,neutral,neutral,neutral,128515,Likely benign,0,49.14,T,-0.1202,2.7177,-4.6147,loss_of_function,-0.0657012087513146,,,0.1072,benign,https://doi.org/10.1101/2022.10.22.513328
D307G,-0.101,0.33741,0.9662910742856448,Neutral,Neutral,,,Uncertain,110.2,,,,"cBioPortal,COSMIC",,False,110.2,,,,neutral,neutral,neutral,DOWN,neutral,neutral,neutral,,,,46.75,S,-0.1824,1.0779,-6.9068,loss_of_function,-0.2239392351561,,,0.0784,benign,https://doi.org/10.1101/2022.10.22.513328
D307H,0.12672,0.00136,0.0240335914761541,Neutral,Neutral,,,Uncertain,110.2,,,,COSMIC,,False,110.2,,,,neutral,neutral,neutral,UP,neutral,neutral,neutral,,,,46.75,S,-0.2484,1.0779,-20.1946,loss_of_function,-0.395082955627362,,,0.1045,benign,https://doi.org/10.1101/2022.10.22.513328
S309L,-0.18174,0.34048,-0.2950969392544661,Neutral,Neutral,,,Uncertain,98.9,,,0.041,cBioPortal,,False,98.9,,,,uncertain,,,UP,neutral,neutral,neutral,,,,40.82,-,-0.0911,1.994,-5.9068,loss_of_function,-0.11778059019521,,,0.072,benign,https://doi.org/10.1101/2022.10.22.513328
S313L,1.82567,0.75408,-0.3153330991162179,Neutral,Neutral,,,Uncertain,54.9,,,0.085,"cBioPortal,COSMIC",,False,54.9,,,,uncertain,,,UP,neutral,neutral,neutral,,,,36.87,-,-0.1365,1.4531,-5.0444,loss_of_function,-0.262352250479034,,,0.0725,benign,https://doi.org/10.1101/2022.10.22.513328
H314Q,-0.25051,-0.15204,0.4033082778127517,Neutral,Neutral,,,Uncertain,90.9,,,0.011,"cBioPortal,COSMIC",,False,90.9,,,,neutral,neutral,neutral,DOWN,neutral,neutral,neutral,,,,37.37,-,0.0207,2.073,-3.585,gain_of_function,-0.0335797831488085,,,0.0779,benign,https://doi.org/10.1101/2022.10.22.513328
H314Y,-0.58689,0.14354,0.2169132713788268,Neutral,Neutral,,,Uncertain,90.9,,,0.072,COSMIC,,False,90.9,,,,neutral,neutral,neutral,UP,neutral,neutral,neutral,,,,37.37,-,0.0096,2.073,-5.0444,gain_of_function,-0.0124454660494962,,,0.0665,benign,https://doi.org/10.1101/2022.10.22.513328
P315S,0.01341,0.02381,-0.3683519902582582,Neutral,Neutral,,,Uncertain,90.1,,4.5360525456e-06,0.164,"cBioPortal,COSMIC",,False,90.1,,,,neutral,neutral,neutral,DOWN,neutral,neutral,neutral,,,,38.21,-,-0.095,1.5681,-4.9773,loss_of_function,-0.149987371098759,,,0.062,benign,https://doi.org/10.1101/2022.10.22.513328
C316Y,0.02023,-0.6398,-0.7598623565638274,Neutral,Neutral,,,Uncertain,86.5,,,,clinvar,,False,86.5,,,,neutral,neutral,neutral,UP,neutral,neutral,neutral,2296081,Uncertain significance,1,35.76,-,-0.3003,2.0143,-20.2419,loss_of_function,-0.1618928980196,,,0.0811,benign,https://doi.org/10.1101/2022.10.22.513328
P319S,-0.65528,0.67687,0.236455773908531,Neutral,Neutral,,,Uncertain,70.0,,,0.051,"cBioPortal,COSMIC",,True,70.0,,,,neutral,neutral,neutral,DOWN,neutral,neutral,neutral,,,,40.48,-,-0.1517,0.962,-5.1599,loss_of_function,-0.176744360124928,,,0.081,benign,https://doi.org/10.1101/2022.10.22.513328
T321I,0.80663,2.06259,-0.0595574848524338,Uncertain,Neutral,,,Uncertain,93.4,,8.8608492238e-06,0.172,cBioPortal,,True,93.4,,,,uncertain,,,UP,neutral,neutral,neutral,,,,35.18,-,-0.132,1.4092,-5.1898,loss_of_function,-0.275289715407935,,,0.1039,benign,https://doi.org/10.1101/2022.10.22.513328
S323L,-0.08021,-0.11327,-0.3401134678898759,Neutral,Neutral,,,Uncertain,112.2,,,0.077,"cBioPortal,COSMIC",,True,112.2,,,,uncertain,,,UP,neutral,neutral,neutral,,,,36.21,-,-0.1897,0.9368,-6.1598,loss_of_function,-0.626105512628071,,,0.0802,benign,https://doi.org/10.1101/2022.10.22.513328
A325V,0.11984,0.62143,-0.1078548448026256,Neutral,Neutral,,,Uncertain,99.9,,,0.014,cBioPortal,,True,99.9,,,,neutral,neutral,neutral,UP,neutral,neutral,neutral,,,,32.51,-,-0.1068,1.3506,-7.1188,loss_of_function,-0.300919550217111,,,0.0743,benign,https://doi.org/10.1101/2022.10.22.513328
S328I,-0.0062,0.37041,-0.2454368074492341,Neutral,Neutral,,,Uncertain,96.4,,,0.021,COSMIC,,True,96.4,,,,uncertain,,,UP,neutral,neutral,neutral,,,,34.48,-,-0.0799,2.0464,-3.9281,loss_of_function,-0.172734791776801,,,0.0968,benign,https://doi.org/10.1101/2022.10.22.513328
D332N,0.02972,0.13844,0.0433242731656996,Neutral,Neutral,,,Uncertain,119.7,,,0.029,"cBioPortal,COSMIC",,False,119.7,,,,neutral,neutral,neutral,-,uncertain,uncertain,uncertain,,,,39.38,-,-0.0833,1.6662,-6.7943,loss_of_function,-0.0322060411473049,,,0.078,benign,https://doi.org/10.1101/2022.10.22.513328
M334I,0.65243,1.28707,0.1345186490684213,Neutral,Neutral,,,Uncertain,79.8,,,0.062,"cBioPortal,COSMIC",,False,79.8,,,,neutral,neutral,neutral,-,uncertain,uncertain,uncertain,,,,59.02,-,-0.1119,1.267,-4.511,loss_of_function,-0.0754274081978722,,,0.1977,benign,https://doi.org/10.1101/2022.10.22.513328
M339I,-0.21807,-0.52687,0.1058807440382686,Neutral,Neutral,,,Uncertain,63.6,,8.0090983357e-06,0.103,cBioPortal,,False,63.6,,,,neutral,neutral,neutral,-,uncertain,uncertain,uncertain,,,,73.06,H,-0.1747,0.7147,-6.8454,loss_of_function,-0.0233990879100441,,,0.6243,pathogenic,https://doi.org/10.1101/2022.10.22.513328
A343T,0.55529,0.07313,0.027143212613398,Neutral,Neutral,,,Uncertain,74.4,,,0.026,cBioPortal,,True,74.4,,,,neutral,neutral,neutral,UP,neutral,neutral,neutral,,,,72.42,H,-0.172,0.5485,-4.8329,loss_of_function,-0.0257915789210711,,,0.6835,pathogenic,https://doi.org/10.1101/2022.10.22.513328
T345I,-1.03451,-0.38707,-0.4183480295889707,Neutral,Neutral,,,Uncertain,77.4,,3.9992321474e-06,0.089,"cBioPortal,COSMIC",,True,77.4,,,,uncertain,,,UP,neutral,neutral,neutral,,,,76.36,H,-0.1619,1.9124,-20.1206,loss_of_function,-1.2677249047511,,,0.2236,benign,https://doi.org/10.1101/2022.10.22.513328
S347P,2.36146,8.87483,6.131887783670804,Uncertain,Uncertain,,,Uncertain,84.4,,,0.13,COSMIC,P,True,84.4,0.527,,,damaging,uncertain,potentially_damaging,UP,neutral,neutral,neutral,,,,66.64,H,-0.3754,0.5181,-20.1206,loss_of_function,-1.48238735160064,,,0.8285,pathogenic,https://doi.org/10.1101/2022.10.22.513328
S347Y,-0.54451,-1.00272,-0.5135484866718587,Neutral,Neutral,,,Uncertain,84.4,,,0.115,"cBioPortal,COSMIC",P,True,84.4,0.527,,,uncertain,neutral,potentially_damaging,UP,neutral,neutral,neutral,,,,66.64,H,-0.2371,0.5181,-6.8328,loss_of_function,-1.48238735160064,,,0.713,pathogenic,https://doi.org/10.1101/2022.10.22.513328
D354Y,-1.23053,-0.42993,-0.181235059534075,Neutral,Neutral,,,Uncertain,80.7,,,,clinvar,,False,80.7,,,,neutral,neutral,neutral,UP,neutral,neutral,neutral,2401528,Uncertain significance,1,56.72,H,-0.1407,1.8863,-6.6723,loss_of_function,-0.0870243091908721,,,0.1081,benign,https://doi.org/10.1101/2022.10.22.513328
L355F,-0.06497,0.61939,0.5342624687932159,Neutral,Neutral,,,Uncertain,82.9,,,0.019,cBioPortal,,False,82.9,,,,neutral,neutral,neutral,UP,neutral,neutral,neutral,,,,56.31,H,-0.1333,1.2854,-2.3668,loss_of_function,-0.0576323230293132,,,0.0576,benign,https://doi.org/10.1101/2022.10.22.513328
T357K,-0.48002,-0.45952,-0.0808232319338003,Neutral,Neutral,,,Uncertain,86.1,,0.0,0.018,cBioPortal,,True,86.1,,,,uncertain,,,UP,neutral,neutral,neutral,,,,54.44,H,-0.2711,1.3364,-19.9171,loss_of_function,-0.206993130595741,,,0.0817,benign,https://doi.org/10.1101/2022.10.22.513328
E358G,0.24249,0.83197,1.06116086475452,Neutral,Neutral,,,Uncertain,101.2,,,,clinvar,,True,101.2,,,,neutral,neutral,neutral,DOWN,neutral,neutral,neutral,2298598,Uncertain significance,1,51.12,T,-0.2555,0.8582,-19.9025,loss_of_function,-1.26663634770253,,,0.0735,benign,https://doi.org/10.1101/2022.10.22.513328
E358K,-0.45617,-0.4898,0.180995030266568,Neutral,Neutral,,,Uncertain,101.2,,0.0,0.089,cBioPortal,,True,101.2,,,,neutral,neutral,neutral,UP,neutral,neutral,neutral,,,,51.12,T,-0.1759,0.8582,-5.0297,loss_of_function,-0.322111519275851,,,0.0725,benign,https://doi.org/10.1101/2022.10.22.513328
G359E,-0.33457,-0.36395,0.1463747994683251,Neutral,Neutral,,,Uncertain,102.9,,0.0,0.019,cBioPortal,,True,102.9,,,,neutral,neutral,neutral,UP,neutral,neutral,neutral,,,,46.51,T,-0.2198,1.2843,-1.6147,loss_of_function,-0.0355686311053003,,,0.0572,benign,https://doi.org/10.1101/2022.10.22.513328
