Mutation,"Stability (FoldX5, alphafold, kcal/mol)","Stability (Rosetta Cartddg2020, alphafold, kcal/mol)","Stability (RaSP, alphafold, kcal/mol)","Stability classification, alphafold, (Rosetta, FoldX)","Stability classification, alphafold, (RaSP, FoldX)","Local Int. (Binding with BCL2L1_2K7W, heterodimer, FoldX5, kcal/mol)","Local Int. (Binding with BCL2L1_2K7W, heterodimer, Rosetta Talaris 2014, kcal/mol)",Local Int. classification (BCL2L1_2K7W),Relative Side Chain Solvent Accessibility in wild-type,gnomAD genome allele frequency,gnomAD exome allele frequency,REVEL score,Mutation sources,PTMs,is site part of phospho-SLiM,PTM residue SASA (%),"Change in stability with PTM (FoldX5, kcal/mol)","Change in binding with PTM (FoldX5, kcal/mol)","Change in binding with mutation (FoldX5, kcal/mol)",PTM effect in regulation,PTM effect in stability,PTM effect in function,AlloSigma2 mutation type,AlloSigma2 predicted consequence - active sites,AlloSigma2 predicted consequence - cofactor sites,AlloSigma2 predicted consequence - pockets and interfaces,ClinVar Variation ID,ClinVar Interpretation,ClinVar Review Status,AlphaFold2 model pLDDT score,AlphaFold2 model secondary structure,DeMaSk delta fitness,DeMaSk Shannon entropy,DeMaSk log2 variant frequency,DeMaSk predicted consequence,GEMME Score,EVE score,EVE classification (25% Uncertain),AlphaMissense pathogenicity score,AlphaMissense classification,References
S15G,1.34655,1.38605,0.6748589421132889,Neutral,Neutral,,,Uncertain,54.5,,,,clinvar,,True,54.5,,,,uncertain,,,DOWN,neutral,neutral,neutral,,,,95.05,S,0.0541,2.709,-3.7179,gain_of_function,-1.06948807257384,,,0.0939,benign,https://doi.org/10.1101/2022.10.22.513328
Q18K,-0.00986,-0.54796,-0.1310987839272487,Neutral,Neutral,-0.0369,-0.06732,Neutral,44.3,,,0.106,COSMIC,,True,44.3,,,,neutral,neutral,neutral,UP,neutral,neutral,stabilizing,,,,93.56,H,-0.0097,2.6746,-7.1085,loss_of_function,-1.98663271345095,,,0.1791,benign,https://doi.org/10.1101/2022.10.22.513328
A24V,0.65347,0.68912,-0.16246861774871,Neutral,Neutral,0.99778,0.59599,Neutral,40.0,,,0.15,"cBioPortal,COSMIC",,True,40.0,,,,neutral,neutral,neutral,UP,neutral,neutral,stabilizing,,,,94.95,H,0.0144,2.5422,-4.8398,gain_of_function,-2.34751761187252,0.0299836817488119,Benign,0.3049,benign,https://doi.org/10.1101/2022.10.22.513328
L25F,1.51202,0.74762,0.5206808003112751,Neutral,Neutral,4.60338,-0.43795,Uncertain,11.5,,,0.053,cBioPortal,,True,11.5,,,,neutral,neutral,neutral,UP,neutral,neutral,neutral,,,,93.96,H,-0.0009,2.8143,-3.991,loss_of_function,-0.575905071657136,0.0257335860748515,Benign,0.1307,benign,https://doi.org/10.1101/2022.10.22.513328
L25P,4.23612,7.9983,8.122416500512895,Destabilizing,Destabilizing,4.21438,0.4347,Uncertain,11.5,,,0.192,cBioPortal,,True,11.5,,,,neutral,neutral,neutral,DOWN,neutral,neutral,destabilizing,,,,93.96,H,-0.1729,2.8143,-8.3127,loss_of_function,-3.98524738182441,0.1091314786705064,Benign,0.9232,pathogenic,https://doi.org/10.1101/2022.10.22.513328
G29V,-0.3629,-1.43129,-0.7551318711157295,Neutral,Neutral,-0.01134,0.02577,Neutral,34.5,,,0.231,COSMIC,,False,34.5,,,,neutral,neutral,neutral,UP,neutral,neutral,stabilizing,,,,90.17,H,-0.1655,2.4578,-6.803,loss_of_function,-2.98713375713708,0.3802830152149335,Uncertain,0.5621,ambiguous,https://doi.org/10.1101/2022.10.22.513328
I31T,2.8955,2.29456,3.056643524911834,Uncertain,Uncertain,0.07908,0.03446,Neutral,0.2,,,0.213,cBioPortal,,False,0.2,,,,neutral,neutral,neutral,DOWN,neutral,neutral,stabilizing,,,,89.93,H,-0.2633,1.2805,-21.7307,loss_of_function,-3.18203130856112,0.642038300599938,Uncertain,0.9919,pathogenic,https://doi.org/10.1101/2022.10.22.513328
Q32H,-0.24957,1.4102,0.1363057014927082,Neutral,Neutral,-0.11008,-0.10613,Neutral,31.3,,,,cBioPortal,,False,31.3,,,,neutral,neutral,neutral,UP,neutral,neutral,stabilizing,,,,87.57,H,0.1023,3.3974,-4.4811,gain_of_function,-0.579587936067499,0.0022947408160285,Benign,0.1774,benign,https://doi.org/10.1101/2022.10.22.513328
A35T,1.22004,1.68503,1.4562458545998636,Neutral,Neutral,,,,3.5,,,0.103,cBioPortal,,False,3.5,,,,neutral,neutral,neutral,UP,neutral,neutral,stabilizing,,,,84.47,H,0.026,2.8073,-6.7637,gain_of_function,-1.44526315852657,0.0211724937682984,Benign,0.1631,benign,https://doi.org/10.1101/2022.10.22.513328
M38I,1.88186,0.77415,0.4317380913523361,Neutral,Neutral,,,Uncertain,41.0,,,,clinvar,,False,41.0,,,,neutral,neutral,neutral,-,uncertain,uncertain,uncertain,2301364,Uncertain significance,1,74.72,T,0.1069,3.5628,-3.0163,gain_of_function,-0.055002334253895,0.002227619435608,Benign,0.1784,benign,https://doi.org/10.1101/2022.10.22.513328
G39A,1.52193,1.59252,0.1015733840136701,Neutral,Neutral,,,Uncertain,109.3,6.37633105911e-05,0.0001040016640266,0.012,COSMIC,,False,109.3,,,,neutral,neutral,neutral,UP,neutral,neutral,neutral,,,,59.35,-,-0.0461,2.6127,-3.2065,loss_of_function,-0.234066255341845,0.0043251679921098,Benign,0.0788,benign,https://doi.org/10.1101/2022.10.22.513328
E41K,0.09278,1.14558,0.1499263157640862,Neutral,Neutral,,,Uncertain,115.0,,,0.088,"cBioPortal,COSMIC",,False,115.0,,,,neutral,neutral,neutral,UP,neutral,neutral,stabilizing,,,,49.96,S,0.0061,2.9183,-6.5078,gain_of_function,-1.82358623214707,0.017093042386094,Benign,0.0931,benign,https://doi.org/10.1101/2022.10.22.513328
A42S,0.42554,-0.33061,0.2275457217089654,Neutral,Neutral,,,Uncertain,84.7,,,0.022,"cBioPortal,COSMIC",,False,84.7,,,,neutral,neutral,neutral,-,uncertain,uncertain,uncertain,,,,51.92,-,0.1222,3.5987,-3.3545,gain_of_function,-0.190210458241609,0.0007688648499839,Benign,0.0761,benign,https://doi.org/10.1101/2022.10.22.513328
A42V,-0.10228,-0.41871,-0.3367296580280304,Neutral,Neutral,,,Uncertain,84.7,,3.9973138051e-06,0.052,cBioPortal,,False,84.7,,,,neutral,neutral,neutral,UP,neutral,neutral,stabilizing,,,,51.92,-,0.1178,3.5987,-3.6258,gain_of_function,-0.90808217281702,0.0003718237839125,Benign,0.0669,benign,https://doi.org/10.1101/2022.10.22.513328
E44K,-1.28008,-0.09796,0.3397412652146281,Neutral,Neutral,,,Uncertain,107.2,,,0.161,"cBioPortal,COSMIC",,False,107.2,,,,neutral,neutral,neutral,UP,neutral,neutral,stabilizing,,,,54.56,-,0.0106,2.968,-6.5391,gain_of_function,-3.24306202121698,,,0.1011,benign,https://doi.org/10.1101/2022.10.22.513328
E44Q,-1.28302,-0.30884,0.5096558501089776,Neutral,Neutral,,,Uncertain,107.2,,,0.053,"cBioPortal,COSMIC",,False,107.2,,,,neutral,neutral,neutral,UP,neutral,neutral,stabilizing,,,,54.56,-,0.0746,2.968,-3.6812,gain_of_function,-0.167452637831861,,,0.0707,benign,https://doi.org/10.1101/2022.10.22.513328
Q52H,0.37329,0.79048,-0.0203713681183215,Neutral,Neutral,0.19254,-0.07339,Neutral,16.7,,,0.098,"cBioPortal,COSMIC",,False,16.7,,,,neutral,neutral,neutral,UP,neutral,neutral,neutral,,,,84.12,-,0.067,3.0978,-5.9924,gain_of_function,-2.29070564317253,0.0064161801989937,Benign,0.1131,benign,https://doi.org/10.1101/2022.10.22.513328
A54V,0.28357,-0.05544,-0.2677351373156483,Neutral,Neutral,-0.01068,-0.04826,Neutral,97.3,,2.39524782831e-05,0.021,cBioPortal,,True,97.3,,,,neutral,neutral,neutral,UP,neutral,neutral,neutral,,,,89.89,H,0.0219,2.6449,-5.22,gain_of_function,-3.09678958660449,0.0097543299868745,Benign,0.0791,benign,https://doi.org/10.1101/2022.10.22.513328
T56A,0.96792,0.53605,0.9496897390095724,Neutral,Neutral,-0.01546,-0.01534,Neutral,3.5,,,0.043,COSMIC,,True,3.5,,,,uncertain,,,DOWN,neutral,neutral,neutral,,,,92.7,H,0.0359,3.007,-6.1666,gain_of_function,-2.53916942083939,0.0420182867427606,Benign,0.134,benign,https://doi.org/10.1101/2022.10.22.513328
E61K,0.05884,1.32687,-0.0458021117310702,Neutral,Neutral,,,Uncertain,78.6,,,0.077,COSMIC,,False,78.6,,,,neutral,neutral,neutral,UP,neutral,neutral,stabilizing,,,,94.29,H,0.0063,2.7791,-3.9686,gain_of_function,-1.51474870451387,0.0073563402946242,Benign,0.3045,benign,https://doi.org/10.1101/2022.10.22.513328
L63I,1.04609,0.54864,1.199618478209497,Neutral,Neutral,,,,2.1,,,0.198,cBioPortal,,False,2.1,,,,neutral,neutral,neutral,-,uncertain,uncertain,uncertain,,,,95.29,H,-0.0874,1.1771,-3.0547,loss_of_function,-2.83882471473509,0.1100103010006281,Benign,0.8126,pathogenic,https://doi.org/10.1101/2022.10.22.513328
G67R,10.12566,0.11531,6.431800950780684,Uncertain,Destabilizing,,,,0.0,,,0.409,"cBioPortal,COSMIC,clinvar",,False,0.0,,,,neutral,neutral,neutral,UP,neutral,neutral,neutral,9513,Pathogenic,0,95.06,H,-0.2652,1.3205,-7.8391,loss_of_function,-3.71277252957923,0.8703576795439518,Pathogenic,0.9973,pathogenic,https://doi.org/10.1101/2022.10.22.513328
G67V,6.45392,0.49184,1.5255650046995446,Uncertain,Uncertain,,,,0.0,,,0.428,"cBioPortal,COSMIC",,False,0.0,,,,neutral,neutral,neutral,UP,neutral,neutral,neutral,,,,95.06,H,-0.3484,1.3205,-22.1269,loss_of_function,-5.09748227998879,0.6654786841867769,Uncertain,0.9954,pathogenic,https://doi.org/10.1101/2022.10.22.513328
E69K,-1.435,-0.07279,0.4324454177292519,Neutral,Neutral,,,Uncertain,34.7,,,0.304,COSMIC,,False,34.7,,,,neutral,neutral,neutral,UP,neutral,neutral,stabilizing,,,,94.44,H,-0.0757,1.9533,-5.1388,loss_of_function,-3.60656965499404,0.1246948431222799,Benign,0.9666,pathogenic,https://doi.org/10.1101/2022.10.22.513328
E75K,0.85094,0.15578,0.3107948878493649,Neutral,Neutral,,,Uncertain,82.5,,,0.17,cBioPortal,,False,82.5,,,,neutral,neutral,neutral,UP,neutral,neutral,neutral,,,,94.79,H,-0.0676,2.0022,-4.4469,loss_of_function,-2.89404551617035,0.054479442537637,Benign,0.9447,pathogenic,https://doi.org/10.1101/2022.10.22.513328
Q77K,1.19903,0.6398,0.5755494107216427,Neutral,Neutral,,,Uncertain,28.4,,,0.179,COSMIC,,False,28.4,,,,neutral,neutral,neutral,UP,neutral,neutral,stabilizing,,,,95.1,H,-0.1069,1.4791,-4.5976,loss_of_function,-2.31977440500606,0.0844848829104829,Benign,0.8997,pathogenic,https://doi.org/10.1101/2022.10.22.513328
R78M,-0.66629,0.09252,0.3863318471985594,Neutral,Neutral,,,Uncertain,88.0,,,0.202,"cBioPortal,COSMIC",,False,88.0,,,,neutral,neutral,neutral,DOWN,neutral,neutral,neutral,,,,94.81,H,-0.0724,2.5814,-8.8609,loss_of_function,-3.51885059793706,0.5535526244762349,Uncertain,0.5417,ambiguous,https://doi.org/10.1101/2022.10.22.513328
A82S,-0.46782,0.0517,0.3150459663814414,Neutral,Neutral,,,Uncertain,44.7,,,0.094,"cBioPortal,COSMIC",,False,44.7,,,,neutral,neutral,neutral,-,uncertain,uncertain,uncertain,,,,89.56,T,0.0906,3.272,-3.6469,gain_of_function,-0.427308020538987,0.0003049029413904,Benign,0.0761,benign,https://doi.org/10.1101/2022.10.22.513328
A82T,0.62935,0.54558,0.132587376300951,Neutral,Neutral,,,Uncertain,44.7,,2.60979403505e-05,0.061,"cBioPortal,COSMIC",,False,44.7,,,,neutral,neutral,neutral,UP,neutral,neutral,neutral,,,,89.56,T,0.0822,3.272,-4.1399,gain_of_function,-1.08732327448554,0.00097026865198,Benign,0.083,benign,https://doi.org/10.1101/2022.10.22.513328
V83M,-0.12254,1.26701,1.8106889358522409,Neutral,Neutral,,,,0.1,6.380399413e-05,6.09681746129e-05,0.137,"cBioPortal,COSMIC",,False,0.1,,,,neutral,neutral,neutral,UP,neutral,neutral,neutral,,,,87.78,S,-0.0549,2.3728,-5.0935,loss_of_function,-2.18767235796987,0.0531440408239253,Benign,0.691,pathogenic,https://doi.org/10.1101/2022.10.22.513328
S87F,-0.6368,-0.37585,0.0056831010476682,Neutral,Neutral,,,Uncertain,70.2,,0.0,0.277,"cBioPortal,COSMIC",P,True,70.2,1.685,,,damaging,neutral,potentially_damaging,UP,neutral,neutral,stabilizing,,,,83.8,-,-0.0419,2.647,-7.9098,loss_of_function,-4.15865963844088,0.0380863253834923,Benign,0.8129,pathogenic,https://doi.org/10.1101/2022.10.22.513328
P88F,1.8756,-1.03741,0.7649293912763979,Neutral,Neutral,,,,11.4,,,,"cBioPortal,COSMIC",,True,11.4,,,,neutral,neutral,neutral,UP,neutral,neutral,stabilizing,,,,86.25,H,-0.1351,2.7542,-22.1946,loss_of_function,-5.48465411393452,0.3330145835872445,Uncertain,0.9986,pathogenic,https://doi.org/10.1101/2022.10.22.513328
P88L,-0.51171,-0.10714,-0.3757982315187208,Neutral,Neutral,,,,11.4,,,0.206,"cBioPortal,COSMIC",,True,11.4,,,,neutral,neutral,neutral,UP,neutral,neutral,stabilizing,,,,86.25,H,-0.1228,2.7542,-22.1946,loss_of_function,-3.50119656917909,0.3730285654913458,Uncertain,0.9578,pathogenic,https://doi.org/10.1101/2022.10.22.513328
P88S,3.57155,2.32993,1.820383110307221,Uncertain,Uncertain,,,,11.4,3.18532203606e-05,,0.178,"cBioPortal,COSMIC",,True,11.4,,,,neutral,neutral,neutral,DOWN,neutral,neutral,stabilizing,,,,86.25,H,0.0233,2.7542,-3.179,gain_of_function,-1.17584178966421,0.0044228000578108,Benign,0.8658,pathogenic,https://doi.org/10.1101/2022.10.22.513328
R89L,-0.51956,-0.58946,-0.2359177842959853,Neutral,Neutral,0.79248,-0.0135,Neutral,75.3,,,0.181,"cBioPortal,COSMIC",,True,75.3,,,,neutral,neutral,neutral,DOWN,neutral,neutral,stabilizing,,,,90.35,H,-0.0568,2.9073,-4.994,loss_of_function,-2.89726515963178,0.0086374806099984,Benign,0.6442,pathogenic,https://doi.org/10.1101/2022.10.22.513328
R89Q,0.02696,-0.16088,0.4932904815588718,Neutral,Neutral,0.90772,0.06623,Neutral,75.3,,2.19250164438e-05,0.122,"cBioPortal,COSMIC",,True,75.3,,,,neutral,neutral,neutral,DOWN,neutral,neutral,stabilizing,,,,90.35,H,-0.0167,2.9073,-2.561,loss_of_function,-1.20918017685493,0.006129697761931,Benign,0.1392,benign,https://doi.org/10.1101/2022.10.22.513328
E90Q,0.33549,0.81293,0.6117165839474678,Neutral,Neutral,,,Uncertain,60.0,,,0.118,COSMIC,,False,60.0,,,,neutral,neutral,neutral,UP,neutral,neutral,neutral,,,,90.5,H,0.0107,2.3454,-4.991,gain_of_function,-1.14400473294231,0.0809380469507786,Benign,0.2221,benign,https://doi.org/10.1101/2022.10.22.513328
F93L,0.622,1.00034,0.4988608989288423,Neutral,Neutral,-0.11754,0.03521,Neutral,41.0,,,0.232,"cBioPortal,COSMIC",,False,41.0,,,,neutral,neutral,neutral,DOWN,neutral,neutral,neutral,,,,94.32,H,0.0254,3.0928,-3.4042,gain_of_function,-1.39806970241829,0.0076097193925926,Benign,0.9569,pathogenic,https://doi.org/10.1101/2022.10.22.513328
R94Q,0.11927,-0.5602,0.7435374074029946,Neutral,Neutral,,,Uncertain,39.2,,8.6419219634e-06,0.112,COSMIC,,False,39.2,,,,neutral,neutral,neutral,DOWN,neutral,neutral,neutral,,,,93.22,H,-0.0255,2.8616,-3.4713,loss_of_function,-1.01602782436781,0.0013131958072405,Benign,0.0894,benign,https://doi.org/10.1101/2022.10.22.513328
V95L,1.47395,1.50714,1.1350540061968089,Neutral,Neutral,,,,0.1,,8.6265646432e-06,0.358,cBioPortal,,False,0.1,,,,neutral,neutral,neutral,UP,neutral,neutral,neutral,,,,94.95,H,-0.1874,0.7648,-3.8462,loss_of_function,-3.22821590184037,0.1562338212008848,Benign,0.9913,pathogenic,https://doi.org/10.1101/2022.10.22.513328
A97G,0.78782,1.0483,0.7502721810927221,Neutral,Neutral,,,Uncertain,64.9,,,0.053,cBioPortal,,False,64.9,,,,neutral,neutral,neutral,DOWN,neutral,neutral,neutral,,,,93.74,H,0.0734,3.548,-6.3517,gain_of_function,-2.82276990240629,0.0117073472777335,Benign,0.1248,benign,https://doi.org/10.1101/2022.10.22.513328
G103D,2.2534,0.04388,0.2252855866502745,Uncertain,Uncertain,,,Uncertain,81.8,,,0.41,COSMIC,,False,81.8,,,,neutral,neutral,neutral,UP,neutral,neutral,stabilizing,,,,90.62,S,-0.3229,0.409,-5.8948,loss_of_function,-4.71245005392172,0.4336844022837697,Uncertain,0.8988,pathogenic,https://doi.org/10.1101/2022.10.22.513328
F105L,0.45315,1.21361,2.02812163942085,Neutral,Uncertain,,,Uncertain,23.6,3.18938572431e-05,,0.188,"cBioPortal,COSMIC",,False,23.6,,,,neutral,neutral,neutral,DOWN,neutral,neutral,stabilizing,,,,95.03,-,-0.1227,1.5917,-5.3575,loss_of_function,-1.73172093049919,0.0297113937318874,Benign,0.9661,pathogenic,https://doi.org/10.1101/2022.10.22.513328
N106H,1.24137,0.83129,0.0071712094677284,Neutral,Neutral,,,Uncertain,45.3,,,0.361,cBioPortal,,False,45.3,,,,neutral,neutral,neutral,UP,neutral,neutral,stabilizing,,,,95.23,-,-0.1791,0.8164,-6.6235,loss_of_function,-4.99125318659062,0.5487505281380205,Uncertain,0.8694,pathogenic,https://doi.org/10.1101/2022.10.22.513328
G108V,0.08392,-0.72823,-1.3244491338263868,Neutral,Neutral,,,,10.1,,,0.725,cBioPortal,,False,10.1,,,,neutral,neutral,neutral,UP,neutral,neutral,neutral,,,,96.01,H,-0.4139,0.6146,-22.2332,loss_of_function,-7.17320410468395,0.9181725663616116,Pathogenic,0.9988,pathogenic,https://doi.org/10.1101/2022.10.22.513328
R109G,3.96375,3.68333,2.6624599670631275,Destabilizing,Uncertain,,,,18.0,,,0.614,"cBioPortal,COSMIC",,False,18.0,,,,neutral,neutral,neutral,DOWN,neutral,neutral,stabilizing,,,,96.48,H,-0.3448,0.3542,-8.9424,loss_of_function,-7.31260346974741,0.8514220163252258,Pathogenic,0.9972,pathogenic,https://doi.org/10.1101/2022.10.22.513328
R109W,3.34084,1.77415,0.3588727212700343,Uncertain,Uncertain,,,,18.0,,,0.609,"cBioPortal,COSMIC",,False,18.0,,,,neutral,neutral,neutral,UP,neutral,neutral,neutral,,,,96.48,H,-0.395,0.3542,-22.2302,loss_of_function,-7.31260346974741,0.9714378827035492,Pathogenic,0.9966,pathogenic,https://doi.org/10.1101/2022.10.22.513328
L113P,10.61716,9.67041,9.3301955733588,Destabilizing,Destabilizing,,,,0.0,,,0.531,"cBioPortal,COSMIC",,False,0.0,,,,neutral,neutral,neutral,DOWN,neutral,neutral,neutral,,,,97.54,H,-0.4476,0.6001,-22.2273,loss_of_function,-6.97244701746974,0.9697904681413932,Pathogenic,0.9982,pathogenic,https://doi.org/10.1101/2022.10.22.513328
S118I,-1.63061,0.8051,-1.377080581779581,Neutral,Neutral,,,,0.6,,,0.156,"cBioPortal,COSMIC",,True,0.6,,,,uncertain,,,UP,neutral,neutral,neutral,,,,94.28,H,-0.1667,2.1183,-22.2244,loss_of_function,-5.44168393483731,0.5609081431107399,Uncertain,0.9457,pathogenic,https://doi.org/10.1101/2022.10.22.513328
V121M,1.38424,3.41667,2.8104603689136507,Uncertain,Uncertain,,,,0.4,,,0.34,cBioPortal,,True,0.4,,,,neutral,neutral,neutral,UP,neutral,neutral,neutral,,,,91.19,H,-0.1877,1.879,-22.2185,loss_of_function,-4.0322730011248,0.7983125386999885,Pathogenic,0.9743,pathogenic,https://doi.org/10.1101/2022.10.22.513328
A124V,0.83638,-0.03537,0.6092699687959474,Neutral,Neutral,,,,1.4,,,0.127,"cBioPortal,COSMIC",,False,1.4,,,,neutral,neutral,neutral,UP,neutral,neutral,stabilizing,,,,85.56,H,-0.0498,1.7788,-3.659,loss_of_function,-1.62449316295097,0.0538375935551913,Benign,0.8862,pathogenic,https://doi.org/10.1101/2022.10.22.513328
L125M,-0.15149,2.31122,1.624738132244961,Uncertain,Neutral,,,,5.7,,,0.162,"cBioPortal,COSMIC",,False,5.7,,,,neutral,neutral,neutral,-,uncertain,uncertain,uncertain,,,,83.36,H,-0.0566,1.9322,-6.0753,loss_of_function,-2.13361125027338,0.1651452901966394,Benign,0.2306,benign,https://doi.org/10.1101/2022.10.22.513328
L125P,7.50575,8.27823,8.765289554128502,Destabilizing,Destabilizing,,,,5.7,,,0.299,"cBioPortal,COSMIC",,False,5.7,,,,neutral,neutral,neutral,DOWN,neutral,neutral,neutral,,,,83.36,H,-0.2519,1.9322,-7.8826,loss_of_function,-5.18880636719339,0.7523277784413767,Pathogenic,0.9854,pathogenic,https://doi.org/10.1101/2022.10.22.513328
C126R,-0.90518,-0.22041,-0.7219928039669932,Neutral,Neutral,,,Uncertain,64.6,,,0.207,cBioPortal,,False,64.6,,,,neutral,neutral,neutral,UP,neutral,neutral,stabilizing,,,,82.13,H,-0.1572,3.2807,-5.4529,loss_of_function,-2.81557571424099,0.011194238430034,Benign,0.3587,ambiguous,https://doi.org/10.1101/2022.10.22.513328
C126W,-0.76447,-0.21122,-1.6024932505550795,Neutral,Neutral,,,Uncertain,64.6,,,0.198,"cBioPortal,COSMIC",,False,64.6,,,,neutral,neutral,neutral,UP,neutral,neutral,stabilizing,,,,82.13,H,-0.119,3.2807,-8.7746,loss_of_function,-4.2290975091427,0.0580661525515221,Benign,0.7078,pathogenic,https://doi.org/10.1101/2022.10.22.513328
T127S,-0.2208,0.50816,0.4429551337177162,Neutral,Neutral,,,Uncertain,54.0,,,0.068,"cBioPortal,COSMIC",,False,54.0,,,,neutral,,,DOWN,neutral,neutral,neutral,,,,80.09,T,0.0557,2.6872,-3.6224,gain_of_function,-1.03462931576753,0.0082584388014759,Benign,0.1522,benign,https://doi.org/10.1101/2022.10.22.513328
P130L,0.83364,1.04116,-0.9562665191430686,Neutral,Neutral,0.0707,-0.20543,Neutral,56.7,,2.78904463268e-05,0.194,"cBioPortal,COSMIC",,False,56.7,,,,neutral,neutral,neutral,UP,neutral,neutral,stabilizing,,,,74.03,T,-0.086,2.0778,-2.7948,loss_of_function,-2.42402765061546,0.0339763599423953,Benign,0.8793,pathogenic,https://doi.org/10.1101/2022.10.22.513328
E131K,1.24838,0.08912,0.6196775278433316,Neutral,Neutral,0.07582,0.37152,Neutral,78.8,,,0.092,"cBioPortal,COSMIC",,False,78.8,,,,neutral,neutral,neutral,UP,neutral,neutral,stabilizing,,,,80.31,H,-0.0417,2.4381,-7.2159,loss_of_function,-3.64591033972632,0.1075083953767007,Benign,0.689,pathogenic,https://doi.org/10.1101/2022.10.22.513328
L132P,3.01431,8.24592,5.538703799109379,Destabilizing,Destabilizing,-0.0175,0.01652,Neutral,26.8,,,0.273,cBioPortal,,False,26.8,,,,neutral,neutral,neutral,DOWN,neutral,neutral,destabilizing,,,,84.72,H,-0.243,2.8208,-22.1642,loss_of_function,-5.67853501487264,0.2349058316403182,Benign,0.9872,pathogenic,https://doi.org/10.1101/2022.10.22.513328
I133M,1.48345,2.76054,1.719125285035491,Uncertain,Neutral,-0.03278,0.0492,Neutral,4.8,,,0.208,"cBioPortal,COSMIC",,False,4.8,,,,neutral,neutral,neutral,-,uncertain,uncertain,uncertain,,,,86.36,H,-0.097,1.5223,-6.5546,loss_of_function,-2.65215511879971,0.1108057381976705,Benign,0.5652,pathogenic,https://doi.org/10.1101/2022.10.22.513328
T135P,1.16571,8.51088,7.369674394216212,Uncertain,Uncertain,0.15518,-0.15559,Neutral,52.2,,,0.231,"cBioPortal,COSMIC",P,False,52.2,-0.168,,,damaging,neutral,uncertain,-,uncertain,uncertain,uncertain,,,,92.22,H,-0.1278,3.0075,-6.0691,loss_of_function,-3.25721429784266,0.1394928526830029,Benign,0.7567,pathogenic,https://doi.org/10.1101/2022.10.22.513328
I136L,-0.06709,1.42959,0.7381966624401642,Neutral,Neutral,-0.01042,-0.12802,Neutral,0.5,,,0.182,"cBioPortal,COSMIC",,False,0.5,,,,neutral,neutral,neutral,-,uncertain,uncertain,uncertain,,,,93.46,H,-0.1281,1.0301,-4.8765,loss_of_function,-2.41198307286928,0.1137588305733432,Benign,0.8358,pathogenic,https://doi.org/10.1101/2022.10.22.513328
W139C,3.55524,2.75918,5.000588031645658,Uncertain,Destabilizing,0.2496,0.09769,Neutral,14.2,,,0.371,"cBioPortal,COSMIC",,False,14.2,,,,neutral,neutral,neutral,DOWN,neutral,neutral,neutral,,,,96.26,H,-0.3592,0.8694,-7.8765,loss_of_function,-4.15340466743127,0.4884143155371601,Uncertain,0.9981,pathogenic,https://doi.org/10.1101/2022.10.22.513328
L144I,1.19094,2.52449,0.6155464995858811,Uncertain,Neutral,0.1993,-0.01319,Neutral,0.0,,,0.064,"cBioPortal,COSMIC",,True,0.0,,,,neutral,neutral,neutral,-,uncertain,uncertain,uncertain,,,,97.58,I,-0.0131,1.9053,-1.632,loss_of_function,-0.824462424554026,0.0023139488352241,Benign,0.3319,benign,https://doi.org/10.1101/2022.10.22.513328
R145P,6.54745,6.54728,6.697612162538271,Destabilizing,Destabilizing,2.19062,1.36087,Destabilizing,56.9,,,0.238,"cBioPortal,COSMIC",,True,56.9,,,,neutral,neutral,neutral,DOWN,neutral,neutral,stabilizing,,,,97.62,I,-0.2911,2.0373,-7.8672,loss_of_function,-4.56709147870691,0.8977111820322272,Pathogenic,0.9877,pathogenic,https://doi.org/10.1101/2022.10.22.513328
R145W,-0.54806,-0.06565,-0.3019597043093841,Neutral,Neutral,-0.1752,-1.2582,Uncertain,56.9,,1.19312758511e-05,0.307,COSMIC,,True,56.9,,,,neutral,neutral,neutral,UP,neutral,neutral,stabilizing,,,,97.62,I,-0.1638,2.0373,-7.2823,loss_of_function,-2.9872429128314,0.7053307323787362,Pathogenic,0.7217,pathogenic,https://doi.org/10.1101/2022.10.22.513328
G150C,-0.11391,0.20782,0.5120543332514867,Neutral,Neutral,,,Uncertain,97.1,,3.9774083207e-06,0.098,"cBioPortal,COSMIC",,False,97.1,,,,neutral,neutral,neutral,UP,neutral,neutral,stabilizing,,,,96.87,H,-0.1292,3.4093,-22.1457,loss_of_function,-2.08906983480729,0.1138529558239362,Benign,0.1139,benign,https://doi.org/10.1101/2022.10.22.513328
D154H,0.30342,-0.09422,-0.3315238359969424,Neutral,Neutral,,,Uncertain,89.5,,,0.123,cBioPortal,,False,89.5,,,,neutral,neutral,neutral,UP,neutral,neutral,neutral,,,,96.49,H,-0.0428,2.5945,-7.2573,loss_of_function,-4.23373390140561,0.1598691249901006,Benign,0.424,ambiguous,https://doi.org/10.1101/2022.10.22.513328
L162I,0.46782,1.17177,0.6139067519139998,Neutral,Neutral,,,Uncertain,32.8,,,0.094,cBioPortal,,False,32.8,,,,neutral,neutral,neutral,-,uncertain,uncertain,uncertain,,,,94.57,H,0.0782,2.9428,-2.4464,gain_of_function,-2.11559513082169,0.0132414070508022,Benign,0.4041,ambiguous,https://doi.org/10.1101/2022.10.22.513328
Q171H,0.53109,0.32585,-0.20096596541747,Neutral,Neutral,,,Uncertain,65.6,,,,cBioPortal,,True,65.6,,,,neutral,neutral,neutral,UP,neutral,neutral,stabilizing,,,,89.17,H,-0.0377,1.9665,-6.1168,loss_of_function,-1.50426649932314,0.2143879903742657,Benign,0.9141,pathogenic,https://doi.org/10.1101/2022.10.22.513328
T174P,4.09254,11.98878,6.401417377649379,Destabilizing,Destabilizing,,,,2.2,,,0.025,COSMIC,P,True,2.2,8.811,,,uncertain,neutral,uncertain,-,uncertain,uncertain,uncertain,,,,92.33,H,-0.1669,2.7128,-8.4093,loss_of_function,-4.43481101871088,0.1281662121303102,Benign,0.9059,pathogenic,https://doi.org/10.1101/2022.10.22.513328
I175T,0.16631,0.19456,0.7620988197367518,Neutral,Neutral,,,Uncertain,83.0,,,0.118,cBioPortal,,True,83.0,,,,neutral,neutral,neutral,DOWN,neutral,neutral,destabilizing,,,,92.25,H,-0.1136,2.0239,-5.8159,loss_of_function,-2.22508358963498,0.1141700643891948,Benign,0.9835,pathogenic,https://doi.org/10.1101/2022.10.22.513328
A178V,0.75223,1.25918,0.4717190747047883,Neutral,Neutral,,,,3.0,,,0.169,cBioPortal,,True,3.0,,,,neutral,neutral,neutral,UP,neutral,neutral,neutral,,,,95.12,H,-0.0627,1.7441,-5.5633,loss_of_function,-2.29920482596458,0.370756047501993,Uncertain,0.7035,pathogenic,https://doi.org/10.1101/2022.10.22.513328
A183V,0.4656,-0.33435,-0.1547683976993191,Neutral,Neutral,,,Uncertain,71.5,,,0.138,cBioPortal,,False,71.5,,,,neutral,neutral,neutral,UP,neutral,neutral,neutral,,,,95.07,H,-0.0315,1.9667,-3.4594,loss_of_function,-2.31270250669093,,,0.6055,pathogenic,https://doi.org/10.1101/2022.10.22.513328
K190R,0.14666,-0.00102,-0.2903023765379547,Neutral,Neutral,,,Uncertain,81.9,,,0.021,cBioPortal,,False,81.9,,,,neutral,neutral,neutral,-,uncertain,uncertain,uncertain,,,,85.47,H,-0.0076,1.591,-2.2303,loss_of_function,-1.46506290602923,,,0.0926,benign,https://doi.org/10.1101/2022.10.22.513328
