Mutation,"Stability (FoldX5, alphafold, kcal/mol)","Stability (Rosetta Cartddg2020, alphafold, kcal/mol)","Stability (RaSP, alphafold, kcal/mol)","Stability classification, alphafold, (Rosetta, FoldX)","Stability classification, alphafold, (RaSP, FoldX)","Local Int. (Binding with MALT1_6GK2, heterodimer, FoldX5, kcal/mol)","Local Int. (Binding with MALT1_6GK2, heterodimer, Rosetta Talaris 2014, kcal/mol)",Local Int. classification (MALT1_6GK2),Relative Side Chain Solvent Accessibility in wild-type,gnomAD genome allele frequency,gnomAD exome allele frequency,REVEL score,Mutation sources,PTMs,is site part of phospho-SLiM,PTM residue SASA (%),"Change in stability with PTM (FoldX5, kcal/mol)","Change in binding with PTM (FoldX5, kcal/mol)","Change in binding with mutation (FoldX5, kcal/mol)",PTM effect in regulation,PTM effect in stability,PTM effect in function,AlloSigma2 mutation type,AlloSigma2 predicted consequence - active sites,AlloSigma2 predicted consequence - cofactor sites,AlloSigma2 predicted consequence - pockets and interfaces,ClinVar Variation ID,ClinVar Interpretation,ClinVar Review Status,AlphaFold2 model pLDDT score,AlphaFold2 model secondary structure,DeMaSk delta fitness,DeMaSk Shannon entropy,DeMaSk log2 variant frequency,DeMaSk predicted consequence,GEMME Score,EVE score,EVE classification (25% Uncertain),AlphaMissense pathogenicity score,AlphaMissense classification,References
E10A,0.35139,0.34422,0.1167873098361815,Neutral,Neutral,-0.13154,-0.01686,Neutral,84.3,,,0.381,COSMIC,,True,84.3,,,,neutral,neutral,neutral,DOWN,neutral,neutral,stabilizing,,,,78.72,H,-0.2607,0.5309,-20.0559,loss_of_function,-2.33697974432283,,,0.4847,ambiguous,https://doi.org/10.1101/2022.10.22.513328
E10K,0.12577,0.55306,0.1534490781722702,Neutral,Neutral,-0.07512,-0.29792,Neutral,84.3,,4.0020810822e-06,0.061,"cBioPortal,clinvar",,True,84.3,,,,neutral,neutral,neutral,UP,neutral,neutral,neutral,1467639,Uncertain significance,1,78.72,H,-0.2827,0.5309,-20.0559,loss_of_function,-2.33697974432283,,,0.6948,pathogenic,https://doi.org/10.1101/2022.10.22.513328
E10Q,0.3973,0.27177,0.1530727465045317,Neutral,Neutral,-0.06873,-0.13696,Neutral,84.3,,,0.018,cBioPortal,,True,84.3,,,,neutral,neutral,neutral,UP,neutral,neutral,neutral,,,,78.72,H,-0.2332,0.5309,-20.0559,loss_of_function,-1.43273926467823,,,0.5862,pathogenic,https://doi.org/10.1101/2022.10.22.513328
D12Y,0.46959,-0.46429,-0.1201994810170675,Neutral,Neutral,-0.11153,-0.04369,Neutral,62.9,,,0.196,COSMIC,,True,62.9,,,,neutral,neutral,neutral,UP,neutral,neutral,stabilizing,,,,86.34,H,-0.2807,1.1072,-20.0559,loss_of_function,-2.4574655190333,,,0.685,pathogenic,https://doi.org/10.1101/2022.10.22.513328
T14A,0.34506,0.14694,0.1306019571299427,Neutral,Neutral,0.01413,0.02767,Neutral,25.1,,,0.121,cBioPortal,,False,25.1,,,,uncertain,,,DOWN,neutral,neutral,neutral,,,,86.83,H,-0.0815,1.4218,-0.5914,loss_of_function,-0.713357708118756,,,0.1094,benign,https://doi.org/10.1101/2022.10.22.513328
E15D,0.55968,1.15986,0.3003179504708902,Neutral,Neutral,,,Uncertain,62.0,,,0.068,"cBioPortal,COSMIC",,False,62.0,,,,neutral,neutral,neutral,DOWN,neutral,neutral,neutral,,,,88.9,H,-0.0842,1.1084,-2.6101,loss_of_function,-0.788490017661335,,,0.2076,benign,https://doi.org/10.1101/2022.10.22.513328
V16M,0.42582,2.54694,0.8493563392734035,Uncertain,Neutral,-0.22278,0.11616,Neutral,5.6,,,0.182,cBioPortal,,False,5.6,,,,neutral,neutral,neutral,UP,neutral,neutral,neutral,,,,91.09,H,-0.1349,1.6003,-6.8579,loss_of_function,-1.47110613393451,,,0.9292,pathogenic,https://doi.org/10.1101/2022.10.22.513328
K17N,2.1252,1.53469,0.7882193359611372,Uncertain,Uncertain,0.05838,-0.22339,Neutral,22.1,,,0.114,"cBioPortal,COSMIC",,False,22.1,,,,neutral,neutral,neutral,DOWN,neutral,neutral,neutral,,,,91.53,H,-0.2858,0.4812,-20.1457,loss_of_function,-3.60120457901717,,,0.9975,pathogenic,https://doi.org/10.1101/2022.10.22.513328
K18N,1.03236,0.83299,0.6656176846587655,Neutral,Neutral,,,Uncertain,53.2,,,0.225,cBioPortal,,False,53.2,,,,neutral,neutral,neutral,DOWN,neutral,neutral,neutral,,,,92.05,H,-0.1477,1.1921,-5.8948,loss_of_function,-3.54521326136845,,,0.9708,pathogenic,https://doi.org/10.1101/2022.10.22.513328
D19H,-0.11217,0.16701,-0.4804354676975864,Neutral,Neutral,,,Uncertain,60.6,,,0.187,cBioPortal,,False,60.6,,,,neutral,neutral,neutral,UP,neutral,neutral,neutral,,,,92.15,H,-0.1957,1.6492,-20.1704,loss_of_function,-3.80308395845063,0.0369831477332796,Benign,0.897,pathogenic,https://doi.org/10.1101/2022.10.22.513328
D19V,-0.70958,-0.77449,-0.6234282034658684,Neutral,Neutral,,,Uncertain,60.6,,,0.245,"cBioPortal,COSMIC",,False,60.6,,,,neutral,neutral,neutral,UP,neutral,neutral,neutral,,,,92.15,H,-0.2334,1.6492,-20.1704,loss_of_function,-3.80308395845063,0.0908179305804447,Benign,0.6769,pathogenic,https://doi.org/10.1101/2022.10.22.513328
A20T,0.59558,0.57517,0.8967047873858754,Neutral,Neutral,,,,0.3,,,,clinvar,,False,0.3,,,,neutral,neutral,neutral,UP,neutral,neutral,neutral,1009636,Uncertain significance,1,93.63,H,-0.1915,1.1997,-20.4067,loss_of_function,-2.52055285182694,0.2869560041150161,Benign,0.8233,pathogenic,https://doi.org/10.1101/2022.10.22.513328
E22D,0.10468,0.47109,0.5371244063927069,Neutral,Neutral,,,Uncertain,61.5,,,0.281,cBioPortal,,False,61.5,,,,neutral,neutral,neutral,DOWN,neutral,neutral,neutral,,,,93.02,H,-0.0719,1.4365,-6.1189,loss_of_function,-1.67852910260693,0.0357320503587231,Benign,0.7503,pathogenic,https://doi.org/10.1101/2022.10.22.513328
R25C,1.35668,2.07551,1.8927670536382744,Uncertain,Neutral,,,Uncertain,31.6,,,0.680,"cBioPortal,COSMIC",,False,31.6,,,,neutral,neutral,neutral,DOWN,neutral,neutral,neutral,,,,92.95,H,-0.3984,0.1211,-20.4375,loss_of_function,-5.34605663646351,0.888498561409496,Pathogenic,0.9871,pathogenic,https://doi.org/10.1101/2022.10.22.513328
R25H,1.07348,0.58299,0.8867585055034601,Neutral,Neutral,,,Uncertain,31.6,,0.0,0.558,"cBioPortal,COSMIC",,False,31.6,,,,neutral,neutral,neutral,DOWN,neutral,neutral,neutral,,,,92.95,H,-0.3593,0.1211,-20.4375,loss_of_function,-5.34605663646351,0.8843534336708282,Pathogenic,0.965,pathogenic,https://doi.org/10.1101/2022.10.22.513328
V26I,-0.08403,0.06701,-0.2236435438770728,Neutral,Neutral,,,Uncertain,109.4,,,,clinvar,,False,109.4,,,,neutral,neutral,neutral,UP,neutral,neutral,neutral,1063260,Uncertain significance,1,92.82,H,-0.0788,2.1576,-20.4375,loss_of_function,-2.55929586686024,2.482544963421452e-09,Benign,0.1326,benign,https://doi.org/10.1101/2022.10.22.513328
Y27C,1.3946,2.89184,2.891034700777295,Uncertain,Uncertain,,,Uncertain,45.2,,,0.308,cBioPortal,,True,45.2,,,,uncertain,,,DOWN,neutral,neutral,mixed_effects,,,,94.07,H,-0.3705,0.4679,-20.4375,loss_of_function,-5.16819202018885,0.8727988811932476,Pathogenic,0.894,pathogenic,https://doi.org/10.1101/2022.10.22.513328
E30D,0.04733,1.05748,0.4464883243252682,Neutral,Neutral,,,Uncertain,56.6,,,0.109,cBioPortal,,True,56.6,,,,neutral,neutral,neutral,DOWN,neutral,neutral,neutral,,,,92.26,H,-0.0215,1.6984,-0.9504,loss_of_function,-0.850773047215444,2.356035542048017e-17,Benign,0.2546,benign,https://doi.org/10.1101/2022.10.22.513328
E30Q,0.01998,0.56156,0.3979307683766098,Neutral,Neutral,,,Uncertain,56.6,,,0.079,cBioPortal,,True,56.6,,,,neutral,neutral,neutral,UP,neutral,neutral,neutral,,,,92.26,H,-0.0519,1.6984,-5.5749,loss_of_function,-2.15042540723692,0.0029187359213159,Benign,0.6301,pathogenic,https://doi.org/10.1101/2022.10.22.513328
K31E,0.30321,0.42653,1.2140086342910903,Neutral,Neutral,,,Uncertain,43.0,,,0.201,COSMIC,,False,43.0,,,,neutral,neutral,neutral,DOWN,neutral,neutral,stabilizing,,,,92.14,H,-0.2682,0.761,-20.4476,loss_of_function,-5.16003596271002,0.8368858416267211,Pathogenic,0.9622,pathogenic,https://doi.org/10.1101/2022.10.22.513328
K31R,0.57688,0.41463,0.2244023478535023,Neutral,Neutral,,,Uncertain,43.0,,,0.192,cBioPortal,,False,43.0,,,,neutral,neutral,neutral,-,uncertain,uncertain,uncertain,,,,92.14,H,-0.096,0.761,-4.5749,loss_of_function,-1.64851298676017,0.4576495348988852,Uncertain,0.2053,benign,https://doi.org/10.1101/2022.10.22.513328
F38L,1.71308,1.39728,1.7077402726454023,Neutral,Neutral,,,,11.6,,,0.274,cBioPortal,,True,11.6,,,,neutral,neutral,neutral,DOWN,neutral,neutral,neutral,,,,93.37,H,-0.1441,1.1528,-1.6253,loss_of_function,-2.26567919640143,1.1785707634952203e-09,Benign,0.9907,pathogenic,https://doi.org/10.1101/2022.10.22.513328
D39H,1.94637,0.94558,-0.3414930163453267,Neutral,Neutral,,,Uncertain,88.2,,,0.422,COSMIC,,True,88.2,,,,neutral,neutral,neutral,UP,neutral,neutral,neutral,,,,92.97,H,-0.3284,0.2238,-20.4676,loss_of_function,-5.80040581144568,0.8858420895487769,Pathogenic,0.9932,pathogenic,https://doi.org/10.1101/2022.10.22.513328
L41Q,3.89638,2.62177,3.4328217296951467,Uncertain,Destabilizing,,,,0.0,,,0.729,COSMIC,,True,0.0,,,,neutral,neutral,neutral,DOWN,neutral,neutral,neutral,,,,93.67,H,-0.4202,0.1197,-20.4577,loss_of_function,-5.74025902402952,0.8880073391934544,Pathogenic,0.9985,pathogenic,https://doi.org/10.1101/2022.10.22.513328
R42C,0.35725,1.16395,1.3980740913898777,Neutral,Neutral,,,Uncertain,55.4,,,0.480,"cBioPortal,COSMIC",,True,55.4,,,,neutral,neutral,neutral,DOWN,neutral,neutral,stabilizing,,,,93.66,H,-0.3309,0.1191,-7.1798,loss_of_function,-5.76837444079097,0.8849959667347027,Pathogenic,0.9834,pathogenic,https://doi.org/10.1101/2022.10.22.513328
K44N,-0.23428,-0.10136,0.3818656926557462,Neutral,Neutral,,,Uncertain,57.9,,,0.151,cBioPortal,,True,57.9,,,,neutral,neutral,neutral,DOWN,neutral,neutral,stabilizing,,,,93.12,T,-0.1503,1.2341,-7.1798,loss_of_function,-4.81181873191586,0.3325016046428639,Uncertain,0.9492,pathogenic,https://doi.org/10.1101/2022.10.22.513328
I46K,0.40981,6.05374,3.1065636067974927,Uncertain,Uncertain,,,,10.3,,,0.518,"cBioPortal,COSMIC",,True,10.3,,,,neutral,neutral,neutral,-,uncertain,uncertain,uncertain,,,,92.6,S,-0.4754,0.4271,-20.4676,loss_of_function,-5.14317685311704,0.8802337459891967,Pathogenic,0.9974,pathogenic,https://doi.org/10.1101/2022.10.22.513328
T52N,1.70316,1.43673,1.047235839533006,Neutral,Neutral,,,,19.2,,,0.200,cBioPortal,P,True,19.2,2.051,,,uncertain,uncertain,uncertain,-,uncertain,uncertain,uncertain,,,,94.65,H,-0.2554,1.2391,-20.4776,loss_of_function,-4.32713602747213,0.763019033147725,Pathogenic,0.9464,pathogenic,https://doi.org/10.1101/2022.10.22.513328
E53G,1.14239,1.56803,1.0250678744926378,Neutral,Neutral,,,Uncertain,55.4,,,0.492,cBioPortal,,True,55.4,,,,neutral,neutral,neutral,DOWN,neutral,neutral,neutral,,,,94.32,H,-0.3319,0.0594,-20.4776,loss_of_function,-5.93476984996141,0.8684646470656585,Pathogenic,0.9571,pathogenic,https://doi.org/10.1101/2022.10.22.513328
E53Q,0.0019,0.15238,0.2951186495859731,Neutral,Neutral,,,Uncertain,55.4,,,0.367,"cBioPortal,COSMIC",,True,55.4,,,,neutral,neutral,neutral,UP,neutral,neutral,neutral,,,,94.32,H,-0.2787,0.0594,-20.4776,loss_of_function,-3.56172436262488,0.8840993483129083,Pathogenic,0.9382,pathogenic,https://doi.org/10.1101/2022.10.22.513328
E54D,0.04646,0.29388,0.4375305476885177,Neutral,Neutral,,,Uncertain,55.5,,,0.277,cBioPortal,,True,55.5,,,,neutral,neutral,neutral,DOWN,neutral,neutral,neutral,,,,95.14,H,-0.1499,0.482,-4.1898,loss_of_function,-1.78883952973263,0.0861570922008028,Benign,0.4321,ambiguous,https://doi.org/10.1101/2022.10.22.513328
E54G,0.94559,0.84082,1.010576429463013,Neutral,Neutral,,,Uncertain,55.5,,,0.499,"cBioPortal,COSMIC",,True,55.5,,,,neutral,neutral,neutral,DOWN,neutral,neutral,neutral,,,,95.14,H,-0.2931,0.482,-20.4776,loss_of_function,-5.27979338590689,0.8668947386697732,Pathogenic,0.9338,pathogenic,https://doi.org/10.1101/2022.10.22.513328
I55S,4.73467,4.38401,5.233097419587975,Destabilizing,Destabilizing,,,,0.2,,,0.681,cBioPortal,,True,0.2,,,,neutral,neutral,neutral,DOWN,neutral,neutral,neutral,,,,95.38,H,-0.4337,0.2625,-20.4776,loss_of_function,-5.7780053433901,0.887909171613541,Pathogenic,0.9974,pathogenic,https://doi.org/10.1101/2022.10.22.513328
S56Y,-0.92605,-0.95918,-0.6578708082564144,Neutral,Neutral,,,Uncertain,55.4,,,0.171,"cBioPortal,COSMIC",,True,55.4,,,,uncertain,,,UP,neutral,neutral,destabilizing,,,,91.52,H,-0.2502,1.1311,-20.4676,loss_of_function,-4.75847520524009,0.1449184275240535,Benign,0.771,pathogenic,https://doi.org/10.1101/2022.10.22.513328
R58L,-1.19431,-0.9398,-0.2863433591319991,Neutral,Neutral,,,Uncertain,43.1,,,0.219,COSMIC,,True,43.1,,,,neutral,neutral,neutral,DOWN,neutral,neutral,mixed_effects,,,,93.83,S,-0.2503,0.9253,-7.1798,loss_of_function,-4.83852880313333,0.6749406645366605,Uncertain,0.8216,pathogenic,https://doi.org/10.1101/2022.10.22.513328
R58Q,0.11107,-1.20578,0.7136821738081647,Neutral,Neutral,,,Uncertain,43.1,,,0.079,"cBioPortal,COSMIC",,True,43.1,,,,neutral,neutral,neutral,DOWN,neutral,neutral,mixed_effects,,,,93.83,S,-0.2043,0.9253,-3.595,loss_of_function,-1.88560615447617,1.7580120995814294e-05,Benign,0.2378,benign,https://doi.org/10.1101/2022.10.22.513328
S61I,-1.00091,-0.65952,-0.9587123545665204,Neutral,Neutral,,,Uncertain,54.4,,,0.275,cBioPortal,,True,54.4,,,,uncertain,,,UP,neutral,neutral,neutral,,,,92.02,H,-0.1932,1.7326,-20.4676,loss_of_function,-4.70923825147219,0.0997353536289324,Benign,0.8005,pathogenic,https://doi.org/10.1101/2022.10.22.513328
S61N,-0.17118,0.0119,-0.0931578821968959,Neutral,Neutral,,,Uncertain,54.4,,,0.152,cBioPortal,,True,54.4,,,,uncertain,,,UP,neutral,neutral,neutral,,,,92.02,H,-0.0503,1.7326,-4.01,loss_of_function,-1.42860999747129,1.9359374499124228e-08,Benign,0.4322,ambiguous,https://doi.org/10.1101/2022.10.22.513328
R62G,0.3941,1.63401,1.4704419966108284,Neutral,Neutral,,,Uncertain,69.6,,,0.054,COSMIC,,True,69.6,,,,neutral,neutral,neutral,DOWN,neutral,neutral,stabilizing,,,,93.44,H,-0.1646,2.0311,-3.8679,loss_of_function,-2.16018012883917,2.0533765960151647e-05,Benign,0.6627,pathogenic,https://doi.org/10.1101/2022.10.22.513328
R62S,-0.02841,0.86939,0.9491962018900136,Neutral,Neutral,,,Uncertain,69.6,,,0.132,cBioPortal,,True,69.6,,,,neutral,neutral,neutral,DOWN,neutral,neutral,stabilizing,,,,93.44,H,-0.1298,2.0311,-3.8679,loss_of_function,-1.80931549527529,4.397910066898127e-07,Benign,0.8806,pathogenic,https://doi.org/10.1101/2022.10.22.513328
K63Q,-0.34197,-0.31769,0.2398830060565082,Neutral,Neutral,,,Uncertain,76.9,,,0.147,"cBioPortal,COSMIC",,True,76.9,,,,neutral,neutral,neutral,DOWN,neutral,neutral,stabilizing,,,,94.41,H,-0.1679,0.7488,-5.6048,loss_of_function,-3.48096686653196,0.3041361206781913,Benign,0.74,pathogenic,https://doi.org/10.1101/2022.10.22.513328
R64G,1.07332,2.45476,3.436921197790843,Uncertain,Uncertain,,,,18.1,,,0.270,cBioPortal,,True,18.1,,,,neutral,neutral,neutral,DOWN,neutral,neutral,neutral,,,,95.57,H,-0.3433,1.0103,-20.4776,loss_of_function,-4.69071258083241,0.8010517199518471,Pathogenic,0.9821,pathogenic,https://doi.org/10.1101/2022.10.22.513328
A65V,0.25551,1.03129,0.166184786862919,Neutral,Neutral,,,,0.2,,,0.238,cBioPortal,,True,0.2,,,,neutral,neutral,neutral,UP,neutral,neutral,neutral,,,,94.74,H,-0.1953,1.1306,-20.4776,loss_of_function,-4.96519916872882,0.3842614017361103,Uncertain,0.8926,pathogenic,https://doi.org/10.1101/2022.10.22.513328
K67I,-0.5082,0.09388,-0.0523971844587445,Neutral,Neutral,,,Uncertain,41.9,,,0.282,COSMIC,,True,41.9,,,,neutral,neutral,neutral,-,uncertain,uncertain,uncertain,,,,94.61,H,-0.1509,2.1841,-20.4776,loss_of_function,-2.73741793138479,0.3589733016584174,Uncertain,0.8308,pathogenic,https://doi.org/10.1101/2022.10.22.513328
K67T,0.62247,-0.44762,1.1730262997179222,Neutral,Neutral,,,Uncertain,41.9,,,0.224,"cBioPortal,COSMIC",,True,41.9,,,,neutral,neutral,neutral,DOWN,neutral,neutral,stabilizing,,,,94.61,H,-0.0478,2.1841,-3.4894,loss_of_function,-2.19058943107614,0.0026227520587067,Benign,0.7885,pathogenic,https://doi.org/10.1101/2022.10.22.513328
L68V,2.58957,2.22891,2.046720386943591,Uncertain,Uncertain,,,,0.1,,,0.450,"cBioPortal,COSMIC",,False,0.1,,,,neutral,neutral,neutral,DOWN,neutral,neutral,stabilizing,,,,94.57,H,-0.1937,0.6458,-7.1897,loss_of_function,-3.16752358830543,0.7071906143306402,Pathogenic,0.8238,pathogenic,https://doi.org/10.1101/2022.10.22.513328
Y71C,2.57129,2.95204,2.4620951856901265,Uncertain,Uncertain,,,Uncertain,30.5,,,0.154,"cBioPortal,COSMIC",,True,30.5,,,,uncertain,,,DOWN,neutral,neutral,stabilizing,,,,93.24,H,-0.1498,2.0207,-5.1898,loss_of_function,-3.07639107119756,0.1475772169802807,Benign,0.3629,ambiguous,https://doi.org/10.1101/2022.10.22.513328
L72F,3.33319,1.9051,1.5665548206183373,Uncertain,Uncertain,,,,0.0,,,0.427,"cBioPortal,COSMIC",,True,0.0,,,,neutral,neutral,neutral,UP,neutral,neutral,neutral,,,,92.49,H,-0.3063,0.4097,-20.4776,loss_of_function,-4.9526138456148,0.8799981878298355,Pathogenic,0.9821,pathogenic,https://doi.org/10.1101/2022.10.22.513328
L72S,4.18035,4.38265,4.772619134212199,Destabilizing,Destabilizing,,,,0.0,,,0.601,"cBioPortal,COSMIC",,True,0.0,,,,neutral,neutral,neutral,DOWN,neutral,neutral,neutral,,,,92.49,H,-0.4032,0.4097,-20.4776,loss_of_function,-4.9526138456148,0.8453776530689938,Pathogenic,0.9981,pathogenic,https://doi.org/10.1101/2022.10.22.513328
E74D,0.42697,0.42109,0.2337257714877044,Neutral,Neutral,,,Uncertain,83.8,,,0.078,"cBioPortal,COSMIC",,True,83.8,,,,neutral,neutral,neutral,DOWN,neutral,neutral,stabilizing,,,,89.25,H,-0.1167,0.8654,-4.6049,loss_of_function,-2.23949969378028,0.0953814303206738,Benign,0.4007,ambiguous,https://doi.org/10.1101/2022.10.22.513328
P76S,1.94385,1.20306,-0.8514949983925169,Neutral,Neutral,0.01519,0.04864,Neutral,62.3,,,0.371,cBioPortal,,False,62.3,,,,neutral,neutral,neutral,DOWN,neutral,neutral,stabilizing,,,,86.77,T,-0.3075,0.1184,-20.4776,loss_of_function,-6.00318729267852,0.8882798501665208,Pathogenic,0.9019,pathogenic,https://doi.org/10.1101/2022.10.22.513328
P76T,1.96136,1.48946,-0.7891158880802329,Neutral,Neutral,0.1039,0.03037,Neutral,62.3,,,0.458,cBioPortal,,False,62.3,,,,neutral,neutral,neutral,-,uncertain,uncertain,uncertain,,,,86.77,T,-0.3196,0.1184,-20.4776,loss_of_function,-6.00318729267852,0.8513237265651231,Pathogenic,0.8875,pathogenic,https://doi.org/10.1101/2022.10.22.513328
L79M,-0.17562,1.4915,1.4203923566526824,Neutral,Neutral,0.02204,-0.09322,Neutral,4.4,,,0.221,"cBioPortal,COSMIC",,True,4.4,,,,neutral,neutral,neutral,-,uncertain,uncertain,uncertain,,,,92.22,H,-0.2817,0.2853,-20.4776,loss_of_function,-3.60234810654329,0.8785953320334609,Pathogenic,0.7876,pathogenic,https://doi.org/10.1101/2022.10.22.513328
D80G,1.0991,2.5466,0.9040003123678728,Uncertain,Neutral,-0.23656,0.01932,Neutral,61.3,,,0.394,cBioPortal,,True,61.3,,,,neutral,neutral,neutral,DOWN,neutral,neutral,neutral,,,,92.41,H,-0.3345,0.1773,-20.4776,loss_of_function,-5.97112180384226,0.8884270117842278,Pathogenic,0.9774,pathogenic,https://doi.org/10.1101/2022.10.22.513328
S85Y,24.78262,2.45714,0.0729305618767484,Uncertain,Uncertain,,,,1.6,,,0.434,cBioPortal,P,True,1.6,8.766,,,uncertain,neutral,uncertain,UP,neutral,neutral,neutral,,,,92.8,H,-0.3435,0.1184,-20.4776,loss_of_function,-5.88408887087535,0.8880283639187208,Pathogenic,0.9915,pathogenic,https://doi.org/10.1101/2022.10.22.513328
I86L,0.16591,0.21122,1.0654446026638358,Neutral,Neutral,0.00191,0.01429,Neutral,0.4,,,0.092,"cBioPortal,COSMIC",,True,0.4,,,,neutral,neutral,neutral,-,uncertain,uncertain,uncertain,,,,91.78,H,-0.1928,0.344,-5.1898,loss_of_function,-3.49288968542978,0.4381078474369378,Uncertain,0.5318,ambiguous,https://doi.org/10.1101/2022.10.22.513328
I86M,-0.15642,1.51361,1.727998671048221,Neutral,Neutral,-0.05406,-0.10306,Neutral,0.4,,,0.306,"cBioPortal,COSMIC",,True,0.4,,,,neutral,neutral,neutral,-,uncertain,uncertain,uncertain,,,,91.78,H,-0.2765,0.344,-20.4776,loss_of_function,-3.49288968542978,0.859286076308061,Pathogenic,0.6913,pathogenic,https://doi.org/10.1101/2022.10.22.513328
I86V,1.46829,1.38537,1.478804751816784,Neutral,Neutral,0.02091,0.05607,Neutral,0.4,,3.9826674313e-06,0.156,"cBioPortal,COSMIC",,True,0.4,,,,neutral,neutral,neutral,DOWN,neutral,neutral,neutral,,,,91.78,H,-0.231,0.344,-20.4776,loss_of_function,-3.49288968542978,0.8316044330932859,Pathogenic,0.483,ambiguous,https://doi.org/10.1101/2022.10.22.513328
R87P,5.18891,9.14456,8.51800200714715,Destabilizing,Destabilizing,0.58416,0.43728,Neutral,68.9,,,0.337,cBioPortal,,True,68.9,,,,neutral,neutral,neutral,DOWN,neutral,neutral,destabilizing,,,,91.56,H,-0.4325,1.2007,-20.4776,loss_of_function,-4.20121095688284,0.6799916154464362,Pathogenic,0.9927,pathogenic,https://doi.org/10.1101/2022.10.22.513328
R87Q,0.28382,0.29898,1.0074591869398666,Neutral,Neutral,0.53925,0.22511,Neutral,68.9,0.0001913143294433,0.0001115831254433,0.319,"cBioPortal,COSMIC,clinvar",,True,68.9,,,,neutral,neutral,neutral,DOWN,neutral,neutral,destabilizing,1003339,Uncertain significance,1,91.56,H,-0.1765,1.2007,-3.1024,loss_of_function,-1.94069666327915,1.4542070117752325e-08,Benign,0.1279,benign,https://doi.org/10.1101/2022.10.22.513328
R87W,0.23753,0.57823,-0.0762247778827884,Neutral,Neutral,-0.35295,0.43422,Neutral,68.9,3.18938572431e-05,3.9846987568e-06,0.208,"cBioPortal,COSMIC",,True,68.9,,,,neutral,neutral,neutral,UP,neutral,neutral,neutral,,,,91.56,H,-0.3081,1.2007,-20.4776,loss_of_function,-4.20121095688284,0.5928270829358185,Uncertain,0.4654,ambiguous,https://doi.org/10.1101/2022.10.22.513328
R88G,1.41895,1.15782,1.671761955174167,Neutral,Neutral,0.01,0.09585,Neutral,79.4,,,0.193,"cBioPortal,COSMIC",,True,79.4,,,,neutral,neutral,neutral,DOWN,neutral,neutral,neutral,,,,90.98,H,-0.2292,2.2506,-20.4776,loss_of_function,-4.1373589323956,0.0089312724166175,Benign,0.7168,pathogenic,https://doi.org/10.1101/2022.10.22.513328
R88Q,0.49702,-0.27993,0.8128468507485492,Neutral,Neutral,0.00987,-0.12061,Neutral,79.4,6.37877144862e-05,6.37765270492e-05,0.144,"cBioPortal,COSMIC,clinvar",,True,79.4,,,,neutral,neutral,neutral,DOWN,neutral,neutral,neutral,948247,Uncertain significance,1,90.98,H,-0.0854,2.2506,-4.1898,loss_of_function,-1.88890361067393,4.850499314713651e-06,Benign,0.2051,benign,https://doi.org/10.1101/2022.10.22.513328
E89A,-1.33923,0.14762,0.2510596766045958,Neutral,Neutral,-0.01878,0.05619,Neutral,32.3,,3.985111623e-06,0.208,cBioPortal,,False,32.3,,,,neutral,neutral,neutral,DOWN,neutral,neutral,stabilizing,,,,86.06,H,-0.0878,2.4326,-20.4776,loss_of_function,-3.35679330833528,0.0077179614862218,Benign,0.8728,pathogenic,https://doi.org/10.1101/2022.10.22.513328
K90E,3.01814,0.71565,0.1564998162590469,Uncertain,Uncertain,0.16957,-0.1525,Neutral,89.0,,,0.100,cBioPortal,,False,89.0,,,,neutral,neutral,neutral,DOWN,neutral,neutral,stabilizing,,,,80.84,-,-0.1309,1.4078,-5.1898,loss_of_function,-3.28158925539534,2.3446113871618658e-06,Benign,0.6415,pathogenic,https://doi.org/10.1101/2022.10.22.513328
Q92H,-0.42366,0.07823,-0.112417200525044,Neutral,Neutral,-0.03478,0.11404,Neutral,13.2,,,0.272,"cBioPortal,COSMIC",,False,13.2,,,,neutral,neutral,neutral,UP,neutral,neutral,neutral,,,,80.41,-,-0.2107,0.8833,-20.4776,loss_of_function,-4.92193037640096,0.6032788375929087,Uncertain,0.9901,pathogenic,https://doi.org/10.1101/2022.10.22.513328
N93K,0.22823,0.03605,-0.2339143900566143,Neutral,Neutral,0.04851,-0.0154,Neutral,84.5,,,0.072,cBioPortal,,False,84.5,,,,neutral,neutral,neutral,UP,neutral,neutral,neutral,,,,89.68,H,-0.14,1.2527,-7.1897,loss_of_function,-4.92976030852907,0.6612958718827923,Uncertain,0.7094,pathogenic,https://doi.org/10.1101/2022.10.22.513328
F94V,1.23755,1.41122,0.7348836834817809,Neutral,Neutral,-0.00883,-0.05278,Neutral,55.5,,,0.526,cBioPortal,,False,55.5,,,,neutral,neutral,neutral,DOWN,neutral,neutral,stabilizing,,,,91.39,H,-0.2887,0.2402,-7.1897,loss_of_function,-5.97112180384226,0.8248792090179857,Pathogenic,0.984,pathogenic,https://doi.org/10.1101/2022.10.22.513328
I96T,1.70497,1.65068,1.799199509797227,Neutral,Neutral,0.67703,0.03015,Neutral,25.6,,,0.273,"cBioPortal,COSMIC",,False,25.6,,,,neutral,neutral,neutral,DOWN,neutral,neutral,neutral,,,,92.5,H,-0.2801,1.0269,-20.4676,loss_of_function,-4.81914092051466,0.8467337202988239,Pathogenic,0.9311,pathogenic,https://doi.org/10.1101/2022.10.22.513328
I96V,0.92757,0.1,0.4928226372143146,Neutral,Neutral,0.11355,0.07025,Neutral,25.6,,,,clinvar,,False,25.6,,,,neutral,neutral,neutral,DOWN,neutral,neutral,neutral,"1021998, 934334","Uncertain significance, Uncertain significance","2, 1",92.5,H,-0.0884,1.0269,-4.858,loss_of_function,-1.63688077411082,0.0018553337696668,Benign,0.2644,benign,https://doi.org/10.1101/2022.10.22.513328
Q97E,0.05259,0.00782,-0.2596391418537952,Neutral,Neutral,0.65057,0.23585,Neutral,74.7,,,,clinvar,,False,74.7,,,,neutral,neutral,neutral,DOWN,neutral,neutral,neutral,936125,Uncertain significance,1,93.07,H,0.0226,2.4676,-2.5361,gain_of_function,-0.581895185376569,2.5651000561861323e-14,Benign,0.0684,benign,https://doi.org/10.1101/2022.10.22.513328
D101N,0.33893,0.53844,-0.0459389499598811,Neutral,Neutral,-0.02701,1.08405,Uncertain,58.9,,,0.170,cBioPortal,,True,58.9,,,,neutral,neutral,neutral,-,uncertain,uncertain,uncertain,,,,94.87,H,-0.1917,0.4532,-6.1799,loss_of_function,-3.07935302486897,0.6388371578380303,Uncertain,0.4378,ambiguous,https://doi.org/10.1101/2022.10.22.513328
E102K,-1.70998,1.0432,1.0206384863008122,Neutral,Neutral,0.00731,-0.00442,Neutral,15.9,,,0.115,"cBioPortal,COSMIC",,True,15.9,,,,neutral,neutral,neutral,UP,neutral,neutral,neutral,,,,93.93,H,-0.1678,1.0643,-7.1597,loss_of_function,-5.3432918683952,0.8875383458629962,Pathogenic,0.8382,pathogenic,https://doi.org/10.1101/2022.10.22.513328
E102V,-1.90496,-1.02857,-0.1587449934174034,Neutral,Neutral,-0.00908,-0.03241,Neutral,15.9,,,0.149,"cBioPortal,COSMIC",,True,15.9,,,,neutral,neutral,neutral,-,uncertain,uncertain,uncertain,,,,93.93,H,-0.1386,1.0643,-3.1599,loss_of_function,-1.69946346987856,0.547280557147565,Uncertain,0.7717,pathogenic,https://doi.org/10.1101/2022.10.22.513328
N108D,0.58729,0.2466,0.2971556780205681,Neutral,Neutral,0.2788,0.41609,Neutral,81.7,,,,clinvar,,False,81.7,,,,neutral,neutral,neutral,-,uncertain,uncertain,uncertain,953216,Uncertain significance,1,89.38,H,-0.1724,0.8444,-6.1598,loss_of_function,-1.59847273239984,0.6543062271670712,Uncertain,0.2922,benign,https://doi.org/10.1101/2022.10.22.513328
N108H,0.20577,0.11429,-0.3982811861412388,Neutral,Neutral,-1.99433,-0.82886,Uncertain,81.7,,,0.118,"cBioPortal,COSMIC",,False,81.7,,,,neutral,neutral,neutral,UP,neutral,neutral,neutral,,,,89.38,H,-0.1741,0.8444,-6.1598,loss_of_function,-4.78855622385275,0.7351270502128281,Pathogenic,0.2152,benign,https://doi.org/10.1101/2022.10.22.513328
I109T,1.49661,0.6449,1.019777674054123,Neutral,Neutral,7e-05,0.00469,Neutral,49.5,,1.24056139538e-05,0.064,"cBioPortal,COSMIC",,False,49.5,,,,neutral,neutral,neutral,DOWN,neutral,neutral,neutral,,,,88.84,H,-0.229,1.581,-20.4375,loss_of_function,-4.45092875749268,5.618041341611674e-09,Benign,0.1876,benign,https://doi.org/10.1101/2022.10.22.513328
I109V,0.86962,0.3585,0.484563987880503,Neutral,Neutral,-0.00063,0.00355,Neutral,49.5,,,,clinvar,,False,49.5,,,,neutral,neutral,neutral,DOWN,neutral,neutral,neutral,1347618,Uncertain significance,1,88.84,H,-0.0359,1.581,-4.5648,loss_of_function,-0.210478453867916,1.3947546368717843e-11,Benign,0.0724,benign,https://doi.org/10.1101/2022.10.22.513328
L114M,-0.25207,0.76871,0.5122482985970211,Neutral,Neutral,0.00034,0.02565,Neutral,63.9,,,0.088,"cBioPortal,COSMIC",,False,63.9,,,,neutral,neutral,neutral,-,uncertain,uncertain,uncertain,,,,76.28,H,-0.1477,0.9986,-7.0767,loss_of_function,-1.47456328675697,0.225545567682709,Benign,0.1058,benign,https://doi.org/10.1101/2022.10.22.513328
G116R,-0.68578,-0.5915,-1.065973188040794,Neutral,Neutral,,,Uncertain,109.7,,,,COSMIC,,False,109.7,,,,neutral,neutral,neutral,UP,neutral,neutral,neutral,,,,61.06,H,-0.3216,1.403,-20.3752,loss_of_function,-4.48817352485605,0.4242894316363589,Uncertain,0.7172,pathogenic,https://doi.org/10.1101/2022.10.22.513328
L117I,0.10329,0.83707,0.5800443071594191,Neutral,Neutral,,,Uncertain,91.3,,,0.121,COSMIC,,False,91.3,,,,neutral,neutral,neutral,-,uncertain,uncertain,uncertain,,,,57.31,H,0.0328,2.6444,-5.9657,gain_of_function,-1.93414158544906,4.826034837302057e-06,Benign,0.0899,benign,https://doi.org/10.1101/2022.10.22.513328
