Mutation,"Stability (FoldX5, alphafold, kcal/mol)","Stability (Rosetta Cartddg2020, alphafold, kcal/mol)","Stability (RaSP, alphafold, kcal/mol)","Stability classification, alphafold, (Rosetta, FoldX)","Stability classification, alphafold, (RaSP, FoldX)","Local Int. (Binding with BCL2L11_4B4S, heterodimer, FoldX5, kcal/mol)","Local Int. (Binding with BCL2L11_4B4S, heterodimer, Rosetta Talaris 2014, kcal/mol)",Local Int. classification (BCL2L11_4B4S),Relative Side Chain Solvent Accessibility in wild-type,gnomAD genome allele frequency,gnomAD exome allele frequency,REVEL score,Mutation sources,PTMs,is site part of phospho-SLiM,PTM residue SASA (%),"Change in stability with PTM (FoldX5, kcal/mol)","Change in binding with PTM (FoldX5, kcal/mol)","Change in binding with mutation (FoldX5, kcal/mol)",PTM effect in regulation,PTM effect in stability,PTM effect in function,AlloSigma2 mutation type,AlloSigma2 predicted consequence - active sites,AlloSigma2 predicted consequence - cofactor sites,AlloSigma2 predicted consequence - pockets and interfaces,ClinVar Variation ID,ClinVar Interpretation,ClinVar Review Status,AlphaFold2 model pLDDT score,AlphaFold2 model secondary structure,DeMaSk delta fitness,DeMaSk Shannon entropy,DeMaSk log2 variant frequency,DeMaSk predicted consequence,GEMME Score,EVE score,EVE classification (25% Uncertain),AlphaMissense pathogenicity score,AlphaMissense classification,References
D13G,1.36123,2.59762,0.7159985776250712,Uncertain,Neutral,,,Uncertain,39.1,,,,clinvar,,True,39.1,,,,neutral,neutral,neutral,DOWN,neutral,neutral,mixed_effects,2364573,Uncertain significance,1,88.85,-,-0.2923,0.5825,-19.4972,loss_of_function,-4.55174660162272,0.8432924200299619,Pathogenic,,,https://doi.org/10.1101/2022.10.22.513328
L21R,0.41763,0.34388,0.706950600313915,Neutral,Neutral,,0.0,Uncertain,62.1,0.4631150169991661,0.407611509223182,0.012,"cBioPortal,COSMIC,clinvar",,True,62.1,,,,neutral,neutral,neutral,UP,neutral,neutral,neutral,1270639,Benign,1,97.64,H,-0.2187,1.8641,-0.7936,loss_of_function,0.349926164682215,2.9911288249796193e-09,Benign,,,https://doi.org/10.1101/2022.10.22.513328
A24T,0.19974,0.11088,0.1810161997541259,Neutral,Neutral,,0.00969,Uncertain,53.6,,,0.006,COSMIC,,False,53.6,,,,neutral,neutral,neutral,UP,neutral,neutral,neutral,,,,98.1,H,-0.022,1.9555,-0.812,loss_of_function,-0.56768877520286,1.0757589722919804e-07,Benign,,,https://doi.org/10.1101/2022.10.22.513328
L27V,3.45767,2.48503,2.333188224943216,Uncertain,Uncertain,,0.00241,,0.0,,6.3372159343e-06,0.091,cBioPortal,,True,0.0,,,,neutral,neutral,neutral,DOWN,neutral,neutral,neutral,,,,97.86,H,-0.2041,0.4832,-6.3037,loss_of_function,-2.78368823866586,0.8886161600092811,Pathogenic,,,https://doi.org/10.1101/2022.10.22.513328
C30Y,5.71736,0.02721,0.3477056143842794,Uncertain,Uncertain,,0.00699,,1.1,,,0.19,cBioPortal,,True,1.1,,,,neutral,neutral,neutral,UP,neutral,neutral,stabilizing,,,,95.27,H,-0.3758,0.3655,-5.3037,loss_of_function,-3.63954986399903,0.8110030657424425,Pathogenic,,,https://doi.org/10.1101/2022.10.22.513328
A31V,0.63785,1.96156,1.785576217571566,Neutral,Neutral,,0.0166,,8.1,,0.0,0.037,cBioPortal,,True,8.1,,,,neutral,neutral,neutral,UP,neutral,neutral,neutral,,,,93.65,H,-0.1955,1.0793,-19.5915,loss_of_function,-3.07773879405331,0.8520753639500305,Pathogenic,,,https://doi.org/10.1101/2022.10.22.513328
R32W,2.08791,2.43571,0.3016259953591849,Uncertain,Uncertain,,-0.01973,Uncertain,40.0,,,0.131,cBioPortal,,True,40.0,,,,neutral,neutral,neutral,UP,neutral,neutral,stabilizing,,,,91.41,S,-0.3454,0.7466,-19.5915,loss_of_function,-4.08545047842563,0.9340677640424178,Pathogenic,,,https://doi.org/10.1101/2022.10.22.513328
E33K,-0.11626,0.09082,-0.1359116574049762,Neutral,Neutral,,,Uncertain,65.3,,5.9525226791e-06,0.038,"cBioPortal,COSMIC",,True,65.3,,,,neutral,neutral,neutral,UP,neutral,neutral,stabilizing,,,,87.48,-,-0.1692,1.7382,-19.5915,loss_of_function,-2.78606414553774,0.7738557486410801,Pathogenic,,,https://doi.org/10.1101/2022.10.22.513328
T36P,3.29622,6.13639,3.033949539236054,Destabilizing,Destabilizing,,,Uncertain,47.4,0.0006214024071167,,0.063,"cBioPortal,COSMIC",,True,47.4,,,,uncertain,,,-,uncertain,uncertain,uncertain,,,,90.31,S,-0.2202,1.9606,-5.2854,loss_of_function,-3.31500821478444,,,,,https://doi.org/10.1101/2022.10.22.513328
P44S,2.08476,0.50136,-0.3849727064517083,Uncertain,Uncertain,,0.13883,Uncertain,64.6,,,0.043,COSMIC,,True,64.6,,,,neutral,neutral,neutral,DOWN,neutral,neutral,neutral,,,,96.02,H,-0.0576,1.9195,-3.9819,loss_of_function,-2.14979310884083,0.4706410739466627,Uncertain,,,https://doi.org/10.1101/2022.10.22.513328
E45A,3.29531,0.33197,0.7877520806555474,Uncertain,Uncertain,,0.90143,,1.7,,,0.039,COSMIC,,True,1.7,,,,neutral,neutral,neutral,DOWN,neutral,neutral,neutral,,,,97.06,H,-0.1688,0.6363,-3.9635,loss_of_function,-3.66951389027481,0.619370605838728,Uncertain,,,https://doi.org/10.1101/2022.10.22.513328
V48L,2.00625,2.4415,0.2929676510966467,Uncertain,Uncertain,,0.06432,,12.2,,,0.009,cBioPortal,,False,12.2,,,,neutral,neutral,neutral,UP,neutral,neutral,neutral,,,,96.84,H,-0.1027,1.5897,-2.1339,loss_of_function,-0.749950993585878,0.0001652693428446,Benign,,,https://doi.org/10.1101/2022.10.22.513328
V48M,1.70008,1.32449,0.924358359866615,Neutral,Neutral,,-0.19016,,12.2,,,0.032,cBioPortal,,False,12.2,,,,neutral,neutral,neutral,UP,neutral,neutral,neutral,,,,96.84,H,-0.125,1.5897,-4.7188,loss_of_function,-0.126407440876739,0.3155961315525631,Benign,,,https://doi.org/10.1101/2022.10.22.513328
A53T,0.99405,2.04864,1.2261200904529377,Uncertain,Neutral,,0.24486,,2.5,,,0.01,"cBioPortal,COSMIC",,False,2.5,,,,neutral,neutral,neutral,UP,neutral,neutral,neutral,,,,96.48,H,-0.1286,0.9463,-3.5146,loss_of_function,-1.6174093485711,0.0302891170719818,Benign,,,https://doi.org/10.1101/2022.10.22.513328
I59M,-0.26164,0.31531,0.5281556135510351,Neutral,Neutral,,-0.01673,Uncertain,58.9,,,0.016,"cBioPortal,COSMIC",,False,58.9,,,,neutral,neutral,neutral,-,uncertain,uncertain,uncertain,,,,92.32,H,0.0073,3.3785,-19.5732,gain_of_function,-0.607585203795489,0.0004288505187357,Benign,,,https://doi.org/10.1101/2022.10.22.513328
I59T,1.67969,0.31361,1.2208771213686425,Neutral,Neutral,,-0.0129,Uncertain,58.9,,,,clinvar,,False,58.9,,,,neutral,neutral,neutral,DOWN,neutral,neutral,neutral,2495346,Uncertain significance,1,92.32,H,0.0239,3.3785,-3.2854,gain_of_function,-0.307444303185944,1.0166421898314887e-05,Benign,,,https://doi.org/10.1101/2022.10.22.513328
H60Q,1.3146,0.2466,0.9140673259427124,Neutral,Neutral,,0.06781,Uncertain,61.8,,,0.035,cBioPortal,,False,61.8,,,,neutral,neutral,neutral,DOWN,neutral,neutral,mixed_effects,,,,91.66,T,-0.0047,1.949,-6.3218,loss_of_function,-1.92722820955514,0.7598918810509394,Pathogenic,,,https://doi.org/10.1101/2022.10.22.513328
R61P,0.07783,-0.57959,3.3496080717450227,Neutral,Uncertain,,-0.03649,Uncertain,91.7,,,,clinvar,,True,91.7,,,,neutral,neutral,neutral,DOWN,neutral,neutral,stabilizing,2265342,Uncertain significance,1,92.44,H,-0.1876,2.9656,-4.3219,loss_of_function,-0.360541448085878,0.0022403289130602,Benign,,,https://doi.org/10.1101/2022.10.22.513328
F64L,1.64876,2.23469,1.9474006924497984,Uncertain,Neutral,0.0,-0.00541,Neutral,4.1,,,0.067,"cBioPortal,COSMIC",,True,4.1,,,,neutral,neutral,neutral,DOWN,neutral,neutral,destabilizing,,,,92.36,H,-0.096,1.6717,-1.5671,loss_of_function,-1.04944021564668,0.0007597826322686,Benign,,,https://doi.org/10.1101/2022.10.22.513328
Y67N,2.10281,1.80442,2.9964857095628497,Uncertain,Uncertain,,0.03518,Uncertain,34.8,,,0.078,"cBioPortal,COSMIC",,True,34.8,,,,uncertain,,,DOWN,neutral,neutral,mixed_effects,,,,90.78,H,-0.2796,1.6548,-19.6276,loss_of_function,-3.62652610420953,0.88550707606816,Pathogenic,,,https://doi.org/10.1101/2022.10.22.513328
Y70C,3.03307,2.47653,2.43205716277944,Uncertain,Uncertain,,0.66326,Uncertain,34.3,,,0.022,cBioPortal,,True,34.3,,,,uncertain,,,DOWN,neutral,neutral,mixed_effects,,,,87.93,-,-0.1415,1.9987,-3.1699,loss_of_function,-1.60129042119292,0.1306659528677195,Benign,,,https://doi.org/10.1101/2022.10.22.513328
P71L,0.39365,-1.13741,-0.8890004385897932,Neutral,Neutral,,0.04847,Uncertain,25.6,,,0.04,cBioPortal,,True,25.6,,,,neutral,neutral,neutral,UP,neutral,neutral,mixed_effects,,,,83.85,-,-0.0583,2.5208,-5.3575,loss_of_function,-2.3378469907036,0.0383896831645562,Benign,,,https://doi.org/10.1101/2022.10.22.513328
N73K,1.64211,0.5966,0.9660333900359004,Neutral,Neutral,,-0.21365,Uncertain,71.8,,,0.049,"cBioPortal,COSMIC",,False,71.8,,,,neutral,neutral,neutral,UP,neutral,neutral,stabilizing,,,,90.92,-,-0.2186,1.0902,-19.6453,loss_of_function,-4.01830630559069,0.9114575284889906,Pathogenic,,,https://doi.org/10.1101/2022.10.22.513328
N73S,1.42646,1.12041,0.9974143058623752,Neutral,Neutral,,0.0,Uncertain,71.8,0.0007337927514038,0.0005845552471642,0.053,COSMIC,,False,71.8,,,,neutral,neutral,neutral,DOWN,neutral,neutral,stabilizing,,,,90.92,-,-0.1123,1.0902,-5.3575,loss_of_function,-4.01830630559069,0.7844276291381349,Pathogenic,,,https://doi.org/10.1101/2022.10.22.513328
R74C,2.17075,2.67687,2.235227631980904,Uncertain,Uncertain,,0.84974,,8.5,,,,clinvar,,False,8.5,,,,neutral,neutral,neutral,DOWN,neutral,neutral,stabilizing,2295433,Uncertain significance,1,93.67,H,-0.2559,0.8336,-5.3575,loss_of_function,-4.2452651741796,0.8131662539676237,Pathogenic,,,https://doi.org/10.1101/2022.10.22.513328
R74S,2.86012,3.33061,2.394595836360353,Uncertain,Uncertain,,0.6614,,8.5,,,0.137,cBioPortal,,False,8.5,,,,neutral,neutral,neutral,DOWN,neutral,neutral,stabilizing,,,,93.67,H,-0.2446,0.8336,-4.7726,loss_of_function,-4.01922850015771,0.7464924987976062,Pathogenic,,,https://doi.org/10.1101/2022.10.22.513328
E76Q,-0.25,0.13469,0.414197349979708,Neutral,Neutral,,0.0245,Uncertain,69.3,,4.4296396045e-06,0.076,cBioPortal,,True,69.3,,,,neutral,neutral,neutral,UP,neutral,neutral,neutral,,,,94.54,H,-0.0516,1.6152,-4.0356,loss_of_function,-1.2467038644449,0.0434492470951801,Benign,,,https://doi.org/10.1101/2022.10.22.513328
V78A,2.62619,2.03537,2.8088645283655183,Uncertain,Uncertain,,-0.04009,,0.0,,,0.066,"cBioPortal,COSMIC",,True,0.0,,,,neutral,neutral,neutral,DOWN,neutral,neutral,neutral,,,,96.83,H,-0.113,1.6502,-5.3575,loss_of_function,-2.66586175018282,0.4084183011547773,Uncertain,,,https://doi.org/10.1101/2022.10.22.513328
A79T,0.91667,0.39048,0.3507560697469675,Neutral,Neutral,,0.1028,Uncertain,29.3,,,0.046,"cBioPortal,COSMIC",,True,29.3,,,,neutral,neutral,neutral,UP,neutral,neutral,neutral,,,,95.19,H,-0.0093,2.2093,-2.8981,loss_of_function,-0.79411883211795,0.0016077118631737,Benign,,,https://doi.org/10.1101/2022.10.22.513328
A79V,-0.02556,-0.00748,-0.3069031223729612,Neutral,Neutral,,0.03706,Uncertain,29.3,,,0.029,cBioPortal,,True,29.3,,,,neutral,neutral,neutral,UP,neutral,neutral,neutral,,,,95.19,H,-0.0159,2.2093,-4.7726,loss_of_function,-0.643694963273596,0.0886875656128065,Benign,,,https://doi.org/10.1101/2022.10.22.513328
M81L,0.69638,-0.13231,0.1084558117379697,Neutral,Neutral,,0.18615,Uncertain,43.2,,,0.018,cBioPortal,,True,43.2,,,,neutral,neutral,neutral,-,uncertain,uncertain,uncertain,,,,93.38,H,-0.0219,1.8133,-3.1876,loss_of_function,-0.804679124582048,0.0159736591743347,Benign,,,https://doi.org/10.1101/2022.10.22.513328
D83N,0.4039,0.81327,0.131618395007047,Neutral,Neutral,,0.02041,Uncertain,52.0,,0.0,0.024,COSMIC,,True,52.0,,,,neutral,neutral,neutral,-,uncertain,uncertain,uncertain,,,,86.28,H,-0.0157,2.3761,-6.3574,loss_of_function,-1.226866576661,0.2258159166052467,Benign,,,https://doi.org/10.1101/2022.10.22.513328
L86P,8.00766,8.66463,8.62989025389382,Destabilizing,Destabilizing,,0.07647,,1.1,,,0.04,"cBioPortal,COSMIC",,True,1.1,,,,neutral,neutral,neutral,DOWN,neutral,neutral,destabilizing,,,,89.69,H,-0.3752,1.244,-19.6453,loss_of_function,-3.62429348782073,0.6600200043007003,Uncertain,,,https://doi.org/10.1101/2022.10.22.513328
P92S,1.41175,1.62619,2.349325937562172,Neutral,Uncertain,,1.20258,,17.2,0.0001274372371607,0.0007876375155173,0.033,cBioPortal,,False,17.2,,,,neutral,neutral,neutral,DOWN,neutral,neutral,destabilizing,,,,92.85,-,-0.1584,1.6849,-19.4972,loss_of_function,-3.17843388973812,0.8198878389320581,Pathogenic,,,https://doi.org/10.1101/2022.10.22.513328
R96K,-0.27953,0.6551,0.6144472013559293,Neutral,Neutral,,,Uncertain,29.6,,1.27605274351e-05,0.195,COSMIC,,True,29.6,,,,neutral,neutral,neutral,-,uncertain,uncertain,uncertain,,,,95.27,H,-0.1057,1.2333,-6.3749,loss_of_function,-0.936931263012213,0.6810733328366905,Pathogenic,,,https://doi.org/10.1101/2022.10.22.513328
T106M,0.31825,0.04048,-0.0384028348209591,Neutral,Neutral,,,,0.0,,,0.127,COSMIC,P,True,0.0,10.615,,,uncertain,damaging,uncertain,UP,neutral,neutral,stabilizing,,,,95.66,H,-0.1276,1.6405,-4.7901,loss_of_function,-1.80609328094152,0.36783304125496,Uncertain,,,https://doi.org/10.1101/2022.10.22.513328
E109Q,-0.17434,-0.49422,0.508321135704885,Neutral,Neutral,,,Uncertain,26.2,,,0.029,cBioPortal,,True,26.2,,,,neutral,neutral,neutral,UP,neutral,neutral,stabilizing,,,,92.08,-,-0.0512,1.6599,-4.7549,loss_of_function,-1.76522368951182,0.0484765826679793,Benign,,,https://doi.org/10.1101/2022.10.22.513328
G111W,4.55624,3.51531,1.578784646073468,Destabilizing,Uncertain,,,Uncertain,20.8,,,0.105,COSMIC,,False,20.8,,,,neutral,neutral,neutral,UP,neutral,neutral,stabilizing,,,,81.9,S,-0.2442,2.4182,-19.3752,loss_of_function,-1.70737237269257,0.4708778668009892,Uncertain,,,https://doi.org/10.1101/2022.10.22.513328
A116T,0.75322,0.02109,-0.0735610816094417,Neutral,Neutral,,,Uncertain,75.7,,,0.089,cBioPortal,,False,75.7,,,,neutral,neutral,neutral,UP,neutral,neutral,stabilizing,,,,81.56,H,0.1033,3.4986,-4.0875,gain_of_function,-0.012112871207555,7.236703783057309e-05,Benign,,,https://doi.org/10.1101/2022.10.22.513328
R117L,-1.71543,-1.56565,-0.036536613874199,Neutral,Neutral,,,Uncertain,27.1,,,0.13,"cBioPortal,COSMIC",,False,27.1,,,,neutral,neutral,neutral,DOWN,neutral,neutral,neutral,,,,81.12,H,-0.0526,2.899,-4.0224,loss_of_function,-0.510324545048712,0.0001438532751666,Benign,,,https://doi.org/10.1101/2022.10.22.513328
G122V,5.0766,5.08299,2.602974394829272,Destabilizing,Uncertain,,,Uncertain,106.9,9.56388676358e-05,7.03203973102e-05,0.12,COSMIC,,False,106.9,,,,neutral,neutral,neutral,UP,neutral,neutral,neutral,,,,79.42,T,-0.3235,1.4155,-18.9602,loss_of_function,-1.27541981441494,,,,,https://doi.org/10.1101/2022.10.22.513328
F123S,2.23825,1.86088,2.9043094530288083,Uncertain,Uncertain,,,Uncertain,53.9,,,0.01,"cBioPortal,COSMIC",,False,53.9,,,,neutral,neutral,neutral,DOWN,neutral,neutral,stabilizing,,,,75.83,-,-0.1451,2.8873,-18.8113,loss_of_function,-1.93490659577441,,,0.9991000294685364,pathogenic,https://doi.org/10.1101/2022.10.22.513328
R126Q,0.33529,1.17551,0.6265984558979593,Neutral,Neutral,,,Uncertain,79.8,,4.5099082685e-06,0.118,cBioPortal,,False,79.8,,,,neutral,neutral,neutral,DOWN,neutral,neutral,stabilizing,,,,58.0,-,-0.0662,2.4038,-3.1964,loss_of_function,-0.58401544273819,,,,,https://doi.org/10.1101/2022.10.22.513328
R126W,0.07349,1.48401,0.1416509063326904,Neutral,Neutral,,,Uncertain,79.8,,0.0,0.04,"cBioPortal,COSMIC",,False,79.8,,,,neutral,neutral,neutral,UP,neutral,neutral,mixed_effects,,,,58.0,-,-0.1902,2.4038,-19.0691,loss_of_function,-2.48990598361239,,,,,https://doi.org/10.1101/2022.10.22.513328
Q130R,1.50636,0.34048,0.2453701944280367,Neutral,Neutral,,,,18.4,,,0.004,COSMIC,,False,18.4,,,,neutral,neutral,neutral,UP,neutral,neutral,stabilizing,,,,62.79,H,0.0655,3.2821,-3.6049,gain_of_function,-0.859479548967604,,,,,https://doi.org/10.1101/2022.10.22.513328
E131D,0.16151,0.19694,0.2231371638357443,Neutral,Neutral,,,Uncertain,55.4,,,0.01,"cBioPortal,COSMIC",,False,55.4,,,,neutral,neutral,neutral,DOWN,neutral,neutral,stabilizing,,,,60.22,H,0.059,2.6777,-2.848,gain_of_function,-0.529048717784734,,,,,https://doi.org/10.1101/2022.10.22.513328
D133N,-0.24765,0.44456,-0.1576232648829045,Neutral,Neutral,,,Uncertain,58.1,6.38121370685e-05,8.86454968088e-05,0.044,COSMIC,,False,58.1,,,,neutral,neutral,neutral,-,uncertain,uncertain,uncertain,,,,85.51,H,0.0622,3.0546,-3.3219,gain_of_function,-0.253836090635393,,,0.9556000232696533,pathogenic,https://doi.org/10.1101/2022.10.22.513328
V134G,2.86698,3.32857,3.413753474030836,Uncertain,Uncertain,,,,0.8,,,,clinvar,,False,0.8,,,,neutral,neutral,neutral,DOWN,neutral,neutral,destabilizing,2326196,Uncertain significance,1,90.28,H,-0.3047,0.9885,-6.3397,loss_of_function,-4.07830530548293,,,,,https://doi.org/10.1101/2022.10.22.513328
R136Q,0.20408,0.3449,0.9270307597396028,Neutral,Neutral,,,Uncertain,69.7,,,0.038,COSMIC,,False,69.7,,,,neutral,neutral,neutral,DOWN,neutral,neutral,destabilizing,,,,93.33,H,-0.1029,1.9669,-2.4965,loss_of_function,-1.08208353501595,0.0022342960099175,Benign,,,https://doi.org/10.1101/2022.10.22.513328
D137V,-1.44588,-0.38401,-0.1215286548372163,Neutral,Neutral,,,,11.7,,,0.129,COSMIC,,False,11.7,,,,neutral,neutral,neutral,UP,neutral,neutral,stabilizing,,,,94.61,H,-0.3331,0.5339,-19.5915,loss_of_function,-4.17405569475167,0.9254598732938022,Pathogenic,,,https://doi.org/10.1101/2022.10.22.513328
R140C,1.16522,1.13946,1.6173202776207496,Neutral,Neutral,,,Uncertain,59.8,,,0.032,COSMIC,,True,59.8,,,,neutral,neutral,neutral,DOWN,neutral,neutral,destabilizing,,,,97.4,H,-0.0953,2.6336,-6.3397,loss_of_function,-2.41054130649084,0.4563314029419983,Uncertain,,,https://doi.org/10.1101/2022.10.22.513328
L141V,2.65775,2.0483,2.422369651995653,Uncertain,Uncertain,,,,0.0,,,0.126,cBioPortal,,True,0.0,,,,neutral,neutral,neutral,DOWN,neutral,neutral,destabilizing,,,,97.98,H,-0.2174,1.0781,-19.6276,loss_of_function,-2.5343751611206,0.8159319365039313,Pathogenic,,,https://doi.org/10.1101/2022.10.22.513328
L149P,5.7447,12.06361,10.015382182875284,Destabilizing,Destabilizing,,,,1.7,,,0.326,COSMIC,,False,1.7,,,,neutral,neutral,neutral,DOWN,neutral,neutral,destabilizing,,,,94.81,H,-0.4177,0.7817,-19.6276,loss_of_function,-3.98546869295075,0.9201602213112824,Pathogenic,,,https://doi.org/10.1101/2022.10.22.513328
G151A,1.35803,0.61259,-0.3989640143972306,Neutral,Neutral,,,Uncertain,84.4,,,0.074,"cBioPortal,COSMIC",,False,84.4,,,,neutral,neutral,neutral,UP,neutral,neutral,neutral,,,,91.34,H,-0.251,1.2973,-19.6276,loss_of_function,-3.77711225436102,0.8713575570766476,Pathogenic,,,https://doi.org/10.1101/2022.10.22.513328
G151W,2.43141,1.25374,-1.3303145523760167,Uncertain,Uncertain,,,Uncertain,84.4,,,0.095,cBioPortal,,False,84.4,,,,neutral,neutral,neutral,UP,neutral,neutral,neutral,,,,91.34,H,-0.3486,1.2973,-19.6276,loss_of_function,-3.77711225436102,0.9024545369046286,Pathogenic,,,https://doi.org/10.1101/2022.10.22.513328
R154C,2.50906,0.43946,1.6149615398165753,Uncertain,Uncertain,,0.07515,Uncertain,30.3,,,0.133,cBioPortal,,False,30.3,,,,neutral,neutral,neutral,DOWN,neutral,neutral,neutral,,,,94.76,H,-0.3309,0.809,-19.6097,loss_of_function,-4.77109060024729,0.9284899829119224,Pathogenic,,,https://doi.org/10.1101/2022.10.22.513328
R154H,1.59935,-0.61565,0.9760856408321374,Neutral,Neutral,,-0.03337,Uncertain,30.3,,0.0,0.062,COSMIC,,False,30.3,,,,neutral,neutral,neutral,DOWN,neutral,neutral,neutral,,,,94.76,H,-0.2918,0.809,-19.6097,loss_of_function,-4.77109060024729,0.9312351711126988,Pathogenic,,,https://doi.org/10.1101/2022.10.22.513328
A155S,0.2862,0.28299,-0.0039186295165688,Neutral,Neutral,,0.17952,Uncertain,100.2,,,0.107,COSMIC,,False,100.2,,,,neutral,neutral,neutral,-,uncertain,uncertain,uncertain,,,,94.71,H,-0.0624,1.5737,-3.0179,loss_of_function,-1.11723685848215,0.0008902075687755,Benign,,,https://doi.org/10.1101/2022.10.22.513328
W163C,6.43559,5.20816,4.92706019061812,Destabilizing,Destabilizing,,1.24173,,1.5,,,0.618,"cBioPortal,COSMIC",,False,1.5,,,,neutral,neutral,neutral,DOWN,neutral,neutral,neutral,,,,97.12,H,-0.4899,0.0984,-19.5915,loss_of_function,-4.40320764001488,0.931301402894485,Pathogenic,,,https://doi.org/10.1101/2022.10.22.513328
G165S,3.38741,2.61667,0.4000302297225283,Uncertain,Uncertain,,,Uncertain,39.6,,,0.334,cBioPortal,,True,39.6,,,,neutral,neutral,neutral,UP,neutral,neutral,neutral,,,,95.49,H,-0.2824,0.255,-5.8328,loss_of_function,-0.204243505814465,0.0139441879839203,Benign,,,https://doi.org/10.1101/2022.10.22.513328
H168D,-0.06288,0.17925,0.1964610581797099,Neutral,Neutral,,,Uncertain,90.6,,,0.043,cBioPortal,,True,90.6,,,,neutral,neutral,neutral,DOWN,neutral,neutral,stabilizing,,,,94.38,H,0.037,3.0886,-3.2224,gain_of_function,-0.269207703949881,5.5577933842654416e-05,Benign,,,https://doi.org/10.1101/2022.10.22.513328
F170Y,0.65904,0.28741,0.8438751052972784,Neutral,Neutral,,,Uncertain,25.9,,,0.085,cBioPortal,,True,25.9,,,,neutral,neutral,neutral,-,uncertain,uncertain,uncertain,,,,90.24,H,-0.1889,0.7353,-5.6723,loss_of_function,-0.451679079236988,0.809865075582447,Pathogenic,,,https://doi.org/10.1101/2022.10.22.513328
