Mutation,"Stability (FoldX5, alphafold, kcal/mol)","Stability (Rosetta Cartddg2020, alphafold, kcal/mol)","Stability (RaSP, alphafold, kcal/mol)","Stability classification, alphafold, (Rosetta, FoldX)","Stability classification, alphafold, (RaSP, FoldX)","Local Int. (Binding with BBC3_5UUL, heterodimer, FoldX5, kcal/mol)","Local Int. (Binding with BBC3_5UUL, heterodimer, Rosetta Talaris 2014, kcal/mol)",Local Int. classification (BBC3_5UUL),Relative Side Chain Solvent Accessibility in wild-type,gnomAD genome allele frequency,gnomAD exome allele frequency,REVEL score,Mutation sources,PTMs,is site part of phospho-SLiM,PTM residue SASA (%),"Change in stability with PTM (FoldX5, kcal/mol)","Change in binding with PTM (FoldX5, kcal/mol)","Change in binding with mutation (FoldX5, kcal/mol)",PTM effect in regulation,PTM effect in stability,PTM effect in function,AlloSigma2 mutation type,AlloSigma2 predicted consequence - active sites,AlloSigma2 predicted consequence - cofactor sites,AlloSigma2 predicted consequence - pockets and interfaces,ClinVar Variation ID,ClinVar Interpretation,ClinVar Review Status,AlphaFold2 model pLDDT score,AlphaFold2 model secondary structure,DeMaSk delta fitness,DeMaSk Shannon entropy,DeMaSk log2 variant frequency,DeMaSk predicted consequence,GEMME Score,EVE score,EVE classification (25% Uncertain),AlphaMissense pathogenicity score,AlphaMissense classification,References
G7E,-0.69754,-1.20034,-0.6950982886657608,Neutral,Neutral,,,Uncertain,101.0,,,0.085,"cBioPortal,COSMIC",,False,101.0,,,,neutral,neutral,neutral,UP,neutral,neutral,mixed_effects,,,,95.35,H,-0.1085,2.6881,-5.1015,loss_of_function,-0.667282976269601,,,0.1017,benign,https://doi.org/10.1101/2022.10.22.513328
Y8C,2.88734,2.51735,2.912020425930303,Uncertain,Uncertain,,,Uncertain,37.3,,,0.212,cBioPortal,,True,37.3,,,,uncertain,,,DOWN,neutral,neutral,stabilizing,,,,95.98,H,-0.2257,1.2821,-6.7413,loss_of_function,-3.04053001455387,,,0.1095,benign,https://doi.org/10.1101/2022.10.22.513328
R11M,-0.97342,-0.62551,0.6001914323471474,Neutral,Neutral,,,Uncertain,68.7,,,0.046,"cBioPortal,COSMIC",,True,68.7,,,,neutral,neutral,neutral,DOWN,neutral,neutral,mixed_effects,,,,95.94,H,0.0208,3.2849,-3.2854,gain_of_function,-0.0914459135667361,,,0.0936,benign,https://doi.org/10.1101/2022.10.22.513328
Q14H,8.48227,1.94116,0.7043993180839553,Uncertain,Uncertain,,,,10.3,,,0.122,cBioPortal,,False,10.3,,,,neutral,neutral,neutral,UP,neutral,neutral,mixed_effects,,,,96.65,H,-0.0229,2.1151,-5.8988,loss_of_function,-2.88841631415648,,,0.2704,benign,https://doi.org/10.1101/2022.10.22.513328
C19Y,-1.78792,-0.27143,-1.2892665310759166,Neutral,Neutral,,,Uncertain,50.3,0.2656080607104139,0.3040327587030228,0.056,"cBioPortal,COSMIC",,True,50.3,,,,neutral,neutral,neutral,UP,neutral,neutral,destabilizing,,,,94.71,H,-0.1313,2.8225,-1.7127,loss_of_function,0.685771814515149,,,0.0429,benign,https://doi.org/10.1101/2022.10.22.513328
L21I,1.67548,1.28061,1.9030799069449644,Neutral,Neutral,,,,14.6,,,0.076,"cBioPortal,COSMIC",,False,14.6,,,,neutral,neutral,neutral,-,uncertain,uncertain,uncertain,,,,93.1,T,0.01,2.2984,-4.1859,gain_of_function,-2.41069875703893,,,0.129,benign,https://doi.org/10.1101/2022.10.22.513328
L21P,6.62354,9.60136,8.232978511248353,Destabilizing,Destabilizing,,,,14.6,,,0.224,COSMIC,,False,14.6,,,,neutral,neutral,neutral,DOWN,neutral,neutral,stabilizing,,,,93.1,T,-0.2163,2.2984,-7.5077,loss_of_function,-4.36618560095888,,,0.5703,pathogenic,https://doi.org/10.1101/2022.10.22.513328
Q22R,-0.9283,0.37041,-0.5686132719701864,Neutral,Neutral,,,Uncertain,99.3,,7.9560191263e-06,0.086,cBioPortal,,False,99.3,,,,neutral,neutral,neutral,UP,neutral,neutral,mixed_effects,,,,92.39,T,-0.0045,2.5397,-3.9307,loss_of_function,-1.16026046798322,,,0.08,benign,https://doi.org/10.1101/2022.10.22.513328
I23M,-0.21988,1.61565,1.1249563954675812,Neutral,Neutral,,,Uncertain,42.0,,,0.04,COSMIC,,False,42.0,,,,neutral,neutral,neutral,-,uncertain,uncertain,uncertain,,,,88.24,-,0.063,3.1719,-4.9464,gain_of_function,-0.701703870402326,,,0.0737,benign,https://doi.org/10.1101/2022.10.22.513328
G27E,3.67891,1.07687,2.105440010365412,Uncertain,Uncertain,,,Uncertain,110.2,,,0.008,COSMIC,,False,110.2,,,,neutral,neutral,neutral,UP,neutral,neutral,mixed_effects,,,,79.61,S,-0.1158,2.5138,-3.4044,loss_of_function,-0.666358613211896,0.0017778061926809,Benign,0.0839,benign,https://doi.org/10.1101/2022.10.22.513328
P30L,1.24769,1.53844,-0.5596900788326575,Neutral,Neutral,,,Uncertain,31.8,,,0.07,"cBioPortal,COSMIC",,False,31.8,,,,neutral,neutral,neutral,UP,neutral,neutral,destabilizing,,,,90.97,S,-0.1315,1.7082,-5.0506,loss_of_function,-1.99327358163313,0.0966076704037295,Benign,0.0881,benign,https://doi.org/10.1101/2022.10.22.513328
P30S,1.13545,1.73129,0.4086185928603669,Neutral,Neutral,,,Uncertain,31.8,,,0.072,"cBioPortal,COSMIC",,False,31.8,,,,neutral,neutral,neutral,DOWN,neutral,neutral,stabilizing,,,,90.97,S,-0.0785,1.7082,-4.273,loss_of_function,-1.10674393536533,0.2684648037064299,Benign,0.0899,benign,https://doi.org/10.1101/2022.10.22.513328
S31N,1.62156,1.21701,-0.2751016785116678,Neutral,Neutral,,,Uncertain,62.1,,3.9780095631e-06,0.06,"cBioPortal,COSMIC",P,True,62.1,-0.562,,,damaging,neutral,potentially_damaging,UP,neutral,neutral,mixed_effects,,,,93.8,-,-0.0066,2.1868,-3.6347,loss_of_function,-1.29912821536553,0.023419019501119,Benign,0.1369,benign,https://doi.org/10.1101/2022.10.22.513328
S31R,2.23331,2.20476,-0.2762425757372599,Uncertain,Uncertain,,,Uncertain,62.1,,,0.057,cBioPortal,P,True,62.1,-0.562,,,damaging,uncertain,potentially_damaging,UP,neutral,neutral,mixed_effects,,,,93.8,-,-0.0948,2.1868,-6.8826,loss_of_function,-4.2696669724322,0.2997788695794308,Benign,0.4738,ambiguous,https://doi.org/10.1101/2022.10.22.513328
S34F,7.26898,1.9102,-0.7749383803332272,Uncertain,Uncertain,,,,1.0,,,0.178,cBioPortal,,True,1.0,,,,uncertain,,,UP,neutral,neutral,destabilizing,,,,96.14,H,-0.0561,2.4933,-7.9247,loss_of_function,-3.53392855337426,0.6457241744416997,Uncertain,0.3568,ambiguous,https://doi.org/10.1101/2022.10.22.513328
Q38H,1.88458,0.5619,-0.3263702791273909,Neutral,Neutral,,0.02436,,13.8,,,0.183,cBioPortal,,False,13.8,,,,neutral,neutral,neutral,UP,neutral,neutral,mixed_effects,,,,95.82,H,-0.1518,1.5643,-21.2244,loss_of_function,-4.6405178396766,0.4997930561495889,Uncertain,0.3966,ambiguous,https://doi.org/10.1101/2022.10.22.513328
N39K,-0.11476,0.10068,-0.2694016774726038,Neutral,Neutral,,-0.05562,Uncertain,96.5,0.3604450962887387,0.3323321610998838,0.031,COSMIC,,False,96.5,,,,neutral,neutral,neutral,UP,neutral,neutral,stabilizing,,,,92.65,H,0.0784,3.4069,-3.2303,gain_of_function,-0.0779174585323526,9.774579187137952e-05,Benign,0.0833,benign,https://doi.org/10.1101/2022.10.22.513328
N39R,-0.47249,0.11633,-0.4681039511230267,Neutral,Neutral,,0.05012,Uncertain,96.5,,,,COSMIC,,False,96.5,,,,neutral,neutral,neutral,UP,neutral,neutral,stabilizing,,,,92.65,H,0.052,3.4069,-2.0979,gain_of_function,-0.339244521503556,0.0002163071228018,Benign,0.1027,benign,https://doi.org/10.1101/2022.10.22.513328
F42L,-0.65249,0.69558,0.9008604943277831,Neutral,Neutral,,0.01927,Uncertain,51.5,,,0.025,COSMIC,,False,51.5,,,,neutral,neutral,neutral,DOWN,neutral,neutral,neutral,,,,93.38,H,0.0211,3.1172,-4.6818,gain_of_function,-3.47773434656529,0.0691942807824385,Benign,0.5229,ambiguous,https://doi.org/10.1101/2022.10.22.513328
E49D,1.64178,1.28129,1.7978482587705362,Neutral,Neutral,0.12894,-0.00048,Neutral,28.5,,,0.206,cBioPortal,,True,28.5,,,,neutral,neutral,neutral,DOWN,neutral,neutral,destabilizing,,,,91.18,H,0.0516,2.6824,-4.375,gain_of_function,-2.93656214700296,0.4508258655691723,Uncertain,0.6092,pathogenic,https://doi.org/10.1101/2022.10.22.513328
K50N,0.14019,0.60952,0.6483353460622393,Neutral,Neutral,,0.00385,Uncertain,81.6,3.18390219052e-05,1.1936117897e-05,0.176,cBioPortal,,True,81.6,,,,neutral,neutral,neutral,DOWN,neutral,neutral,mixed_effects,,,,90.4,H,0.0599,3.4772,-6.4206,gain_of_function,-2.41735459985263,0.2218030039295764,Benign,0.1138,benign,https://doi.org/10.1101/2022.10.22.513328
L52M,1.20292,1.40476,1.328331920517386,Neutral,Neutral,,-0.12114,,0.7,,,0.099,COSMIC,,False,0.7,,,,neutral,neutral,neutral,-,uncertain,uncertain,uncertain,,,,85.17,T,-0.0508,1.8836,-4.0444,loss_of_function,-1.14622548120619,0.3951017168492272,Uncertain,0.1232,benign,https://doi.org/10.1101/2022.10.22.513328
C55R,6.1246,0.0,0.6693633184595323,Uncertain,Uncertain,,-0.50775,,8.1,,,0.151,COSMIC,,False,8.1,,,,neutral,neutral,neutral,UP,neutral,neutral,stabilizing,,,,84.06,H,-0.1666,3.2111,-6.0334,loss_of_function,-3.4888694353011,0.191704993544689,Benign,0.2135,benign,https://doi.org/10.1101/2022.10.22.513328
C55Y,4.16786,0.0,-0.558715267905317,Uncertain,Uncertain,,0.13327,,8.1,,,0.051,COSMIC,,False,8.1,,,,neutral,neutral,neutral,UP,neutral,neutral,stabilizing,,,,84.06,H,-0.1039,3.2111,-3.333,loss_of_function,-0.380606147456403,0.0005396585057721,Benign,0.0925,benign,https://doi.org/10.1101/2022.10.22.513328
L56F,-0.5495,0.8881,1.4347493582674429,Neutral,Neutral,,-0.00869,,9.7,,,0.155,cBioPortal,,False,9.7,,,,neutral,neutral,neutral,UP,neutral,neutral,neutral,,,,87.14,H,-0.0397,2.406,-4.2316,loss_of_function,-4.21240545807057,0.6748042703195247,Uncertain,0.1383,benign,https://doi.org/10.1101/2022.10.22.513328
D57Y,-0.63722,1.12041,-0.0329312893287969,Neutral,Neutral,,-0.16038,Uncertain,62.9,,,,cBioPortal,,False,62.9,,,,neutral,neutral,neutral,UP,neutral,neutral,stabilizing,,,,87.08,H,-0.1398,2.7093,-21.3484,loss_of_function,-4.15716107258779,0.8294592299362106,Pathogenic,0.1495,benign,https://doi.org/10.1101/2022.10.22.513328
N58S,-0.47404,0.47789,0.3979342450024475,Neutral,Neutral,,0.36993,Uncertain,71.7,,1.59155837438e-05,0.026,cBioPortal,,False,71.7,,,,neutral,neutral,neutral,DOWN,neutral,neutral,stabilizing,,,,86.54,H,0.1078,3.3541,-3.0402,gain_of_function,-0.234956715599504,5.764750957899693e-05,Benign,0.0672,benign,https://doi.org/10.1101/2022.10.22.513328
V59G,2.45236,4.04932,4.236203016683726,Uncertain,Uncertain,,0.28092,,9.2,,,0.185,"cBioPortal,COSMIC",,False,9.2,,,,neutral,neutral,neutral,DOWN,neutral,neutral,stabilizing,,,,86.31,-,-0.2546,2.3666,-21.3699,loss_of_function,-4.07606754621585,0.2428747586977728,Benign,0.1468,benign,https://doi.org/10.1101/2022.10.22.513328
V61I,0.39559,-0.56497,0.5114481941701245,Neutral,Neutral,,-0.02371,,0.0,,3.9789592634e-06,0.038,COSMIC,,True,0.0,,,,neutral,neutral,neutral,UP,neutral,neutral,destabilizing,,,,91.19,-,0.103,3.1274,-2.2901,gain_of_function,-0.232989722879697,0.0024592657392032,Benign,0.0747,benign,https://doi.org/10.1101/2022.10.22.513328
S63F,1.72098,1.46361,0.2377394936754051,Neutral,Neutral,,,Uncertain,51.7,,,0.386,"cBioPortal,COSMIC",,True,51.7,,,,uncertain,,,UP,neutral,neutral,stabilizing,,,,92.67,S,-0.0218,2.752,-5.8777,loss_of_function,-5.43420303176158,,,0.3626,ambiguous,https://doi.org/10.1101/2022.10.22.513328
V64I,-0.47132,0.22381,-0.2812650599222716,Neutral,Neutral,,,,15.3,,5.17289403526e-05,0.064,COSMIC,,True,15.3,,,,neutral,neutral,neutral,UP,neutral,neutral,stabilizing,,,,94.01,H,0.1135,3.2497,-2.4569,gain_of_function,-0.0338848392722457,0.005203416954077,Benign,0.0661,benign,https://doi.org/10.1101/2022.10.22.513328
D65Y,0.79597,-0.55748,0.0221790410011635,Neutral,Neutral,,,Uncertain,87.1,,,0.189,cBioPortal,,True,87.1,,,,neutral,neutral,neutral,UP,neutral,neutral,stabilizing,,,,94.38,H,-0.1607,2.4877,-21.4476,loss_of_function,-3.17416536255914,0.7023626273172217,Pathogenic,0.149,benign,https://doi.org/10.1101/2022.10.22.513328
T66I,-0.63674,-0.11565,-0.5979955641565254,Neutral,Neutral,,-0.02183,Uncertain,43.4,,,0.114,cBioPortal,,True,43.4,,,,uncertain,,,UP,neutral,neutral,stabilizing,,,,93.41,H,0.0039,2.9258,-5.9069,gain_of_function,-0.590042978788851,0.1741295206005863,Benign,0.1259,benign,https://doi.org/10.1101/2022.10.22.513328
T69I,-0.52902,-1.33469,-0.3803542431840268,Neutral,Neutral,,0.05004,Uncertain,71.6,,,0.056,COSMIC,,True,71.6,,,,uncertain,,,UP,neutral,neutral,stabilizing,,,,95.32,H,0.0493,3.3809,-5.2094,gain_of_function,-0.67251082894364,0.013548169433737,Benign,0.0824,benign,https://doi.org/10.1101/2022.10.22.513328
L70I,0.91651,-0.49932,0.87692493773041,Neutral,Neutral,,0.09363,,10.1,,,0.046,COSMIC,,True,10.1,,,,neutral,neutral,neutral,-,uncertain,uncertain,uncertain,,,,93.7,H,0.0961,3.1041,-1.8372,gain_of_function,-0.0909452961804902,1.4333426543612457e-07,Benign,0.0533,benign,https://doi.org/10.1101/2022.10.22.513328
Q73H,0.26267,0.5102,-0.1110819081782155,Neutral,Neutral,,-0.12704,Uncertain,52.4,,,0.054,"cBioPortal,COSMIC",,True,52.4,,,,neutral,neutral,neutral,UP,neutral,neutral,stabilizing,,,,93.03,H,-0.0329,2.8774,-21.6006,loss_of_function,-3.35123070589898,0.5603603202486569,Uncertain,0.1626,benign,https://doi.org/10.1101/2022.10.22.513328
Q73K,-0.12569,0.3398,0.2798483226340376,Neutral,Neutral,,-0.1728,Uncertain,52.4,6.36739891754e-05,3.978864273e-06,0.107,"cBioPortal,COSMIC",,True,52.4,,,,neutral,neutral,neutral,UP,neutral,neutral,stabilizing,,,,93.03,H,0.0308,2.8774,-2.821,gain_of_function,-0.601044366216222,0.0193404794535179,Benign,0.0713,benign,https://doi.org/10.1101/2022.10.22.513328
M75I,4.7143,0.62041,1.3065384575885035,Uncertain,Uncertain,,0.00531,,0.0,,,0.144,"cBioPortal,COSMIC",,True,0.0,,,,neutral,neutral,neutral,-,uncertain,uncertain,uncertain,,,,94.25,H,-0.0784,1.6784,-5.3487,loss_of_function,-2.82129635443433,0.6480401807665008,Uncertain,0.6791,pathogenic,https://doi.org/10.1101/2022.10.22.513328
M75L,-0.04076,-0.20034,0.2680210515479059,Neutral,Neutral,,0.09168,,0.0,,,0.162,cBioPortal,,True,0.0,,,,neutral,neutral,neutral,-,uncertain,uncertain,uncertain,,,,94.25,H,-0.0505,1.6784,-6.3487,loss_of_function,-3.28258562642386,0.2880289534743411,Benign,0.3197,benign,https://doi.org/10.1101/2022.10.22.513328
M75R,2.28238,2.8034,3.3596409610453115,Uncertain,Uncertain,,-0.00366,,0.0,,,0.365,"cBioPortal,COSMIC",,True,0.0,,,,neutral,neutral,neutral,UP,neutral,neutral,stabilizing,,,,94.25,H,-0.334,1.6784,-21.6364,loss_of_function,-5.4690438611252,0.5928584351017854,Uncertain,0.615,pathogenic,https://doi.org/10.1101/2022.10.22.513328
D81N,2.13774,1.1949,0.633191676302825,Uncertain,Uncertain,,0.53534,Uncertain,52.5,,,0.298,"cBioPortal,COSMIC",,False,52.5,,,,neutral,neutral,neutral,-,uncertain,uncertain,uncertain,,,,93.27,T,-0.2027,0.4544,-8.3486,loss_of_function,-3.53871434624263,0.4830133803144985,Uncertain,0.3479,ambiguous,https://doi.org/10.1101/2022.10.22.513328
G82D,2.74335,0.8585,0.3515574747835592,Uncertain,Uncertain,,0.02286,Uncertain,106.7,0.1964228782758401,0.2310838445807771,0.368,"cBioPortal,COSMIC",,False,106.7,,,,neutral,neutral,neutral,UP,neutral,neutral,stabilizing,,,,93.34,-,-0.3275,0.4949,-8.3486,loss_of_function,-5.94437211521463,0.7169622465258851,Pathogenic,0.2461,benign,https://doi.org/10.1101/2022.10.22.513328
I83F,0.35016,0.41803,0.1950216301351803,Neutral,Neutral,,-0.12796,Uncertain,69.3,,,0.117,"cBioPortal,COSMIC",,False,69.3,,,,neutral,neutral,neutral,UP,neutral,neutral,stabilizing,,,,93.43,-,-0.0554,2.781,-7.3487,loss_of_function,-2.89519311024569,,,0.1536,benign,https://doi.org/10.1101/2022.10.22.513328
I84F,0.57528,1.55374,1.5401344405587103,Neutral,Neutral,,-0.02071,Uncertain,20.6,,,0.186,cBioPortal,,False,20.6,,,,neutral,neutral,neutral,UP,neutral,neutral,stabilizing,,,,93.69,-,-0.0619,2.4998,-3.5619,loss_of_function,-3.40301349255328,0.1166305858709224,Benign,0.2008,benign,https://doi.org/10.1101/2022.10.22.513328
W86C,4.6994,6.04422,6.619804253444254,Destabilizing,Destabilizing,,-0.12015,,5.4,,,0.552,"cBioPortal,COSMIC",,False,5.4,,,,neutral,neutral,neutral,DOWN,neutral,neutral,stabilizing,,,,94.67,H,-0.5094,0.0001,-21.6364,loss_of_function,-5.94542060860658,0.9004836848692164,Pathogenic,0.9757,pathogenic,https://doi.org/10.1101/2022.10.22.513328
G87R,0.83772,1.26769,-0.7029154340819815,Neutral,Neutral,,0.87368,,12.1,,,0.751,cBioPortal,,False,12.1,,,,neutral,neutral,neutral,UP,neutral,neutral,stabilizing,,,,91.67,H,-0.4466,0.1145,-21.6364,loss_of_function,-5.91300992983423,0.9448008147519636,Pathogenic,0.8756,pathogenic,https://doi.org/10.1101/2022.10.22.513328
I89S,3.7988,4.75612,4.805514271343206,Destabilizing,Destabilizing,,-0.04124,,0.0,,,0.534,cBioPortal,,False,0.0,,,,neutral,neutral,neutral,DOWN,neutral,neutral,neutral,,,,95.73,H,-0.3647,1.0767,-21.6364,loss_of_function,-5.2771553321992,0.941618063352244,Pathogenic,0.7963,pathogenic,https://doi.org/10.1101/2022.10.22.513328
T91I,-0.15244,-0.47551,-1.4781690527838065,Neutral,Neutral,,-0.09654,,0.0,,3.978167815e-06,0.385,cBioPortal,,False,0.0,,,,uncertain,,,UP,neutral,neutral,neutral,,,,93.41,H,-0.163,1.9842,-21.6364,loss_of_function,-5.84315937413854,0.8866067348323736,Pathogenic,0.7873,pathogenic,https://doi.org/10.1101/2022.10.22.513328
T91S,0.57985,0.92959,1.6982697245073353,Neutral,Neutral,,0.42457,,0.0,,,0.218,cBioPortal,,False,0.0,,,,neutral,,,DOWN,neutral,neutral,destabilizing,,,,93.41,H,-0.002,1.9842,-2.2613,loss_of_function,-3.17081736940291,0.3455742009469186,Uncertain,0.4027,ambiguous,https://doi.org/10.1101/2022.10.22.513328
A94V,3.92036,1.69728,1.1929300199063395,Uncertain,Uncertain,0.3558,-0.18777,Neutral,0.0,,,0.078,cBioPortal,,False,0.0,,,,neutral,neutral,neutral,UP,neutral,neutral,neutral,,,,95.55,H,-0.0171,2.2656,-6.0268,loss_of_function,-2.13088632515727,0.0225169269078755,Benign,0.2464,benign,https://doi.org/10.1101/2022.10.22.513328
L99R,8.14629,5.05782,4.406754465929303,Destabilizing,Destabilizing,,-0.00524,,0.3,,,0.481,"cBioPortal,COSMIC",,False,0.3,,,,neutral,neutral,neutral,UP,neutral,neutral,neutral,,,,95.45,H,-0.3231,1.1478,-8.3353,loss_of_function,-5.28666800517297,0.9296145812656368,Pathogenic,0.8147,pathogenic,https://doi.org/10.1101/2022.10.22.513328
L99V,3.05197,3.10136,2.0244024305082164,Destabilizing,Uncertain,,0.04282,,0.3,,,,clinvar,,False,0.3,,,,neutral,neutral,neutral,DOWN,neutral,neutral,neutral,2268869,Uncertain significance,1,95.45,H,-0.1274,1.1478,-3.2479,loss_of_function,-1.71276189028265,0.1030807223684383,Benign,0.1506,benign,https://doi.org/10.1101/2022.10.22.513328
L103R,4.62794,5.07313,4.188914227994663,Destabilizing,Destabilizing,,,,0.0,,,0.418,cBioPortal,,False,0.0,,,,neutral,neutral,neutral,UP,neutral,neutral,destabilizing,,,,91.74,H,-0.2252,2.1563,-7.3353,loss_of_function,-4.87278244501954,0.7554313431593858,Pathogenic,0.348,ambiguous,https://doi.org/10.1101/2022.10.22.513328
R105L,0.50972,-0.34048,-0.0945964946692495,Neutral,Neutral,,,Uncertain,93.0,,,0.014,COSMIC,,False,93.0,,,,neutral,neutral,neutral,DOWN,neutral,neutral,stabilizing,,,,86.9,H,-0.0347,3.2758,-7.3083,loss_of_function,-3.2188320916642,0.1683014599011849,Benign,0.0992,benign,https://doi.org/10.1101/2022.10.22.513328
R105Q,0.51107,-0.13912,0.4934380736712546,Neutral,Neutral,,,Uncertain,93.0,6.36942675159e-05,3.58126283286e-05,0.011,"cBioPortal,COSMIC",,False,93.0,,,,neutral,neutral,neutral,DOWN,neutral,neutral,stabilizing,,,,86.9,H,0.013,3.2758,-3.4015,gain_of_function,-0.112537508820947,0.0007087527065072,Benign,0.0647,benign,https://doi.org/10.1101/2022.10.22.513328
P110L,0.80969,1.77823,-0.8008897635085899,Neutral,Neutral,,,Uncertain,47.8,6.36902108146e-05,4.37762159839e-05,0.036,"cBioPortal,COSMIC,clinvar",,False,47.8,,,,neutral,neutral,neutral,UP,neutral,neutral,destabilizing,2207777,Uncertain significance,1,69.75,-,-0.0282,2.709,-2.8458,loss_of_function,-0.224468363619852,,,0.0803,benign,https://doi.org/10.1101/2022.10.22.513328
D111N,0.42363,0.07585,0.3413419180433596,Neutral,Neutral,,,Uncertain,73.5,,,0.117,cBioPortal,,False,73.5,,,,neutral,neutral,neutral,-,uncertain,uncertain,uncertain,,,,78.58,-,0.0425,2.8953,-4.3168,gain_of_function,-2.48673162375579,,,0.0773,benign,https://doi.org/10.1101/2022.10.22.513328
K116T,0.53218,1.0068,0.9638507155419346,Neutral,Neutral,,,Uncertain,43.9,,,0.161,"cBioPortal,COSMIC",,True,43.9,,,,neutral,neutral,neutral,DOWN,neutral,neutral,neutral,,,,95.84,H,-0.0214,2.7289,-8.124,loss_of_function,-3.46377405269739,0.3570474710011601,Uncertain,0.121,benign,https://doi.org/10.1101/2022.10.22.513328
E117D,0.33066,-1.00578,0.3967508998541985,Neutral,Neutral,,,Uncertain,55.3,0.034881498470948,0.0089275759361611,0.08,cBioPortal,,True,55.3,,,,neutral,neutral,neutral,DOWN,neutral,neutral,neutral,,,,96.13,H,0.0963,3.1618,-4.258,gain_of_function,-0.254969608439629,0.0081933754071191,Benign,0.0968,benign,https://doi.org/10.1101/2022.10.22.513328
E117K,-0.06023,-0.94796,0.1055473723349104,Neutral,Neutral,,,Uncertain,55.3,,,0.019,COSMIC,,True,55.3,,,,neutral,neutral,neutral,UP,neutral,neutral,stabilizing,,,,96.13,H,0.0418,3.1618,-3.917,gain_of_function,-0.524978161416125,0.0089524741707972,Benign,0.0949,benign,https://doi.org/10.1101/2022.10.22.513328
Y120C,1.57183,1.21088,2.3986018285633355,Neutral,Uncertain,,,Uncertain,63.9,,,0.07,cBioPortal,,True,63.9,,,,uncertain,,,DOWN,neutral,neutral,stabilizing,,,,98.2,H,-0.0509,3.1534,-6.2431,loss_of_function,-1.48836722931695,0.0088711891978234,Benign,0.0755,benign,https://doi.org/10.1101/2022.10.22.513328
Y120H,1.18274,0.8517,0.9874751425936108,Neutral,Neutral,,,Uncertain,63.9,,,0.05,"cBioPortal,COSMIC",,True,63.9,,,,uncertain,,,DOWN,neutral,neutral,stabilizing,,,,98.2,H,0.0235,3.1534,-3.9952,gain_of_function,-0.2947880264069,0.0005217996780743,Benign,0.086,benign,https://doi.org/10.1101/2022.10.22.513328
V122I,2.54218,0.7949,1.328702090829917,Uncertain,Uncertain,,,,0.0,,,0.064,cBioPortal,,True,0.0,,,,neutral,neutral,neutral,UP,neutral,neutral,neutral,,,,98.6,H,0.0158,2.1446,-1.663,gain_of_function,-1.05202583219604,0.0021892763101091,Benign,0.109,benign,https://doi.org/10.1101/2022.10.22.513328
A123V,2.02812,0.7068,0.2390374282202717,Uncertain,Uncertain,,,,0.0,,3.9831433374e-06,0.251,"cBioPortal,COSMIC",,True,0.0,,,,neutral,neutral,neutral,UP,neutral,neutral,destabilizing,,,,98.47,H,-0.0128,2.2412,-4.7504,loss_of_function,-5.04613175466418,0.2312742872089309,Benign,0.3534,ambiguous,https://doi.org/10.1101/2022.10.22.513328
F125L,1.06026,1.96769,2.379773736074351,Neutral,Uncertain,,,,11.9,,,0.214,"cBioPortal,COSMIC",,False,11.9,,,,neutral,neutral,neutral,DOWN,neutral,neutral,neutral,,,,98.04,H,-0.2174,1.4656,-21.632,loss_of_function,-4.85698618481678,0.880195527097281,Pathogenic,0.9507,pathogenic,https://doi.org/10.1101/2022.10.22.513328
I126V,0.9554,1.15748,1.4529959737752014,Neutral,Neutral,,,,0.0,3.1841049481e-05,3.9824453808e-06,0.087,cBioPortal,,False,0.0,,,,neutral,neutral,neutral,DOWN,neutral,neutral,neutral,,,,98.07,H,-0.0178,1.718,-3.4863,loss_of_function,-0.161295270457616,0.0210874119795387,Benign,0.1114,benign,https://doi.org/10.1101/2022.10.22.513328
M127I,1.85249,0.2449,0.2539452980993761,Neutral,Neutral,,,Uncertain,40.1,,,0.014,"cBioPortal,COSMIC",,False,40.1,,,,neutral,neutral,neutral,-,uncertain,uncertain,uncertain,,,,96.94,H,0.1018,3.5797,-4.3264,gain_of_function,-0.608881255032619,0.002100698931221,Benign,0.2154,benign,https://doi.org/10.1101/2022.10.22.513328
I134K,4.64568,4.42755,4.943876755039637,Destabilizing,Destabilizing,,,,0.1,,,0.633,COSMIC,,False,0.1,,,,neutral,neutral,neutral,-,uncertain,uncertain,uncertain,,,,97.3,H,-0.4237,1.0537,-21.632,loss_of_function,-5.49543814723767,0.9600781054613698,Pathogenic,0.7856,pathogenic,https://doi.org/10.1101/2022.10.22.513328
I134R,2.85601,4.2517,4.069437241864817,Uncertain,Uncertain,,,,0.1,,,0.611,"cBioPortal,COSMIC",,False,0.1,,,,neutral,neutral,neutral,UP,neutral,neutral,stabilizing,,,,97.3,H,-0.4505,1.0537,-21.632,loss_of_function,-5.49543814723767,0.9510128891966744,Pathogenic,0.7562,pathogenic,https://doi.org/10.1101/2022.10.22.513328
G138R,3.56298,1.00136,1.0965394776965929,Uncertain,Uncertain,,,Uncertain,78.2,,4.050747768e-06,0.622,"cBioPortal,COSMIC",,False,78.2,,,,neutral,neutral,neutral,UP,neutral,neutral,neutral,,,,95.42,T,-0.2737,1.0719,-5.0224,loss_of_function,-4.30050417729218,0.9225846029612929,Pathogenic,0.4119,ambiguous,https://doi.org/10.1101/2022.10.22.513328
E141A,1.00108,0.27313,0.6131501840330158,Neutral,Neutral,,,Uncertain,80.3,,,0.114,"cBioPortal,COSMIC",,False,80.3,,,,neutral,neutral,neutral,DOWN,neutral,neutral,destabilizing,,,,94.05,I,-0.1965,1.2997,-21.3376,loss_of_function,-2.0294415293815,0.3311912124317684,Uncertain,0.3549,ambiguous,https://doi.org/10.1101/2022.10.22.513328
E141K,0.44705,0.45306,0.3884684835825175,Neutral,Neutral,,,Uncertain,80.3,,,0.094,cBioPortal,,False,80.3,,,,neutral,neutral,neutral,UP,neutral,neutral,stabilizing,,,,94.05,I,-0.1456,1.2997,-7.0498,loss_of_function,-3.86969605314389,0.3620954327967543,Uncertain,0.3416,ambiguous,https://doi.org/10.1101/2022.10.22.513328
G143A,2.58221,4.47177,2.1957435933733294,Uncertain,Uncertain,,0.04436,Uncertain,20.4,,,0.058,COSMIC,,False,20.4,,,,neutral,neutral,neutral,UP,neutral,neutral,stabilizing,,,,94.59,I,-0.2182,0.8088,-4.3923,loss_of_function,-1.66618004066172,0.077010357050718,Benign,0.3697,ambiguous,https://doi.org/10.1101/2022.10.22.513328
G143C,6.80043,3.4966,3.70981144190507,Destabilizing,Destabilizing,,-0.14485,Uncertain,20.4,,,0.35,cBioPortal,,False,20.4,,,,neutral,neutral,neutral,UP,neutral,neutral,stabilizing,,,,94.59,I,-0.3627,0.8088,-21.002,loss_of_function,-3.89035502851564,0.7438675898869171,Pathogenic,0.5551,ambiguous,https://doi.org/10.1101/2022.10.22.513328
V145L,0.33118,0.51871,-0.0054434124743141,Neutral,Neutral,,0.02237,,3.0,,,0.052,cBioPortal,,False,3.0,,,,neutral,neutral,neutral,UP,neutral,neutral,neutral,,,,93.98,I,-0.019,2.5685,-3.3854,loss_of_function,-0.856160275009203,0.0037204419687906,Benign,0.1342,benign,https://doi.org/10.1101/2022.10.22.513328
E149D,0.77857,-0.31871,0.4699912136723949,Neutral,Neutral,,0.03995,Uncertain,31.2,,,0.013,cBioPortal,,True,31.2,,,,neutral,neutral,neutral,DOWN,neutral,neutral,stabilizing,,,,84.85,S,0.0224,2.4748,-6.3663,gain_of_function,-2.10753269733886,0.4725412978400342,Uncertain,0.2397,benign,https://doi.org/10.1101/2022.10.22.513328
G153C,0.3843,-0.37551,0.7006189249451275,Neutral,Neutral,,,Uncertain,83.0,,,0.105,COSMIC,,True,83.0,,,,neutral,neutral,neutral,UP,neutral,neutral,stabilizing,,,,53.04,T,-0.1318,2.5335,-6.8579,loss_of_function,-0.706689713196526,,,0.1332,benign,https://doi.org/10.1101/2022.10.22.513328
M155I,0.08702,0.20374,0.1092375364533665,Neutral,Neutral,,,Uncertain,73.8,,,0.04,"cBioPortal,COSMIC",,True,73.8,,,,neutral,neutral,neutral,-,uncertain,uncertain,uncertain,,,,52.36,H,0.0068,2.6256,-5.7414,gain_of_function,-1.01151238664614,,,0.1766,benign,https://doi.org/10.1101/2022.10.22.513328
T156A,-0.80937,-0.82483,0.6193979182973693,Neutral,Neutral,,,,16.9,,,0.032,"cBioPortal,COSMIC",,True,16.9,,,,uncertain,,,DOWN,neutral,neutral,stabilizing,,,,58.48,H,-0.0692,1.8397,-5.7142,loss_of_function,-0.916287038294774,,,0.0994,benign,https://doi.org/10.1101/2022.10.22.513328
T156I,-1.57645,-0.17959,-0.3809148471817913,Neutral,Neutral,,,,16.9,,,0.03,"cBioPortal,COSMIC",,True,16.9,,,,uncertain,,,UP,neutral,neutral,neutral,,,,58.48,H,-0.0951,1.8397,-5.7142,loss_of_function,-0.880746177666912,,,0.1605,benign,https://doi.org/10.1101/2022.10.22.513328
L158I,0.30189,0.6466,0.0153554746097744,Neutral,Neutral,,,Uncertain,75.9,,,0.044,cBioPortal,,True,75.9,,,,neutral,neutral,neutral,-,uncertain,uncertain,uncertain,,,,57.73,H,0.0013,2.2476,-4.9696,gain_of_function,-1.86924023934591,,,0.0994,benign,https://doi.org/10.1101/2022.10.22.513328
E159D,0.39446,0.72347,0.8646912650136298,Neutral,Neutral,,,Uncertain,65.2,,,0.028,"cBioPortal,COSMIC",,True,65.2,,,,neutral,neutral,neutral,DOWN,neutral,neutral,mixed_effects,,,,60.48,H,0.0297,2.4081,-3.7162,gain_of_function,-0.395131522907027,,,0.1471,benign,https://doi.org/10.1101/2022.10.22.513328
E159Q,0.07023,0.26565,0.9167715769414756,Neutral,Neutral,,,Uncertain,65.2,,,0.022,"cBioPortal,COSMIC",,True,65.2,,,,neutral,neutral,neutral,UP,neutral,neutral,stabilizing,,,,60.48,H,0.0137,2.4081,-5.5235,gain_of_function,-0.314858799108853,,,0.133,benign,https://doi.org/10.1101/2022.10.22.513328
T161S,0.84774,0.4983,0.8146932103825446,Neutral,Neutral,,,Uncertain,32.5,,,0.021,"cBioPortal,COSMIC",,True,32.5,,,,neutral,,,DOWN,neutral,neutral,neutral,,,,60.11,H,0.0447,2.6139,-4.4594,gain_of_function,-0.782012788683464,,,0.1252,benign,https://doi.org/10.1101/2022.10.22.513328
K163N,-0.23998,-0.72415,0.8002783339004573,Neutral,Neutral,,,Uncertain,24.1,,,0.02,COSMIC,,True,24.1,,,,neutral,neutral,neutral,DOWN,neutral,neutral,destabilizing,,,,63.36,H,-0.0964,2.5187,-19.7635,loss_of_function,-1.77886246675347,,,0.2282,benign,https://doi.org/10.1101/2022.10.22.513328
L170P,4.19134,9.02619,6.93142504942428,Destabilizing,Destabilizing,,,,13.2,,,,clinvar,,True,13.2,,,,neutral,neutral,neutral,DOWN,neutral,neutral,stabilizing,2237952,Uncertain significance,1,66.82,H,-0.3403,1.614,-19.4776,loss_of_function,-1.87420144254604,,,0.2,benign,https://doi.org/10.1101/2022.10.22.513328
Y174C,1.41484,2.12245,3.567859517114264,Uncertain,Uncertain,,,Uncertain,30.0,,,0.081,cBioPortal,,False,30.0,,,,uncertain,,,DOWN,neutral,neutral,mixed_effects,,,,65.62,G,-0.3157,0.9869,-19.0691,loss_of_function,-2.002739727755,,,0.1216,benign,https://doi.org/10.1101/2022.10.22.513328
