Mutation,"Stability (FoldX5, alphafold, kcal/mol)","Stability (Rosetta Cartddg2020, alphafold, kcal/mol)","Stability (RaSP, alphafold, kcal/mol)","Stability classification, alphafold, (Rosetta, FoldX)","Stability classification, alphafold, (RaSP, FoldX)",Relative Side Chain Solvent Accessibility in wild-type,gnomAD genome allele frequency,gnomAD exome allele frequency,REVEL score,Mutation sources,AlloSigma2 mutation type,AlloSigma2 predicted consequence - active sites,AlloSigma2 predicted consequence - cofactor sites,AlloSigma2 predicted consequence - pockets and interfaces,ClinVar Variation ID,ClinVar Interpretation,ClinVar Review Status,AlphaFold2 model pLDDT score,AlphaFold2 model secondary structure,DeMaSk delta fitness,DeMaSk Shannon entropy,DeMaSk log2 variant frequency,DeMaSk predicted consequence,GEMME Score,AlphaMissense pathogenicity score,AlphaMissense classification,References
A12V,0.71291,-0.08776,-0.307955071445436,Neutral,Neutral,66.4,,,0.122,COSMIC,UP,neutral,neutral,neutral,,,,77.46,H,-0.1378,0.9262,-5.5235,loss_of_function,-0.921545980188462,0.675,pathogenic,https://doi.org/10.1101/2022.10.22.513328
M15I,0.85372,-0.36701,-0.1207081415421423,Neutral,Neutral,76.9,,,0.075,cBioPortal,-,uncertain,uncertain,uncertain,,,,71.13,H,-0.1179,1.3402,-6.9999,loss_of_function,-1.21543150893168,0.9276,pathogenic,https://doi.org/10.1101/2022.10.22.513328
D19G,-0.00444,0.42483,0.4598788077667021,Neutral,Neutral,95.8,,,0.252,cBioPortal,DOWN,neutral,neutral,neutral,,,,61.68,H,-0.1607,1.2514,-5.7813,loss_of_function,-2.44778076258986,0.5389,ambiguous,https://doi.org/10.1101/2022.10.22.513328
S21L,-0.2251,-1.63265,-1.2357449717579028,Neutral,Neutral,49.4,,,0.084,cBioPortal,UP,neutral,neutral,neutral,,,,75.56,S,-0.2193,1.4336,-20.9316,loss_of_function,-1.89048023962403,0.2285,benign,https://doi.org/10.1101/2022.10.22.513328
A33S,0.49755,0.59762,0.9897995710038054,Neutral,Neutral,28.0,,,0.160,"cBioPortal,COSMIC",-,uncertain,uncertain,uncertain,,,,93.63,H,0.0647,2.9408,-2.759,gain_of_function,-0.802714677329577,0.1273,benign,https://doi.org/10.1101/2022.10.22.513328
G35S,0.02244,0.5949,0.7319768881846802,Neutral,Neutral,1.8,,,0.068,cBioPortal,UP,neutral,neutral,neutral,,,,95.25,H,-0.1703,1.5079,-6.4676,loss_of_function,-2.13903271151307,0.4347,ambiguous,https://doi.org/10.1101/2022.10.22.513328
R36W,-0.92453,0.08299,0.3240865134276166,Neutral,Neutral,29.6,,1.67557514117e-05,0.338,"cBioPortal,COSMIC",UP,neutral,neutral,neutral,,,,94.06,H,-0.0961,2.7292,-6.4838,loss_of_function,-2.82591655354888,0.6847,pathogenic,https://doi.org/10.1101/2022.10.22.513328
L48F,1.45554,2.8602,1.3469094812129685,Uncertain,Neutral,26.4,,,0.059,cBioPortal,UP,neutral,neutral,neutral,,,,92.15,-,-0.0729,2.0524,-4.3615,loss_of_function,-1.35159762386536,0.1536,benign,https://doi.org/10.1101/2022.10.22.513328
S49F,-0.39462,-0.70442,-0.6182092861832028,Neutral,Neutral,99.3,,1.63393353158e-05,0.046,"cBioPortal,COSMIC",UP,neutral,neutral,neutral,,,,86.67,-,0.0398,3.2839,-3.3864,gain_of_function,-1.61961147382939,0.159,benign,https://doi.org/10.1101/2022.10.22.513328
A52T,0.04357,1.17415,0.2101474404007131,Neutral,Neutral,20.0,,,0.170,COSMIC,UP,neutral,neutral,neutral,,,,58.87,-,0.0663,3.1766,-5.5236,gain_of_function,-2.42904853013155,0.0965,benign,https://doi.org/10.1101/2022.10.22.513328
P53L,1.34063,1.05374,-0.7020990472850125,Neutral,Neutral,61.1,,,,clinvar,UP,neutral,neutral,neutral,2214648,Uncertain significance,1,53.25,S,0.0125,3.1235,-2.3501,gain_of_function,-0.612376690588082,0.23,benign,https://doi.org/10.1101/2022.10.22.513328
P53S,1.77291,0.89354,-0.0269217150476663,Neutral,Neutral,61.1,,,0.040,COSMIC,DOWN,neutral,neutral,destabilizing,,,,53.25,S,0.0552,3.1235,-3.593,gain_of_function,-0.698077285492485,0.1199,benign,https://doi.org/10.1101/2022.10.22.513328
E54K,-0.32842,0.65646,0.2271400759319369,Neutral,Neutral,87.6,,,0.117,cBioPortal,UP,neutral,neutral,neutral,,,,52.35,-,0.0225,2.9859,-4.5157,gain_of_function,-2.26364925765549,0.5036,ambiguous,https://doi.org/10.1101/2022.10.22.513328
R55C,0.30958,0.72483,0.3609751727156174,Neutral,Neutral,99.2,,,0.069,cBioPortal,DOWN,neutral,neutral,stabilizing,,,,50.75,-,-0.0254,3.3701,-5.9307,loss_of_function,-0.158667511306945,0.2527,benign,https://doi.org/10.1101/2022.10.22.513328
V59G,1.69187,4.12891,3.4944031351953373,Uncertain,Uncertain,13.5,,,,clinvar,DOWN,neutral,neutral,neutral,2290088,Uncertain significance,1,63.39,-,-0.0833,3.3408,-5.377,loss_of_function,-0.650801597368422,0.0661,benign,https://doi.org/10.1101/2022.10.22.513328
A64S,-0.1054,0.8915,0.9086959841023916,Neutral,Neutral,65.0,,,,clinvar,-,uncertain,uncertain,uncertain,2354676,Uncertain significance,1,88.22,H,0.0998,3.3439,-3.1411,gain_of_function,-0.638941871593343,0.0883,benign,https://doi.org/10.1101/2022.10.22.513328
V66M,3.14121,6.07789,3.0057226444411644,Destabilizing,Destabilizing,0.0,,,0.178,"cBioPortal,COSMIC",UP,neutral,neutral,neutral,,,,94.24,H,-0.1407,1.5836,-7.6864,loss_of_function,-2.08292020585719,0.8946,pathogenic,https://doi.org/10.1101/2022.10.22.513328
V69A,1.82681,1.53401,1.5856335430746131,Neutral,Neutral,18.0,,,0.095,COSMIC,DOWN,neutral,neutral,neutral,,,,94.59,H,0.0193,2.9263,-2.4416,gain_of_function,-0.886293372593114,0.2635,benign,https://doi.org/10.1101/2022.10.22.513328
V69G,3.45532,3.85646,3.369399262593305,Destabilizing,Destabilizing,18.0,,,,clinvar,DOWN,neutral,neutral,neutral,2390484,Uncertain significance,1,94.59,H,-0.1331,2.9263,-7.651,loss_of_function,-2.73476122399353,0.4415,ambiguous,https://doi.org/10.1101/2022.10.22.513328
R72C,1.53705,1.0381,1.362625911158284,Neutral,Neutral,65.3,,,,clinvar,DOWN,neutral,neutral,neutral,2222995,Uncertain significance,1,94.05,H,0.0115,3.6517,-3.7703,gain_of_function,-0.68544777083328,0.226,benign,https://doi.org/10.1101/2022.10.22.513328
D75N,-0.35137,0.39252,-0.0588594250421231,Neutral,Neutral,43.5,,8.380262805e-06,0.263,"cBioPortal,COSMIC",-,uncertain,uncertain,uncertain,,,,90.65,H,-0.0059,2.416,-5.1482,loss_of_function,-0.807857539594816,0.4157,ambiguous,https://doi.org/10.1101/2022.10.22.513328
E78D,0.66169,1.39524,0.8193885523340318,Neutral,Neutral,15.1,,,0.268,cBioPortal,DOWN,neutral,neutral,neutral,,,,86.67,H,-0.1543,0.5178,-5.7004,loss_of_function,-2.02123037962626,0.9021,pathogenic,https://doi.org/10.1101/2022.10.22.513328
M79V,1.23338,-0.17551,0.3197315900189101,Neutral,Neutral,76.3,,,,clinvar,DOWN,neutral,neutral,neutral,2473870,Uncertain significance,1,87.36,H,0.0166,3.1629,-7.2224,gain_of_function,-2.03823541857421,0.0907,benign,https://doi.org/10.1101/2022.10.22.513328
R81W,0.05631,-0.57517,-0.0338298250074464,Neutral,Neutral,77.2,,4.47904620747e-05,0.223,"cBioPortal,COSMIC",UP,neutral,neutral,neutral,,,,82.9,-,-0.2225,2.2214,-22.0983,loss_of_function,-2.79968060149681,0.246,benign,https://doi.org/10.1101/2022.10.22.513328
V84I,-0.41729,-0.67653,0.0255450279874147,Neutral,Neutral,56.5,6.37145587767e-05,3.62555289682e-05,0.055,"cBioPortal,COSMIC",UP,neutral,neutral,neutral,,,,74.69,H,0.0197,2.2784,-3.3125,gain_of_function,-0.008817313308353,0.0792,benign,https://doi.org/10.1101/2022.10.22.513328
Y85C,3.29361,4.18741,3.767931159401211,Destabilizing,Destabilizing,7.6,,,,clinvar,DOWN,neutral,neutral,neutral,2473403,Uncertain significance,1,76.57,H,-0.337,0.9253,-22.1238,loss_of_function,-5.66627417145309,0.9475,pathogenic,https://doi.org/10.1101/2022.10.22.513328
R86C,0.37659,1.38333,1.538022612916652,Neutral,Neutral,64.2,,,0.158,COSMIC,DOWN,neutral,neutral,neutral,,,,75.61,S,-0.0789,2.7861,-5.8796,loss_of_function,-1.21462067488452,0.2075,benign,https://doi.org/10.1101/2022.10.22.513328
R86H,0.82786,1.24762,0.7324921809550167,Neutral,Neutral,64.2,,8.0434345466e-06,0.204,cBioPortal,DOWN,neutral,neutral,neutral,,,,75.61,S,-0.0398,2.7861,-5.8796,loss_of_function,-2.53242426779325,0.1575,benign,https://doi.org/10.1101/2022.10.22.513328
R86S,0.65039,1.36361,1.3295238523426518,Neutral,Neutral,64.2,,,0.239,"cBioPortal,COSMIC",DOWN,neutral,neutral,neutral,,,,75.61,S,-0.0587,2.7861,-3.5577,loss_of_function,-2.35001923658358,0.5145,ambiguous,https://doi.org/10.1101/2022.10.22.513328
V88M,-1.63511,1.89728,1.0606755992101775,Neutral,Neutral,4.4,0.0021028484037469,0.0015575698698546,0.161,cBioPortal,UP,neutral,neutral,neutral,,,,75.28,H,-0.1017,1.7918,-3.7891,loss_of_function,-2.00609058935101,0.7329,pathogenic,https://doi.org/10.1101/2022.10.22.513328
R90H,0.85958,-0.0966,0.1923927467063457,Neutral,Neutral,81.8,,1.20397794312e-05,0.290,cBioPortal,DOWN,neutral,neutral,neutral,,,,77.36,H,-0.1188,2.0935,-8.8764,loss_of_function,-1.72959703191209,0.1108,benign,https://doi.org/10.1101/2022.10.22.513328
Q91E,0.17678,1.01088,0.0030041034383776,Neutral,Neutral,41.7,,1.60400359297e-05,0.447,cBioPortal,DOWN,neutral,neutral,neutral,,,,77.26,H,-0.1267,1.1408,-7.8672,loss_of_function,-3.48000481136649,0.4603,ambiguous,https://doi.org/10.1101/2022.10.22.513328
L92P,4.76619,9.01259,6.43356207473468,Destabilizing,Destabilizing,30.4,,,0.694,"cBioPortal,COSMIC",DOWN,neutral,neutral,neutral,,,,78.18,T,-0.3484,1.6742,-22.155,loss_of_function,-5.21248440506054,0.9885,pathogenic,https://doi.org/10.1101/2022.10.22.513328
S98Y,-0.88167,-0.89796,-0.4064713982716628,Neutral,Neutral,51.9,,,,clinvar,UP,neutral,neutral,neutral,2464062,Uncertain significance,1,89.06,-,-0.0753,2.3871,-8.8264,loss_of_function,-3.10872602239986,0.2752,benign,https://doi.org/10.1101/2022.10.22.513328
V101L,-0.84521,1.74728,3.8777670595679936e-05,Neutral,Neutral,54.8,,,0.057,COSMIC,UP,neutral,neutral,neutral,,,,91.88,H,0.0133,3.0294,-5.3607,gain_of_function,-0.28175425720075,0.1324,benign,https://doi.org/10.1101/2022.10.22.513328
A105V,0.92735,1.45748,1.1611835703637088,Neutral,Neutral,19.5,6.37064407212e-05,4.0168708576e-05,0.308,"cBioPortal,COSMIC",UP,neutral,neutral,neutral,,,,92.5,H,0.0174,2.4519,-2.625,gain_of_function,-2.46741673526888,0.3259,benign,https://doi.org/10.1101/2022.10.22.513328
F106L,1.71362,1.64898,2.1105131122501275,Neutral,Uncertain,0.0,,0.0,0.233,"cBioPortal,COSMIC",DOWN,neutral,neutral,neutral,,,,94.87,H,-0.1178,1.4643,-2.0943,loss_of_function,-0.533288896977676,0.9319,pathogenic,https://doi.org/10.1101/2022.10.22.513328
A108V,0.26031,-0.04694,-0.1105631752111985,Neutral,Neutral,77.6,,,0.180,cBioPortal,UP,neutral,neutral,neutral,,,,93.99,H,0.0336,2.7911,-5.5638,gain_of_function,-2.1939892255088,0.2494,benign,https://doi.org/10.1101/2022.10.22.513328
I113F,-0.30749,0.22177,0.5530155764880784,Neutral,Neutral,23.7,,,0.388,cBioPortal,UP,neutral,neutral,neutral,,,,93.51,H,-0.1723,1.5961,-8.9007,loss_of_function,-5.06018662809401,0.6866,pathogenic,https://doi.org/10.1101/2022.10.22.513328
A116V,0.93171,-0.05952,0.1034153335076004,Neutral,Neutral,95.9,,,0.103,COSMIC,UP,neutral,neutral,neutral,,,,94.23,T,0.0773,3.2527,-5.3249,gain_of_function,-1.4073369648436,0.1477,benign,https://doi.org/10.1101/2022.10.22.513328
T119M,0.45057,0.4432,-0.0354799162850805,Neutral,Neutral,69.8,,1.63339975826e-05,0.487,"cBioPortal,COSMIC",UP,neutral,neutral,neutral,,,,95.87,-,-0.2477,1.2987,-22.1612,loss_of_function,-3.52674582349184,0.8917,pathogenic,https://doi.org/10.1101/2022.10.22.513328
V123M,-0.73505,2.17415,1.2756209118712163,Uncertain,Neutral,0.0,,,0.378,cBioPortal,UP,neutral,neutral,neutral,,,,97.79,H,-0.2551,1.1428,-22.1581,loss_of_function,-2.44684447022993,0.8425,pathogenic,https://doi.org/10.1101/2022.10.22.513328
V124A,2.5519,1.36293,2.028425801264562,Uncertain,Uncertain,0.3,,,,clinvar,DOWN,neutral,neutral,neutral,2324633,Uncertain significance,1,96.32,H,-0.1664,1.0887,-5.6973,loss_of_function,-1.39136822766983,0.6518,pathogenic,https://doi.org/10.1101/2022.10.22.513328
V124L,1.50157,3.33367,0.4004835348132357,Uncertain,Neutral,0.3,,,0.389,COSMIC,UP,neutral,neutral,neutral,,,,96.32,H,-0.17,1.0887,-6.2823,loss_of_function,-2.34789574584603,0.7938,pathogenic,https://doi.org/10.1101/2022.10.22.513328
L126P,9.71099,10.20748,8.592491411347627,Destabilizing,Destabilizing,0.2,,,0.720,cBioPortal,DOWN,neutral,neutral,neutral,,,,96.87,H,-0.3603,1.5455,-22.1581,loss_of_function,-4.42797932386451,0.9929,pathogenic,https://doi.org/10.1101/2022.10.22.513328
A128V,-0.9069,-0.70102,0.8563348092806639,Neutral,Neutral,7.2,3.18532203606e-05,1.63671478608e-05,0.192,cBioPortal,UP,neutral,neutral,neutral,,,,95.09,H,-0.0428,1.9453,-5.2854,loss_of_function,-3.15985748437718,0.2973,benign,https://doi.org/10.1101/2022.10.22.513328
V129M,-0.27144,1.80782,0.8766447858312872,Neutral,Neutral,2.2,,,,clinvar,UP,neutral,neutral,neutral,2332524,Uncertain significance,1,93.66,H,-0.115,1.7444,-5.5484,loss_of_function,-1.92625614393228,0.5852,pathogenic,https://doi.org/10.1101/2022.10.22.513328
A131E,5.94812,3.21395,4.910287832989857,Destabilizing,Destabilizing,0.0,,,0.251,cBioPortal,UP,neutral,neutral,neutral,,,,94.61,H,-0.2816,1.369,-22.1581,loss_of_function,-4.91308428354816,0.986,pathogenic,https://doi.org/10.1101/2022.10.22.513328
A131G,2.00453,1.2568,2.185028939438951,Uncertain,Uncertain,0.0,,1.23108236762e-05,0.096,cBioPortal,DOWN,neutral,neutral,neutral,,,,94.61,H,-0.0977,1.369,-0.5896,loss_of_function,-0.626147732363369,0.0723,benign,https://doi.org/10.1101/2022.10.22.513328
A131T,1.74167,2.99898,1.9854906909235337,Uncertain,Neutral,0.0,9.55535737037e-05,6.14497218376e-05,0.216,cBioPortal,UP,neutral,neutral,neutral,,,,94.61,H,-0.1849,1.369,-22.1581,loss_of_function,-3.28587071947515,0.7709,pathogenic,https://doi.org/10.1101/2022.10.22.513328
V135L,-1.02738,1.11973,-0.4298238009803967,Neutral,Neutral,9.3,,,,clinvar,UP,neutral,neutral,neutral,2299588,Uncertain significance,1,93.39,H,-0.0848,1.9067,-4.3437,loss_of_function,-1.18144085462111,0.3052,benign,https://doi.org/10.1101/2022.10.22.513328
C137Y,8.13763,8.57211,2.4662272861085857,Destabilizing,Uncertain,0.0,,8.2997194695e-06,0.657,"cBioPortal,COSMIC",UP,neutral,neutral,neutral,,,,92.36,H,-0.3334,0.8945,-6.5453,loss_of_function,-2.70730949326736,0.9127,pathogenic,https://doi.org/10.1101/2022.10.22.513328
R139S,1.84758,1.72551,1.9886970406260889,Neutral,Neutral,54.5,,,0.128,COSMIC,DOWN,neutral,neutral,neutral,,,,91.52,H,-0.1423,1.9881,-5.5392,loss_of_function,-3.90234230038532,0.4353,ambiguous,https://doi.org/10.1101/2022.10.22.513328
Q142R,-0.34435,-0.48163,-0.1760936975299915,Neutral,Neutral,34.8,,,0.147,cBioPortal,UP,neutral,neutral,neutral,,,,91.63,-,-0.0007,2.5498,-3.3754,loss_of_function,-1.14429401689986,0.1026,benign,https://doi.org/10.1101/2022.10.22.513328
A148T,-0.25188,0.55136,0.572201000319413,Neutral,Neutral,17.0,9.56266734668e-05,2.17766241006e-05,0.122,cBioPortal,UP,neutral,neutral,neutral,,,,94.72,H,0.1227,3.6175,-2.4243,gain_of_function,-0.0160799494065472,0.0791,benign,https://doi.org/10.1101/2022.10.22.513328
D151E,-0.38354,-0.37449,-0.3017222578545353,Neutral,Neutral,60.1,,,0.227,cBioPortal,UP,neutral,neutral,neutral,,,,95.76,H,0.0331,2.4415,-2.2433,gain_of_function,-1.15456898477798,0.5624,ambiguous,https://doi.org/10.1101/2022.10.22.513328
E155D,0.30115,-0.00204,0.4330260224576482,Neutral,Neutral,47.9,,9.5295272402e-06,0.222,cBioPortal,DOWN,neutral,neutral,neutral,,,,97.6,H,0.063,2.7199,-2.8136,gain_of_function,-1.12351291124601,0.215,benign,https://doi.org/10.1101/2022.10.22.513328
E155V,0.1977,0.40884,-0.1316614789726156,Neutral,Neutral,47.9,,7.1168298793e-05,0.469,cBioPortal,-,uncertain,uncertain,uncertain,,,,97.6,H,0.0009,2.7199,-5.688,gain_of_function,-2.41242452500191,0.4763,ambiguous,https://doi.org/10.1101/2022.10.22.513328
F156L,1.45657,2.47211,2.0233590162563906,Uncertain,Uncertain,11.7,,,"0.377, 0.406","cBioPortal,COSMIC,clinvar",DOWN,neutral,neutral,neutral,2485741,Uncertain significance,1,98.08,H,-0.0754,2.0605,-4.5361,loss_of_function,-1.10769026596295,0.984,pathogenic,https://doi.org/10.1101/2022.10.22.513328
V157M,0.89742,1.92755,1.513439123877354,Neutral,Neutral,0.0,,0.0002156122899005,0.256,cBioPortal,UP,neutral,neutral,neutral,,,,98.0,I,-0.1014,1.9325,-6.273,loss_of_function,-2.2006860362498,0.8185,pathogenic,https://doi.org/10.1101/2022.10.22.513328
R158H,0.52513,0.4051,0.8483886825888678,Neutral,Neutral,52.4,9.55596610817e-05,9.61343857519e-05,0.294,cBioPortal,DOWN,neutral,neutral,neutral,,,,97.18,I,-0.076,2.3908,-5.8455,loss_of_function,-1.20622112523931,0.196,benign,https://doi.org/10.1101/2022.10.22.513328
R166W,1.16832,1.34218,-0.1758893071219069,Neutral,Neutral,45.6,3.19713536671e-05,4.05688917738e-05,0.187,"cBioPortal,COSMIC",UP,neutral,neutral,neutral,,,,94.07,H,-0.1356,3.1674,-22.1363,loss_of_function,-2.90367505764446,0.3945,ambiguous,https://doi.org/10.1101/2022.10.22.513328
R168H,0.2438,0.24762,0.8488534478254208,Neutral,Neutral,54.8,0.0011468620579802,0.0050558323937002,0.301,"cBioPortal,COSMIC",DOWN,neutral,neutral,neutral,,,,92.85,H,-0.0988,2.049,-4.1482,loss_of_function,-2.742875162661,0.2582,benign,https://doi.org/10.1101/2022.10.22.513328
G170R,6.62274,5.2034,5.899422371238644,Destabilizing,Destabilizing,7.4,3.18593092902e-05,2.48487333358e-05,0.899,cBioPortal,UP,neutral,neutral,neutral,,,,93.71,S,-0.4481,0.1255,-22.1332,loss_of_function,-6.29120198719365,0.9797,pathogenic,https://doi.org/10.1101/2022.10.22.513328
S180N,-0.05656,-0.46122,-0.5542428833962343,Neutral,Neutral,86.9,,,0.050,cBioPortal,UP,neutral,neutral,neutral,,,,57.87,-,0.0582,2.8009,-1.9931,gain_of_function,0.0523800376253809,0.0888,benign,https://doi.org/10.1101/2022.10.22.513328
S180R,-0.92669,-0.04694,-0.5613134538810532,Neutral,Neutral,86.9,,,0.056,COSMIC,UP,neutral,neutral,neutral,,,,57.87,-,-0.0292,2.8009,-5.1085,loss_of_function,-0.633393269368056,0.3683,ambiguous,https://doi.org/10.1101/2022.10.22.513328
P183A,0.9281,0.7602,-0.2477967900515965,Neutral,Neutral,83.5,,,0.151,cBioPortal,DOWN,neutral,neutral,neutral,,,,48.39,G,-0.0294,2.2889,-5.0661,loss_of_function,-0.486780646763794,0.0661,benign,https://doi.org/10.1101/2022.10.22.513328
R186H,0.8413,0.41905,-0.155549220267942,Neutral,Neutral,92.7,,1.21933375604e-05,0.051,"cBioPortal,clinvar",DOWN,neutral,neutral,neutral,2214546,Uncertain significance,1,51.58,T,-0.015,2.9339,-3.6781,loss_of_function,-0.141245337560776,0.083,benign,https://doi.org/10.1101/2022.10.22.513328
S187F,-0.2633,0.10238,-0.843310122140839,Neutral,Neutral,55.3,,4.054426623e-06,0.339,"cBioPortal,COSMIC",UP,neutral,neutral,neutral,,,,53.45,T,-0.0398,2.6504,-7.5621,loss_of_function,-0.777029503530171,0.204,benign,https://doi.org/10.1101/2022.10.22.513328
G198S,-0.24855,-0.74116,-0.3306365921291782,Neutral,Neutral,79.7,3.186336987e-05,1.66805671393e-05,0.335,cBioPortal,UP,neutral,neutral,neutral,,,,79.44,H,-0.1731,1.5313,-7.4345,loss_of_function,-1.54890970733149,0.1386,benign,https://doi.org/10.1101/2022.10.22.513328
R199H,0.7401,0.13844,0.1515742272812414,Neutral,Neutral,91.6,,1.67900737084e-05,0.113,cBioPortal,DOWN,neutral,neutral,neutral,,,,79.69,H,-0.0237,2.731,-1.7429,loss_of_function,-0.0658716844936591,0.0804,benign,https://doi.org/10.1101/2022.10.22.513328
F206L,-0.42474,-0.22687,-0.3228217031877267,Neutral,Neutral,79.7,,4.282288455e-06,0.023,cBioPortal,DOWN,neutral,neutral,neutral,,,,80.73,H,-0.0844,1.8679,-2.8352,loss_of_function,-0.0831035387749501,0.5136,ambiguous,https://doi.org/10.1101/2022.10.22.513328
V207M,-0.93139,-0.4915,0.0628243036829101,Neutral,Neutral,88.9,,4.2802722253e-06,0.047,cBioPortal,UP,neutral,neutral,neutral,,,,81.05,H,-0.049,2.3374,-3.3123,loss_of_function,-0.0662593819037297,0.1061,benign,https://doi.org/10.1101/2022.10.22.513328
L208P,3.68826,4.63844,4.3731987448446015,Destabilizing,Destabilizing,83.0,,,0.489,COSMIC,DOWN,neutral,neutral,neutral,,,,77.85,H,-0.369,1.3591,-20.4972,loss_of_function,-2.05475063713919,0.3766,ambiguous,https://doi.org/10.1101/2022.10.22.513328
