Mutation,"Stability (FoldX5, alphafold, kcal/mol)","Stability (Rosetta Cartddg2020, alphafold, kcal/mol)","Stability (RaSP, alphafold, kcal/mol)","Stability classification, alphafold, (Rosetta, FoldX)","Stability classification, alphafold, (RaSP, FoldX)","Local Int. (Binding with CNOT7_AFmulti, heterodimer, FoldX5, kcal/mol)","Local Int. (Binding with CNOT7_AFmulti, heterodimer, Rosetta Talaris 2014, kcal/mol)",Local Int. classification (CNOT7_AFmulti),Relative Side Chain Solvent Accessibility in wild-type,gnomAD genome allele frequency,gnomAD exome allele frequency,REVEL score,Mutation sources,PTMs,is site part of phospho-SLiM,PTM residue SASA (%),"Change in stability with PTM (FoldX5, kcal/mol)","Change in binding with PTM (FoldX5, kcal/mol)","Change in binding with mutation (FoldX5, kcal/mol)",PTM effect in regulation,PTM effect in stability,PTM effect in function,AlloSigma2 mutation type,AlloSigma2 predicted consequence - active sites,AlloSigma2 predicted consequence - cofactor sites,AlloSigma2 predicted consequence - pockets and interfaces,ClinVar Variation ID,ClinVar Interpretation,ClinVar Review Status,AlphaFold2 model pLDDT score,AlphaFold2 model secondary structure,DeMaSk delta fitness,DeMaSk Shannon entropy,DeMaSk log2 variant frequency,DeMaSk predicted consequence,GEMME Score,EVE score,EVE classification (25% Uncertain),AlphaMissense pathogenicity score,AlphaMissense classification,References
H2L,-1.09705,-0.43469,-0.1507568061062864,Neutral,Neutral,,,Uncertain,88.6,,,0.214,COSMIC,,False,88.6,,,,neutral,neutral,neutral,UP,neutral,neutral,neutral,,,,38.16,-,-0.2572,0.7893,-18.9025,loss_of_function,-0.0388684523385411,,,0.1846,benign,https://doi.org/10.1101/2022.10.22.513328
H2N,-0.03188,-0.71701,0.124528402632083,Neutral,Neutral,,,Uncertain,88.6,,,0.098,"cBioPortal,COSMIC",,False,88.6,,,,neutral,neutral,neutral,DOWN,neutral,neutral,stabilizing,,,,38.16,-,-0.1361,0.7893,-3.6147,loss_of_function,-0.0177718783844009,,,0.1299,benign,https://doi.org/10.1101/2022.10.22.513328
H2Q,-0.47137,-0.0119,0.4758450181213491,Neutral,Neutral,,,Uncertain,88.6,,,0.138,COSMIC,,False,88.6,,,,neutral,neutral,neutral,DOWN,neutral,neutral,stabilizing,,,,38.16,-,-0.1756,0.7893,-18.9025,loss_of_function,-0.0351989338981913,,,0.185,benign,https://doi.org/10.1101/2022.10.22.513328
H2Y,-0.55677,-0.56633,0.2534013285721309,Neutral,Neutral,,,Uncertain,88.6,,0.0000000000000000,0.120,"cBioPortal,COSMIC",,False,88.6,,,,neutral,neutral,neutral,UP,neutral,neutral,neutral,,,,38.16,-,-0.1114,0.7893,-5.6146,loss_of_function,-0.0281721791670586,,,0.1347,benign,https://doi.org/10.1101/2022.10.22.513328
P3A,2.02521,0.99354,-0.3776873114835138,Uncertain,Uncertain,,,Uncertain,76.1,,,0.049,COSMIC,,False,76.1,,,,neutral,neutral,neutral,DOWN,neutral,neutral,stabilizing,,,,51.35,H,-0.1823,1.4017,-19.0157,loss_of_function,-0.0457309155657667,,,0.0786,benign,https://doi.org/10.1101/2022.10.22.513328
P3H,2.75836,1.14422,-0.7746478128754025,Uncertain,Uncertain,,,Uncertain,76.1,,0.0000052430136843,0.153,"cBioPortal,COSMIC",,False,76.1,,,,neutral,neutral,neutral,UP,neutral,neutral,mixed_effects,,,,51.35,H,-0.1532,1.4017,-5.7278,loss_of_function,-0.0264328464170264,,,0.1304,benign,https://doi.org/10.1101/2022.10.22.513328
P3L,1.55693,0.83061,-0.9499160318909544,Neutral,Neutral,,,Uncertain,76.1,,0.0000104860273685,0.143,"cBioPortal,COSMIC",,False,76.1,,,,neutral,neutral,neutral,UP,neutral,neutral,mixed_effects,,,,51.35,H,-0.231,1.4017,-19.0157,loss_of_function,-0.0497788951002368,,,0.277,benign,https://doi.org/10.1101/2022.10.22.513328
P3R,1.81901,1.27279,-0.5716936207847273,Neutral,Neutral,,,Uncertain,76.1,,,0.152,"cBioPortal,COSMIC",,False,76.1,,,,neutral,neutral,neutral,UP,neutral,neutral,mixed_effects,,,,51.35,H,-0.2521,1.4017,-19.0157,loss_of_function,-0.0497788951002368,,,0.1803,benign,https://doi.org/10.1101/2022.10.22.513328
P3S,2.34384,1.23946,-0.5535761695710678,Uncertain,Uncertain,,,Uncertain,76.1,,0.0000103765655643,0.041,COSMIC,,False,76.1,,,,neutral,neutral,neutral,DOWN,neutral,neutral,stabilizing,,,,51.35,H,-0.1141,1.4017,-5.7278,loss_of_function,-0.0457309155657667,,,0.0775,benign,https://doi.org/10.1101/2022.10.22.513328
P3T,2.67099,1.61667,-0.3882855646834821,Uncertain,Uncertain,,,Uncertain,76.1,,,0.062,COSMIC,,False,76.1,,,,neutral,neutral,neutral,-,uncertain,uncertain,uncertain,,,,51.35,H,-0.1042,1.4017,-1.406,loss_of_function,-0.0384967362537953,,,0.0698,benign,https://doi.org/10.1101/2022.10.22.513328
P3V,2.44045,0.91599,-0.2678627116823323,Uncertain,Uncertain,,,Uncertain,76.1,,,,cBioPortal,,False,76.1,,,,neutral,neutral,neutral,UP,neutral,neutral,mixed_effects,,,,51.35,H,-0.1818,1.4017,-19.0157,loss_of_function,-0.0497788951002368,,,0.2198,benign,https://doi.org/10.1101/2022.10.22.513328
F4V,0.13568,0.40714,0.6204777130793773,Neutral,Neutral,,,Uncertain,89.7,,,0.064,"cBioPortal,COSMIC",,False,89.7,,,,neutral,neutral,neutral,DOWN,neutral,neutral,stabilizing,,,,46.47,H,-0.106,2.0885,-4.7279,loss_of_function,-0.0191230355106875,,,0.0899,benign,https://doi.org/10.1101/2022.10.22.513328
Y5H,0.68392,0.28197,-0.092320700156061,Neutral,Neutral,,,Uncertain,99.3,,,0.053,"cBioPortal,COSMIC",,True,99.3,,,,uncertain,,,DOWN,neutral,neutral,stabilizing,,,,40.94,H,-0.0525,2.3497,-4.3923,loss_of_function,-0.0360801592841277,,,0.123,benign,https://doi.org/10.1101/2022.10.22.513328
T6I,-0.28591,0.57585,-0.4385362057847086,Neutral,Neutral,,,Uncertain,81.9,,,0.034,COSMIC,,True,81.9,,,,uncertain,,,UP,neutral,neutral,mixed_effects,,,,52.5,H,-0.014,2.7397,-6.0443,loss_of_function,-0.0264299197046934,,,0.272,benign,https://doi.org/10.1101/2022.10.22.513328
T6N,0.58762,0.66837,0.1429222783703904,Neutral,Neutral,,,Uncertain,81.9,,,0.031,COSMIC,,True,81.9,,,,uncertain,,,-,uncertain,uncertain,uncertain,,,,52.5,H,-0.0386,2.7397,-5.0444,loss_of_function,-0.0210812551795844,,,0.1105,benign,https://doi.org/10.1101/2022.10.22.513328
T6P,-0.05833,4.97619,3.836710499439239,Uncertain,Uncertain,,,Uncertain,81.9,,,0.062,cBioPortal,,True,81.9,,,,uncertain,,,-,uncertain,uncertain,uncertain,,,,52.5,H,-0.1524,2.7397,-6.0443,loss_of_function,-0.0746361929032514,,,0.0596,benign,https://doi.org/10.1101/2022.10.22.513328
R7G,1.05708,2.54626,2.072534313439633,Uncertain,Uncertain,,,Uncertain,59.3,,,0.171,"cBioPortal,COSMIC",,True,59.3,,,,neutral,neutral,neutral,DOWN,neutral,neutral,mixed_effects,,,,53.13,H,-0.168,2.0676,-5.1898,loss_of_function,-0.208980435695515,,,0.1956,benign,https://doi.org/10.1101/2022.10.22.513328
R7L,-0.02448,0.2602,0.0431752991955453,Neutral,Neutral,,,Uncertain,59.3,,,0.274,"cBioPortal,COSMIC",,True,59.3,,,,neutral,neutral,neutral,DOWN,neutral,neutral,mixed_effects,,,,53.13,H,-0.1351,2.0676,-5.1898,loss_of_function,-0.162704734924964,,,0.347,ambiguous,https://doi.org/10.1101/2022.10.22.513328
A8D,0.6542,0.74184,0.2065200665553679,Neutral,Neutral,,,Uncertain,85.0,,,0.144,cBioPortal,,True,85.0,,,,neutral,neutral,neutral,UP,neutral,neutral,stabilizing,,,,52.0,H,-0.0746,2.8167,-4.8908,loss_of_function,-0.393082344585048,,,0.3387,benign,https://doi.org/10.1101/2022.10.22.513328
A8V,0.18365,-0.55884,-0.2186562156164689,Neutral,Neutral,,,Uncertain,85.0,,0.0000046764810415,0.100,COSMIC,,True,85.0,,,,neutral,neutral,neutral,UP,neutral,neutral,stabilizing,,,,52.0,H,-0.0365,2.8167,-19.7635,loss_of_function,-0.728665559267666,,,0.3064,benign,https://doi.org/10.1101/2022.10.22.513328
A9G,0.32462,0.61633,0.567258813766322,Neutral,Neutral,,,Uncertain,71.4,,,0.095,COSMIC,,True,71.4,,,,neutral,neutral,neutral,DOWN,neutral,neutral,neutral,,,,62.28,H,-0.0771,1.8267,-4.8073,loss_of_function,-0.281974565554328,,,0.0952,benign,https://doi.org/10.1101/2022.10.22.513328
A9T,0.25084,-0.04354,0.0817559994324235,Neutral,Neutral,,,Uncertain,71.4,,0.0000046685776711,0.071,"cBioPortal,COSMIC",,True,71.4,,,,neutral,neutral,neutral,UP,neutral,neutral,mixed_effects,,,,62.28,H,-0.0542,1.8267,-4.8073,loss_of_function,-0.268791332745811,,,0.22,benign,https://doi.org/10.1101/2022.10.22.513328
A9V,0.59046,0.6966,-0.0349893211625612,Neutral,Neutral,,,Uncertain,71.4,,0.0000046562738634,0.138,COSMIC,,True,71.4,,,,neutral,neutral,neutral,UP,neutral,neutral,mixed_effects,,,,62.28,H,-0.0512,1.8267,-4.8073,loss_of_function,-0.359115346010023,,,0.3227,benign,https://doi.org/10.1101/2022.10.22.513328
T10I,1.48354,0.27687,-0.3294106750847264,Neutral,Neutral,,,Uncertain,40.1,,0.0000092729110450,0.048,cBioPortal,,True,40.1,,,,uncertain,,,UP,neutral,neutral,stabilizing,,,,79.42,T,-0.0901,2.6958,-20.1826,loss_of_function,-1.0126352627932,,,0.4456,ambiguous,https://doi.org/10.1101/2022.10.22.513328
T10S,-0.42139,0.24592,0.8841402861665065,Neutral,Neutral,,,Uncertain,40.1,,,0.091,COSMIC,,True,40.1,,,,neutral,,,DOWN,neutral,neutral,stabilizing,,,,79.42,T,0.0587,2.6958,-3.1944,gain_of_function,-0.0321793650603975,,,0.0669,benign,https://doi.org/10.1101/2022.10.22.513328
M11I,2.74583,2.23912,0.665588624932521,Uncertain,Uncertain,,,,5.4,,0.0000045818595019,0.357,"cBioPortal,COSMIC",,True,5.4,,,,neutral,neutral,neutral,-,uncertain,uncertain,uncertain,,,,93.3,T,-0.2184,0.294,-7.8391,loss_of_function,-1.76729007455069,0.9962191903825456,Pathogenic,0.9893,pathogenic,https://doi.org/10.1101/2022.10.22.513328
M11V,2.7447,1.21871,0.8849449449438151,Uncertain,Uncertain,,,,5.4,,0.0000000000000000,0.404,COSMIC,,True,5.4,,,,neutral,neutral,neutral,DOWN,neutral,neutral,neutral,,,,93.3,T,-0.2424,0.294,-6.2542,loss_of_function,-1.26932594160739,0.9910979757620624,Pathogenic,0.6651,pathogenic,https://doi.org/10.1101/2022.10.22.513328
I12L,0.0016,-0.64694,-0.3411622730121244,Neutral,Neutral,,,Uncertain,80.0,,0.0000045803065141,0.075,cBioPortal,,True,80.0,,,,neutral,neutral,neutral,-,uncertain,uncertain,uncertain,,,,94.27,H,0.0399,2.7603,-3.1513,gain_of_function,-0.824849024317127,4.895430370804218e-06,Benign,0.1042,benign,https://doi.org/10.1101/2022.10.22.513328
I12M,-0.53032,-0.29218,0.0391910905118514,Neutral,Neutral,,,Uncertain,80.0,,,0.031,"COSMIC,mutations_clinvar",,True,80.0,,,,neutral,neutral,neutral,-,uncertain,uncertain,uncertain,2273957,Uncertain significance,1,94.27,H,0.0205,2.7603,-5.8517,gain_of_function,-1.19048912372364,0.0001589864010266,Benign,0.1167,benign,https://doi.org/10.1101/2022.10.22.513328
I12T,0.31585,0.80068,0.4632294788620994,Neutral,Neutral,,,Uncertain,80.0,,,0.052,COSMIC,,True,80.0,,,,neutral,neutral,neutral,DOWN,neutral,neutral,neutral,,,,94.27,H,-0.0512,2.7603,-6.8517,loss_of_function,-1.62545195081259,0.0093447969589342,Benign,0.0948,benign,https://doi.org/10.1101/2022.10.22.513328
G13C,0.06416,0.62823,1.1728069044426486,Neutral,Neutral,,,Uncertain,68.1,,,0.095,cBioPortal,,False,68.1,,,,neutral,neutral,neutral,UP,neutral,neutral,stabilizing,,,,95.99,H,-0.0666,3.2421,-6.8641,loss_of_function,-3.25708270651583,0.0004403214328047,Benign,0.4898,ambiguous,https://doi.org/10.1101/2022.10.22.513328
G13D,-1.47267,-0.57687,0.3238827471125066,Neutral,Neutral,,,Uncertain,68.1,,,0.052,COSMIC,,False,68.1,,,,neutral,neutral,neutral,UP,neutral,neutral,stabilizing,,,,95.99,H,-0.0553,3.2421,-4.5423,loss_of_function,-1.47107829943731,3.447470457613155e-07,Benign,0.4736,ambiguous,https://doi.org/10.1101/2022.10.22.513328
E14D,4.5432,1.47993,1.739089626263643,Uncertain,Uncertain,,,,5.0,,,0.406,"cBioPortal,COSMIC",,False,5.0,,,,neutral,neutral,neutral,DOWN,neutral,neutral,neutral,,,,98.02,H,-0.1972,0.1623,-7.6864,loss_of_function,-2.04780956015129,0.9976496290728888,Pathogenic,0.9846,pathogenic,https://doi.org/10.1101/2022.10.22.513328
E14K,6.12568,1.92789,3.8210236186124966,Uncertain,Destabilizing,,,,5.0,,,0.471,"cBioPortal,COSMIC",,False,5.0,,,,neutral,neutral,neutral,UP,neutral,neutral,stabilizing,,,,98.02,H,-0.2535,0.1623,-7.6864,loss_of_function,-2.80152786576396,0.9962178386198408,Pathogenic,0.9984,pathogenic,https://doi.org/10.1101/2022.10.22.513328
I15F,12.43728,4.38946,2.0559157883447656,Destabilizing,Uncertain,,,,4.3,,,0.535,COSMIC,,False,4.3,,,,neutral,neutral,neutral,UP,neutral,neutral,neutral,,,,98.35,H,-0.2063,1.215,-8.6864,loss_of_function,-6.60009957868097,0.9725084630091616,Pathogenic,0.9915,pathogenic,https://doi.org/10.1101/2022.10.22.513328
A16V,0.7045,0.17687,-0.0136305366342148,Neutral,Neutral,,,Uncertain,48.8,,,0.032,COSMIC,,False,48.8,,,,neutral,neutral,neutral,UP,neutral,neutral,stabilizing,,,,97.96,H,0.0897,3.3386,-4.4456,gain_of_function,-1.36654602975605,0.0031918766963378,Benign,0.2484,benign,https://doi.org/10.1101/2022.10.22.513328
A17D,1.20195,2.19932,1.261202467864278,Uncertain,Neutral,,,Uncertain,24.8,,,0.374,COSMIC,,True,24.8,,,,neutral,neutral,neutral,UP,neutral,neutral,stabilizing,,,,98.27,H,-0.1563,2.1399,-8.6899,loss_of_function,-5.49166782769451,0.6070861540530945,Uncertain,0.9942,pathogenic,https://doi.org/10.1101/2022.10.22.513328
A17S,1.7992,1.17857,1.0243863552178722,Neutral,Neutral,,,Uncertain,24.8,,,0.070,COSMIC,,True,24.8,,,,neutral,neutral,neutral,-,uncertain,uncertain,uncertain,,,,98.27,H,-0.0065,2.1399,-2.2637,loss_of_function,-1.14902739323933,1.5965040853503435e-05,Benign,0.4499,ambiguous,https://doi.org/10.1101/2022.10.22.513328
A17T,2.04184,0.8932,0.8797538025319468,Uncertain,Uncertain,,,Uncertain,24.8,,,0.133,"cBioPortal,COSMIC",,True,24.8,,,,neutral,neutral,neutral,UP,neutral,neutral,stabilizing,,,,98.27,H,-0.0183,2.1399,-3.4046,loss_of_function,-1.2053927239445,0.0001173597285075,Benign,0.7695,pathogenic,https://doi.org/10.1101/2022.10.22.513328
A17V,1.01837,0.10204,0.3022785139926603,Neutral,Neutral,,,Uncertain,24.8,,,0.166,cBioPortal,,True,24.8,,,,neutral,neutral,neutral,UP,neutral,neutral,stabilizing,,,,98.27,H,-0.0055,2.1399,-1.4806,loss_of_function,-0.6966933213757,0.0010897404529465,Benign,0.8557,pathogenic,https://doi.org/10.1101/2022.10.22.513328
A18G,2.22659,2.67721,2.906241336750106,Uncertain,Uncertain,,,,0.0,,,0.310,cBioPortal,,True,0.0,,,,neutral,neutral,neutral,DOWN,neutral,neutral,neutral,,,,98.66,H,-0.3117,0.2286,-21.9777,loss_of_function,-4.00955586088527,0.2786247232074336,Benign,0.7574,pathogenic,https://doi.org/10.1101/2022.10.22.513328
A18S,1.12213,2.2119,2.155244951255742,Uncertain,Uncertain,,,,0.0,,0.0000000000000000,0.377,cBioPortal,,True,0.0,,,,neutral,neutral,neutral,-,uncertain,uncertain,uncertain,,,,98.66,H,-0.2151,0.2286,-8.6899,loss_of_function,-3.09960684651233,0.9688173443745708,Pathogenic,0.8255,pathogenic,https://doi.org/10.1101/2022.10.22.513328
A18T,2.16407,1.77721,1.5773550410604602,Uncertain,Uncertain,,,,0.0,,,0.243,"cBioPortal,COSMIC",,True,0.0,,,,neutral,neutral,neutral,UP,neutral,neutral,neutral,,,,98.66,H,-0.216,0.2286,-7.6899,loss_of_function,-0.440785968621291,0.4358494311319415,Uncertain,0.9702,pathogenic,https://doi.org/10.1101/2022.10.22.513328
A18V,1.21183,1.24932,0.7583466454359239,Neutral,Neutral,,,,0.0,,,0.380,"cBioPortal,COSMIC",,True,0.0,,,,neutral,neutral,neutral,UP,neutral,neutral,neutral,,,,98.66,H,-0.21,0.2286,-7.105,loss_of_function,-3.10604266063437,0.5022287149203005,Uncertain,0.9798,pathogenic,https://doi.org/10.1101/2022.10.22.513328
V19L,2.0772,3.90918,0.8202310790424119,Uncertain,Uncertain,,,,2.6,,,0.233,COSMIC,,True,2.6,,,,neutral,neutral,neutral,UP,neutral,neutral,neutral,,,,98.65,H,-0.0621,1.9981,-1.5371,loss_of_function,-3.01608819361948,0.0094101700157365,Benign,0.984,pathogenic,https://doi.org/10.1101/2022.10.22.513328
V19M,0.97031,2.87075,1.9496390253922296,Uncertain,Neutral,,,,2.6,,,0.345,"cBioPortal,COSMIC",,True,2.6,,,,neutral,neutral,neutral,UP,neutral,neutral,neutral,,,,98.65,H,-0.1077,1.9981,-8.6968,loss_of_function,-3.39103685651989,0.2173937070447811,Benign,0.9907,pathogenic,https://doi.org/10.1101/2022.10.22.513328
S20F,0.00221,-0.35816,-0.4961138486165467,Neutral,Neutral,,,Uncertain,65.5,,,0.124,cBioPortal,,True,65.5,,,,uncertain,,,UP,neutral,neutral,neutral,,,,97.98,H,-0.1128,2.6561,-21.9847,loss_of_function,-2.49246157852232,0.0020370860596381,Benign,0.4888,ambiguous,https://doi.org/10.1101/2022.10.22.513328
F21I,4.24601,3.70136,2.5863926590456363,Destabilizing,Uncertain,,,,12.3,,,0.612,COSMIC,,True,12.3,,,,neutral,neutral,neutral,DOWN,neutral,neutral,destabilizing,,,,98.27,H,-0.3852,0.0734,-21.9847,loss_of_function,-5.51581143128792,0.9552700281407718,Pathogenic,0.9952,pathogenic,https://doi.org/10.1101/2022.10.22.513328
F21L,0.77078,0.88401,1.6966541834232376,Neutral,Neutral,,,,12.3,,,0.626,"cBioPortal,COSMIC",,True,12.3,,,,neutral,neutral,neutral,DOWN,neutral,neutral,destabilizing,,,,98.27,H,-0.2795,0.0734,-8.6968,loss_of_function,-5.47485991148023,0.3649997926682313,Uncertain,0.9994,pathogenic,https://doi.org/10.1101/2022.10.22.513328
I22L,-0.22197,0.0932,1.0976628008731284,Neutral,Neutral,,,,0.0,,,0.098,cBioPortal,,False,0.0,,,,neutral,neutral,neutral,-,uncertain,uncertain,uncertain,,,,98.08,H,-0.0592,1.5927,-1.527,loss_of_function,-0.685703852457108,6.772308252712737e-06,Benign,0.1583,benign,https://doi.org/10.1101/2022.10.22.513328
I22M,0.10989,1.48946,1.958512611690222,Neutral,Neutral,,,,0.0,,,0.158,"cBioPortal,COSMIC",,False,0.0,,,,neutral,neutral,neutral,-,uncertain,uncertain,uncertain,,,,98.08,H,-0.1015,1.5927,-8.6968,loss_of_function,-2.77758912690433,0.0394615206673602,Benign,0.7575,pathogenic,https://doi.org/10.1101/2022.10.22.513328
I22V,1.31354,0.82993,1.05031829617182,Neutral,Neutral,,,,0.0,,,0.071,cBioPortal,,False,0.0,,,,neutral,neutral,neutral,DOWN,neutral,neutral,destabilizing,,,,98.08,H,-0.0243,1.5927,-2.4875,loss_of_function,-0.265474800435481,5.315596986575075e-05,Benign,0.1393,benign,https://doi.org/10.1101/2022.10.22.513328
S23A,-0.43796,-0.9119,-1.050660277391966,Neutral,Neutral,,,,10.3,,,0.079,cBioPortal,,False,10.3,,,,uncertain,,,-,uncertain,uncertain,uncertain,,,,97.56,H,0.0534,2.6089,-3.8459,gain_of_function,-0.271499204650132,0.0001257569836652,Benign,0.1137,benign,https://doi.org/10.1101/2022.10.22.513328
S23F,3.67318,-0.36395,-1.382069350018964,Uncertain,Uncertain,,,,10.3,,0.0000043810074565,0.145,COSMIC,,False,10.3,,,,uncertain,,,UP,neutral,neutral,neutral,,,,97.56,H,-0.0494,2.6089,-8.7038,loss_of_function,-3.90751037520498,0.2272079530705255,Benign,0.919,pathogenic,https://doi.org/10.1101/2022.10.22.513328
K24N,0.3943,-0.00986,0.4296189999947203,Neutral,Neutral,,,Uncertain,66.7,,,0.045,"cBioPortal,COSMIC",,False,66.7,,,,neutral,neutral,neutral,DOWN,neutral,neutral,destabilizing,,,,96.99,H,-0.0144,2.4974,-3.3185,loss_of_function,-2.86124037546008,1.0451927041876407e-05,Benign,0.7595,pathogenic,https://doi.org/10.1101/2022.10.22.513328
K24R,0.109,0.10918,-0.1375216977839322,Neutral,Neutral,,,Uncertain,66.7,,0.0000000000000000,0.098,"cBioPortal,COSMIC",,False,66.7,,,,neutral,neutral,neutral,-,uncertain,uncertain,uncertain,,,,96.99,H,0.0764,2.4974,-2.1109,gain_of_function,-0.758918661805011,6.815588310700482e-06,Benign,0.0704,benign,https://doi.org/10.1101/2022.10.22.513328
K24T,0.91433,0.02755,0.4003001324568883,Neutral,Neutral,,,Uncertain,66.7,,0.0000043803166093,0.102,COSMIC,,False,66.7,,,,neutral,neutral,neutral,DOWN,neutral,neutral,destabilizing,,,,96.99,H,-0.0355,2.4974,-6.7108,loss_of_function,-1.38863101727277,0.0006715171789486,Benign,0.5359,ambiguous,https://doi.org/10.1101/2022.10.22.513328
F25C,3.06138,2.30136,3.610594235483262,Uncertain,Destabilizing,,,Uncertain,25.8,,,0.351,"cBioPortal,COSMIC",,False,25.8,,,,neutral,neutral,neutral,DOWN,neutral,neutral,destabilizing,,,,96.7,H,-0.1821,1.8072,-8.7072,loss_of_function,-5.91514078314117,0.5635468589658295,Uncertain,0.9406,pathogenic,https://doi.org/10.1101/2022.10.22.513328
F25I,1.86451,0.87313,2.42942003981388,Neutral,Uncertain,,,Uncertain,25.8,,,0.194,cBioPortal,,False,25.8,,,,neutral,neutral,neutral,DOWN,neutral,neutral,destabilizing,,,,96.7,H,-0.139,1.8072,-5.0069,loss_of_function,-2.22645316002929,3.591791148915489e-05,Benign,0.8144,pathogenic,https://doi.org/10.1101/2022.10.22.513328
F25L,0.51907,0.16531,1.6796309514698216,Neutral,Neutral,,,Uncertain,25.8,,,0.292,COSMIC,,False,25.8,,,,neutral,neutral,neutral,DOWN,neutral,neutral,destabilizing,,,,96.7,H,-0.0811,1.8072,-1.078,loss_of_function,-0.753551963626629,3.0671454009689504e-07,Benign,0.9495,pathogenic,https://doi.org/10.1101/2022.10.22.513328
F25S,3.11962,2.84762,4.552050302711056,Uncertain,Destabilizing,,,Uncertain,25.8,,,0.363,cBioPortal,,False,25.8,,,,neutral,neutral,neutral,DOWN,neutral,neutral,destabilizing,,,,96.7,H,-0.1929,1.8072,-8.7072,loss_of_function,-5.44072035655399,0.0513072086084628,Benign,0.9948,pathogenic,https://doi.org/10.1101/2022.10.22.513328
L26F,0.06064,0.68776,0.923235159078169,Neutral,Neutral,,,,0.0,,0.0000349800176649,0.313,COSMIC,,True,0.0,,,,neutral,neutral,neutral,UP,neutral,neutral,neutral,,,,96.96,H,-0.2182,0.6589,-7.7107,loss_of_function,-2.88388743409133,0.400529515109882,Uncertain,0.911,pathogenic,https://doi.org/10.1101/2022.10.22.513328
L26P,5.06044,10.02891,8.041065390832175,Destabilizing,Destabilizing,,,,0.0,,,0.640,cBioPortal,,True,0.0,,,,neutral,neutral,neutral,DOWN,neutral,neutral,neutral,,,,96.96,H,-0.4411,0.6589,-21.9985,loss_of_function,-7.05434886144698,0.9914115298861929,Pathogenic,0.9983,pathogenic,https://doi.org/10.1101/2022.10.22.513328
R27C,0.9486,1.37483,1.8181497728601308,Neutral,Neutral,,,Uncertain,53.0,,,0.122,COSMIC,,True,53.0,,,,neutral,neutral,neutral,DOWN,neutral,neutral,destabilizing,,,,96.3,H,-0.1727,1.8678,-7.7142,loss_of_function,-1.49587026452584,0.6474341734655047,Uncertain,0.6645,pathogenic,https://doi.org/10.1101/2022.10.22.513328
R27H,0.15178,-0.07415,1.1829165496683076,Neutral,Neutral,,,Uncertain,53.0,,,0.112,"cBioPortal,COSMIC",,True,53.0,,,,neutral,neutral,neutral,DOWN,neutral,neutral,destabilizing,,,,96.3,H,-0.1269,1.8678,-6.3923,loss_of_function,-0.502817336523249,0.2083949351889804,Benign,0.481,ambiguous,https://doi.org/10.1101/2022.10.22.513328
R27P,6.79732,5.98163,7.779125724466287,Destabilizing,Destabilizing,,,Uncertain,53.0,,,0.224,"cBioPortal,COSMIC",,True,53.0,,,,neutral,neutral,neutral,DOWN,neutral,neutral,destabilizing,,,,96.3,H,-0.3789,1.8678,-22.002,loss_of_function,-4.83703103773299,0.1185079191968255,Benign,0.9804,pathogenic,https://doi.org/10.1101/2022.10.22.513328
T28I,0.0731,-0.15102,-0.2430082607409001,Neutral,Neutral,,,Uncertain,82.2,,,0.089,COSMIC,,True,82.2,,,,uncertain,,,UP,neutral,neutral,neutral,,,,93.86,H,0.0043,2.8693,-4.8039,gain_of_function,-0.863742255140309,0.0135463073972956,Benign,0.4074,ambiguous,https://doi.org/10.1101/2022.10.22.513328
T28N,-0.01393,-0.04762,0.1604488843924778,Neutral,Neutral,,,Uncertain,82.2,,,0.106,COSMIC,,True,82.2,,,,uncertain,,,-,uncertain,uncertain,uncertain,,,,93.86,H,-0.0083,2.8693,-1.4534,loss_of_function,-0.657455472814634,0.0006181241435463,Benign,0.2063,benign,https://doi.org/10.1101/2022.10.22.513328
T28S,0.23033,0.16837,0.4400289377940419,Neutral,Neutral,,,Uncertain,82.2,,,0.090,"cBioPortal,COSMIC",,True,82.2,,,,neutral,,,DOWN,neutral,neutral,neutral,,,,93.86,H,0.072,2.8693,-3.7108,gain_of_function,-1.26733371489878,0.0001632173535228,Benign,0.15,benign,https://doi.org/10.1101/2022.10.22.513328
K29E,0.971,0.44694,1.0429626661075766,Neutral,Neutral,,,Uncertain,63.5,,,0.095,COSMIC,,True,63.5,,,,neutral,neutral,neutral,DOWN,neutral,neutral,neutral,,,,91.39,H,-0.0403,2.4435,-6.1293,loss_of_function,-2.7237460568538,0.0017932571082325,Benign,0.6571,pathogenic,https://doi.org/10.1101/2022.10.22.513328
K29Q,0.48909,-0.15544,0.6280256885300162,Neutral,Neutral,,,Uncertain,63.5,,,0.148,"cBioPortal,COSMIC",,True,63.5,,,,neutral,neutral,neutral,DOWN,neutral,neutral,neutral,,,,91.39,H,-0.007,2.4435,-4.6268,loss_of_function,-2.49515374335912,0.0006879534279145,Benign,0.3023,benign,https://doi.org/10.1101/2022.10.22.513328
G30E,1.28486,5.28605,0.9429401611279488,Uncertain,Neutral,,,Uncertain,79.7,,,0.162,"cBioPortal,COSMIC",,True,79.7,,,,neutral,neutral,neutral,UP,neutral,neutral,neutral,,,,86.94,T,-0.1714,2.0416,-5.7761,loss_of_function,-1.94505649363706,,,0.8945,pathogenic,https://doi.org/10.1101/2022.10.22.513328
G30R,0.88723,2.62211,0.6606043591618534,Uncertain,Neutral,,,Uncertain,79.7,,,0.138,"cBioPortal,COSMIC",,True,79.7,,,,neutral,neutral,neutral,UP,neutral,neutral,neutral,,,,86.94,T,-0.1849,2.0416,-5.098,loss_of_function,-1.87735559768778,,,0.9498,pathogenic,https://doi.org/10.1101/2022.10.22.513328
L31F,3.48347,2.72925,2.115173342177355,Uncertain,Uncertain,,,,10.5,,,0.066,"cBioPortal,COSMIC",,True,10.5,,,,neutral,neutral,neutral,UP,neutral,neutral,neutral,,,,90.38,-,0.0765,3.6437,-3.7866,gain_of_function,-0.674993174682184,,,0.1296,benign,https://doi.org/10.1101/2022.10.22.513328
L31I,0.35645,0.43605,0.8834855601384756,Neutral,Neutral,,,,10.5,,,0.087,COSMIC,,True,10.5,,,,neutral,neutral,neutral,-,uncertain,uncertain,uncertain,,,,90.38,-,0.1281,3.6437,-5.3012,gain_of_function,-1.90503583062372,,,0.1157,benign,https://doi.org/10.1101/2022.10.22.513328
S33N,-0.87993,-0.68231,-0.4134823411414351,Neutral,Neutral,,,Uncertain,54.1,,,0.109,"cBioPortal,COSMIC",,False,54.1,,,,uncertain,,,UP,neutral,neutral,neutral,,,,95.57,-,0.0205,2.4507,-3.0857,gain_of_function,-0.227072192538023,0.0003058461297353,Benign,0.0856,benign,https://doi.org/10.1101/2022.10.22.513328
E34D,0.07073,0.31769,0.3950045611766539,Neutral,Neutral,,,Uncertain,57.9,,,0.022,"cBioPortal,COSMIC",,False,57.9,,,,neutral,neutral,neutral,DOWN,neutral,neutral,mixed_effects,,,,95.56,H,0.0082,2.133,-2.973,gain_of_function,-0.559753289388816,0.0002428682531528,Benign,0.0949,benign,https://doi.org/10.1101/2022.10.22.513328
E34G,1.88605,1.18503,1.2539539337676482,Neutral,Neutral,,,Uncertain,57.9,,,0.156,COSMIC,,False,57.9,,,,neutral,neutral,neutral,DOWN,neutral,neutral,mixed_effects,,,,95.56,H,-0.071,2.133,-6.7279,loss_of_function,-2.83506819121496,0.1888678566180943,Benign,0.4532,ambiguous,https://doi.org/10.1101/2022.10.22.513328
R35G,0.53365,0.68469,0.92839312886295,Neutral,Neutral,,,Uncertain,97.4,,,0.283,cBioPortal,,True,97.4,,,,neutral,neutral,neutral,DOWN,neutral,neutral,neutral,,,,96.85,H,-0.1169,2.6621,-5.9034,loss_of_function,-1.96119250151223,0.0002623250627504,Benign,0.2503,benign,https://doi.org/10.1101/2022.10.22.513328
R35P,-0.32223,3.28367,1.380879961737513,Uncertain,Neutral,,,Uncertain,97.4,,,0.225,cBioPortal,,True,97.4,,,,neutral,neutral,neutral,DOWN,neutral,neutral,neutral,,,,96.85,H,-0.2226,2.6621,-5.7108,loss_of_function,-3.60773198038708,0.0001895375501451,Benign,0.552,ambiguous,https://doi.org/10.1101/2022.10.22.513328
Q36H,0.23632,1.03946,0.0079692305226386,Neutral,Neutral,,,Uncertain,44.8,,"0.0000000000000000, 0.0000043858494952",0.277,"cBioPortal,COSMIC",,True,44.8,,,,neutral,neutral,neutral,UP,neutral,neutral,neutral,,,,97.27,H,-0.0603,1.7557,-6.7279,loss_of_function,-3.61064160663658,0.0491272188630639,Benign,0.7053,pathogenic,https://doi.org/10.1101/2022.10.22.513328
Q36L,-0.91492,0.93503,-0.6846151592885402,Neutral,Neutral,,,Uncertain,44.8,,,,cBioPortal,,True,44.8,,,,neutral,neutral,neutral,UP,neutral,neutral,neutral,,,,97.27,H,-0.073,1.7557,-5.7279,loss_of_function,-1.57094957924449,0.0132695113231468,Benign,0.5049,ambiguous,https://doi.org/10.1101/2022.10.22.513328
L37M,-0.03701,0.66871,1.6385618320178656,Neutral,Neutral,,,,2.1,,,0.195,"cBioPortal,COSMIC",,True,2.1,,,,neutral,neutral,neutral,-,uncertain,uncertain,uncertain,,,,97.46,H,-0.0724,1.78,-6.4128,loss_of_function,-2.31751202408425,0.0475368760020677,Benign,0.398,ambiguous,https://doi.org/10.1101/2022.10.22.513328
L37V,0.82821,1.18367,1.23567266065171,Neutral,Neutral,,,,2.1,,0.0000043937117198,0.053,"cBioPortal,COSMIC",,True,2.1,,,,neutral,neutral,neutral,DOWN,neutral,neutral,neutral,,,,97.46,H,-0.0624,1.78,-1.9145,loss_of_function,-0.681626766647181,0.0022367905817321,Benign,0.1663,benign,https://doi.org/10.1101/2022.10.22.513328
Q38E,-0.19898,0.07279,-0.1992547441875752,Neutral,Neutral,,,Uncertain,74.3,,,0.090,"cBioPortal,COSMIC",,True,74.3,,,,neutral,neutral,neutral,DOWN,neutral,neutral,destabilizing,,,,97.72,H,0.0486,2.7711,-2.9086,gain_of_function,-1.09792670738973,3.777521091609773e-05,Benign,0.1494,benign,https://doi.org/10.1101/2022.10.22.513328
T39I,-1.04973,-0.77245,-0.5254602600804714,Neutral,Neutral,,,Uncertain,53.9,,,0.157,"cBioPortal,COSMIC",,True,53.9,,,,uncertain,,,UP,neutral,neutral,neutral,,,,98.14,H,0.0648,3.3844,-2.237,gain_of_function,-0.35416243828891,0.0001001928568918,Benign,0.3106,benign,https://doi.org/10.1101/2022.10.22.513328
F40C,4.61338,5.29728,5.039601464332231,Destabilizing,Destabilizing,,,,0.0,,,0.744,cBioPortal,,True,0.0,,,,neutral,neutral,neutral,DOWN,neutral,neutral,neutral,,,,98.38,H,-0.3858,0.3324,-22.0359,loss_of_function,-7.18133328349687,0.9954121417434972,Pathogenic,0.9965,pathogenic,https://doi.org/10.1101/2022.10.22.513328
F40L,1.58508,3.80612,2.516039985036743,Uncertain,Uncertain,,,,0.0,,,"0.346, 0.533",COSMIC,,True,0.0,,,,neutral,neutral,neutral,DOWN,neutral,neutral,neutral,,,,98.38,H,-0.239,0.3324,-5.4263,loss_of_function,-3.88584034935919,0.0504926742086851,Benign,0.9974,pathogenic,https://doi.org/10.1101/2022.10.22.513328
F40S,5.35708,6.3932,5.956087346453823,Destabilizing,Destabilizing,,,,0.0,,,0.714,COSMIC,,True,0.0,,,,neutral,neutral,neutral,DOWN,neutral,neutral,neutral,,,,98.38,H,-0.3967,0.3324,-22.0359,loss_of_function,-6.16930684235141,0.9989156316762162,Pathogenic,0.9995,pathogenic,https://doi.org/10.1101/2022.10.22.513328
S41I,-1.61523,-1.08435,-0.931410390984419,Neutral,Neutral,,,Uncertain,28.2,,,0.242,COSMIC,,True,28.2,,,,uncertain,,,UP,neutral,neutral,neutral,,,,98.26,H,-0.1249,2.5625,-22.0426,loss_of_function,-3.71850220420575,0.0089019319500019,Benign,0.6495,pathogenic,https://doi.org/10.1101/2022.10.22.513328
S41N,0.59879,-0.02823,-0.1974090127860317,Neutral,Neutral,,,Uncertain,28.2,,0.0000000000000000,0.062,COSMIC,,True,28.2,,,,uncertain,,,UP,neutral,neutral,neutral,,,,98.26,H,0.0188,2.5625,-5.433,gain_of_function,-1.10937693100866,0.0014391221806392,Benign,0.3082,benign,https://doi.org/10.1101/2022.10.22.513328
S41R,-0.82115,-0.41565,-1.0794448952719509,Neutral,Neutral,,,Uncertain,28.2,,,0.202,COSMIC,,True,28.2,,,,uncertain,,,UP,neutral,neutral,neutral,,,,98.26,H,-0.0397,2.5625,-2.8722,loss_of_function,-1.67199442136854,4.757330189612448e-05,Benign,0.713,pathogenic,https://doi.org/10.1101/2022.10.22.513328
Q42L,-0.1772,0.08844,-0.5994620708647386,Neutral,Neutral,,,Uncertain,78.2,,,0.176,COSMIC,,False,78.2,,,,neutral,neutral,neutral,UP,neutral,neutral,stabilizing,,,,98.31,H,0.048,3.0074,-4.585,gain_of_function,-1.79978033988905,0.0001143627892955,Benign,0.1975,benign,https://doi.org/10.1101/2022.10.22.513328
Q42P,4.25664,7.56735,5.832071520098144,Destabilizing,Destabilizing,,,Uncertain,78.2,,,0.146,COSMIC,,False,78.2,,,,neutral,neutral,neutral,DOWN,neutral,neutral,destabilizing,,,,98.31,H,-0.1958,3.0074,-22.0426,loss_of_function,-6.51103409606968,0.2393457097170164,Benign,0.9645,pathogenic,https://doi.org/10.1101/2022.10.22.513328
S43I,-1.65449,-0.27449,-0.0773501058486492,Neutral,Neutral,,,,1.4,,,0.101,"cBioPortal,COSMIC",,False,1.4,,,,uncertain,,,UP,neutral,neutral,neutral,,,,98.4,H,-0.0305,2.7414,-6.7648,loss_of_function,-2.01547773818157,0.0052025711154427,Benign,0.4908,ambiguous,https://doi.org/10.1101/2022.10.22.513328
S43N,0.13447,0.78027,0.5059690752368518,Neutral,Neutral,,,,1.4,,0.0000000000000000,0.052,"cBioPortal,COSMIC",,False,1.4,,,,uncertain,,,UP,neutral,neutral,neutral,,,,98.4,H,0.0365,2.7414,-5.1799,gain_of_function,-0.11148682049163,0.0016480539169438,Benign,0.4132,ambiguous,https://doi.org/10.1101/2022.10.22.513328
S43R,0.44903,0.74422,1.2442453839884633,Neutral,Neutral,,,,1.4,,,0.116,COSMIC,,False,1.4,,,,uncertain,,,UP,neutral,neutral,neutral,,,,98.4,H,-0.0415,2.7414,-6.4429,loss_of_function,-1.39819595828505,0.008027105284795,Benign,0.9201,pathogenic,https://doi.org/10.1101/2022.10.22.513328
S43T,-1.40574,-0.50442,0.2968554943475315,Neutral,Neutral,,,,1.4,,,0.060,COSMIC,,False,1.4,,,,neutral,,,UP,neutral,neutral,neutral,,,,98.4,H,0.0732,2.7414,-4.1799,gain_of_function,-0.962024236136185,0.0003673810273368,Benign,0.1246,benign,https://doi.org/10.1101/2022.10.22.513328
Q45E,0.13082,0.5102,1.1121781307359064,Neutral,Neutral,,,Uncertain,46.1,3.19040326697e-05,,0.162,COSMIC,,False,46.1,,,,neutral,neutral,neutral,DOWN,neutral,neutral,destabilizing,,,,98.36,H,0.0357,2.5321,-1.1283,gain_of_function,-1.02334932353467,4.963336786227438e-05,Benign,0.2065,benign,https://doi.org/10.1101/2022.10.22.513328
Q45H,0.32991,0.80748,0.3076760888588742,Neutral,Neutral,,,Uncertain,46.1,,,"0.135, 0.137",COSMIC,,False,46.1,,,,neutral,neutral,neutral,UP,neutral,neutral,neutral,,,,98.36,H,0.0089,2.5321,-7.1799,gain_of_function,-2.46214381027444,0.0328340377939671,Benign,0.8178,pathogenic,https://doi.org/10.1101/2022.10.22.513328
Q45P,3.01052,6.4051,6.770679049365614,Destabilizing,Destabilizing,,,Uncertain,46.1,,,0.298,cBioPortal,,False,46.1,,,,neutral,neutral,neutral,DOWN,neutral,neutral,destabilizing,,,,98.36,H,-0.1718,2.5321,-8.7647,loss_of_function,-6.23824979533371,0.7793769604367652,Pathogenic,0.9872,pathogenic,https://doi.org/10.1101/2022.10.22.513328
E46D,0.54785,0.69422,0.5227612259162098,Neutral,Neutral,,,Uncertain,57.1,,0.0000045255011993,0.034,"cBioPortal,COSMIC",,False,57.1,,,,neutral,neutral,neutral,DOWN,neutral,neutral,destabilizing,,,,97.86,H,0.0585,2.6806,-2.9835,gain_of_function,-0.594342550485553,0.0002348801555453,Benign,0.1532,benign,https://doi.org/10.1101/2022.10.22.513328
E46K,0.01506,0.74286,0.2130563148344344,Neutral,Neutral,,,Uncertain,57.1,,,0.096,"cBioPortal,COSMIC",,False,57.1,,,,neutral,neutral,neutral,UP,neutral,neutral,stabilizing,,,,97.86,H,-0.0027,2.6806,-3.9575,loss_of_function,-0.850575311202225,0.0006477336507448,Benign,0.7586,pathogenic,https://doi.org/10.1101/2022.10.22.513328
E46Q,-0.123,0.36803,0.3350188139801596,Neutral,Neutral,,,Uncertain,57.1,,0.0000045154065672,0.069,"cBioPortal,COSMIC",,False,57.1,,,,neutral,neutral,neutral,UP,neutral,neutral,stabilizing,,,,97.86,H,0.0475,2.6806,-3.8107,gain_of_function,-0.991083153487516,0.0006489769563515,Benign,0.3201,benign,https://doi.org/10.1101/2022.10.22.513328
E46V,0.42565,0.44116,0.0683716558649177,Neutral,Neutral,,,Uncertain,57.1,,,0.134,cBioPortal,,False,57.1,,,,neutral,neutral,neutral,-,uncertain,uncertain,uncertain,,,,97.86,H,-0.0104,2.6806,-7.1799,loss_of_function,-1.32641232799553,0.016232994254001,Benign,0.5737,pathogenic,https://doi.org/10.1101/2022.10.22.513328
L47Q,1.84435,2.52789,1.915936221026859,Uncertain,Neutral,,,Uncertain,23.4,,,0.229,cBioPortal,,False,23.4,,,,neutral,neutral,neutral,DOWN,neutral,neutral,stabilizing,,,,98.46,H,-0.092,2.7354,-3.3219,loss_of_function,-2.8506933569588,0.181515285142312,Benign,0.4038,ambiguous,https://doi.org/10.1101/2022.10.22.513328
L47V,1.27636,2.27517,1.4714327769277271,Uncertain,Neutral,,,Uncertain,23.4,,,0.120,"cBioPortal,COSMIC",,False,23.4,,,,neutral,neutral,neutral,DOWN,neutral,neutral,stabilizing,,,,98.46,H,0.0162,2.7354,-3.737,gain_of_function,-1.73467142825048,0.0002937080384783,Benign,0.1566,benign,https://doi.org/10.1101/2022.10.22.513328
L48M,-0.16747,0.8534,1.8819548143827,Neutral,Neutral,,,,0.2,,,0.221,COSMIC,,False,0.2,,,,neutral,neutral,neutral,-,uncertain,uncertain,uncertain,,,,98.47,H,-0.183,0.5004,-5.0287,loss_of_function,-0.0636445411065202,0.0103316515460827,Benign,0.6553,pathogenic,https://doi.org/10.1101/2022.10.22.513328
L48V,4.21988,1.4034,2.4662803381823344,Uncertain,Uncertain,,,,0.2,,,0.253,COSMIC,,False,0.2,,,,neutral,neutral,neutral,DOWN,neutral,neutral,neutral,,,,98.47,H,-0.2104,0.5004,-7.836,loss_of_function,-1.71525362860198,0.5133014721229908,Uncertain,0.9379,pathogenic,https://doi.org/10.1101/2022.10.22.513328
A49P,4.51009,9.24218,7.367322948717789,Destabilizing,Destabilizing,,,Uncertain,49.8,,,0.239,COSMIC,,False,49.8,,,,neutral,neutral,neutral,UP,neutral,neutral,stabilizing,,,,97.5,H,-0.078,3.3434,-7.2699,loss_of_function,-4.29499868265438,0.0123735024752243,Benign,0.9916,pathogenic,https://doi.org/10.1101/2022.10.22.513328
A49S,0.34838,1.1068,1.4305526286702377,Neutral,Neutral,,,Uncertain,49.8,,,0.154,COSMIC,,False,49.8,,,,neutral,neutral,neutral,-,uncertain,uncertain,uncertain,,,,97.5,H,0.0957,3.3434,-3.948,gain_of_function,-0.72750194367532,9.428345286643116e-05,Benign,0.1695,benign,https://doi.org/10.1101/2022.10.22.513328
A49T,-0.14555,-0.16837,1.100538250032014,Neutral,Neutral,,,Uncertain,49.8,6.38080653395e-05,0.0000000000000000,0.225,"cBioPortal,COSMIC",,False,49.8,,,,neutral,neutral,neutral,UP,neutral,neutral,stabilizing,,,,97.5,H,0.0952,3.3434,-2.8776,gain_of_function,-0.929445991100472,4.5579140919782095e-05,Benign,0.2449,benign,https://doi.org/10.1101/2022.10.22.513328
A49V,0.04662,-0.9449,-0.0630771900169585,Neutral,Neutral,,,Uncertain,49.8,,,0.232,"cBioPortal,COSMIC",,False,49.8,,,,neutral,neutral,neutral,UP,neutral,neutral,stabilizing,,,,97.5,H,0.0927,3.3434,-3.948,gain_of_function,-0.653532569504267,0.0002521923748636,Benign,0.4714,ambiguous,https://doi.org/10.1101/2022.10.22.513328
E50K,-0.59564,1.03299,0.0972424502392044,Neutral,Neutral,-0.01336,0.01746,Neutral,73.5,,,0.152,"cBioPortal,COSMIC",,False,73.5,,,,neutral,neutral,neutral,UP,neutral,neutral,stabilizing,,,,97.5,H,0.0038,2.6719,-2.5243,gain_of_function,-1.56867746647214,0.0023213856093311,Benign,0.8057,pathogenic,https://doi.org/10.1101/2022.10.22.513328
E50Q,-0.22177,0.29184,0.3151515600175436,Neutral,Neutral,-0.00736,0.02981,Neutral,73.5,,,0.153,COSMIC,,False,73.5,,,,neutral,neutral,neutral,UP,neutral,neutral,stabilizing,,,,97.5,H,0.0433,2.6719,-4.4743,gain_of_function,-1.3986011556786,0.0038489407885092,Benign,0.4169,ambiguous,https://doi.org/10.1101/2022.10.22.513328
H51P,5.33432,7.93333,7.183104849949413,Destabilizing,Destabilizing,0.15036,0.04361,Neutral,40.8,,,0.616,cBioPortal,,False,40.8,,,,neutral,neutral,neutral,DOWN,neutral,neutral,neutral,,,,97.73,H,-0.2961,1.7844,-22.2302,loss_of_function,-4.44586805223053,0.5228034804359696,Uncertain,0.9944,pathogenic,https://doi.org/10.1101/2022.10.22.513328
H51Y,-0.33379,-0.02959,-0.0010984489298176,Neutral,Neutral,0.1199,0.25191,Neutral,40.8,,,0.381,cBioPortal,,False,40.8,,,,neutral,neutral,neutral,UP,neutral,neutral,stabilizing,,,,97.73,H,-0.025,1.7844,-6.6206,loss_of_function,-2.11830406420314,0.0299485808222618,Benign,0.6892,pathogenic,https://doi.org/10.1101/2022.10.22.513328
Y52F,0.2343,-0.22653,0.4727113427537405,Neutral,Neutral,0.0081,-0.03533,Neutral,0.7,,,0.336,COSMIC,,False,0.7,,,,uncertain,,,-,uncertain,uncertain,uncertain,,,,97.71,H,-0.125,0.7109,-2.8103,loss_of_function,-2.33016421195306,0.0064869155575691,Benign,0.4813,ambiguous,https://doi.org/10.1101/2022.10.22.513328
K53R,-0.32742,-0.05272,-0.1566301174538398,Neutral,Neutral,-0.02676,0.06908,Neutral,53.3,,,0.072,"cBioPortal,COSMIC",,False,53.3,,,,neutral,neutral,neutral,-,uncertain,uncertain,uncertain,,,,95.08,T,0.0619,2.3912,-3.0386,gain_of_function,-0.723997475207766,4.530379270636939e-05,Benign,0.0844,benign,https://doi.org/10.1101/2022.10.22.513328
H54R,-0.86854,0.60782,-0.0428797790603852,Neutral,Neutral,-0.13492,-0.14802,Neutral,83.5,,,0.251,"cBioPortal,COSMIC",,False,83.5,,,,neutral,neutral,neutral,UP,neutral,neutral,neutral,,,,95.3,T,-0.046,2.211,-5.7755,loss_of_function,-3.24999207879255,0.056073703207031,Benign,0.8484,pathogenic,https://doi.org/10.1101/2022.10.22.513328
H54Y,-0.32661,-0.73469,-0.2876084491726177,Neutral,Neutral,-0.03544,0.00353,Neutral,83.5,,,0.509,"cBioPortal,COSMIC",,False,83.5,,,,neutral,neutral,neutral,UP,neutral,neutral,neutral,,,,95.3,T,0.0105,2.211,-7.3604,gain_of_function,-1.45995705144097,0.1222978212286653,Benign,0.571,pathogenic,https://doi.org/10.1101/2022.10.22.513328
H55L,-0.84319,0.33299,0.3307514623937685,Neutral,Neutral,1.50688,0.61363,Uncertain,42.3,,,0.710,COSMIC,,False,42.3,,,,neutral,neutral,neutral,UP,neutral,neutral,neutral,,,,96.81,S,-0.3292,0.1917,-22.2332,loss_of_function,-7.98200689578267,0.9972897652292136,Pathogenic,0.9988,pathogenic,https://doi.org/10.1101/2022.10.22.513328
H55N,0.31579,0.36122,1.316539401113667,Neutral,Neutral,0.37684,1.46567,Uncertain,42.3,,,0.605,COSMIC,,False,42.3,,,,neutral,neutral,neutral,DOWN,neutral,neutral,neutral,,,,96.81,S,-0.2861,0.1917,-22.2332,loss_of_function,-6.02973455311883,0.5699402449504325,Uncertain,0.9995,pathogenic,https://doi.org/10.1101/2022.10.22.513328
H55Q,0.55243,0.62449,1.4983893387229896,Neutral,Neutral,1.45618,1.29229,Destabilizing,42.3,,,0.474,COSMIC,,False,42.3,,,,neutral,neutral,neutral,DOWN,neutral,neutral,neutral,,,,96.81,S,-0.2476,0.1917,-22.2332,loss_of_function,-7.17559946591923,0.9865003991083944,Pathogenic,0.9997,pathogenic,https://doi.org/10.1101/2022.10.22.513328
H55R,0.12362,0.19116,0.8783194738019218,Neutral,Neutral,0.4468,0.36269,Neutral,42.3,,,0.711,cBioPortal,,False,42.3,,,,neutral,neutral,neutral,UP,neutral,neutral,neutral,,,,96.81,S,-0.2377,0.1917,-6.9454,loss_of_function,-4.77603068801872,0.9841074922056144,Pathogenic,0.9986,pathogenic,https://doi.org/10.1101/2022.10.22.513328
H55Y,-1.03381,-0.94388,0.0278002364273011,Neutral,Neutral,1.04434,0.54529,Uncertain,42.3,,,0.695,cBioPortal,,False,42.3,,,,neutral,neutral,neutral,UP,neutral,neutral,neutral,,,,96.81,S,-0.2512,0.1917,-22.2332,loss_of_function,-4.79174170218655,0.9945175306120676,Pathogenic,0.9967,pathogenic,https://doi.org/10.1101/2022.10.22.513328
W56C,4.35029,5.33776,4.956175353718334,Destabilizing,Destabilizing,-0.0546,0.31257,Neutral,0.2,,,0.736,"cBioPortal,COSMIC",,False,0.2,,,,neutral,neutral,neutral,DOWN,neutral,neutral,mixed_effects,,,,96.6,-,-0.5105,0.0212,-22.2332,loss_of_function,-8.13003232178334,0.9999225712377168,Pathogenic,0.9999,pathogenic,https://doi.org/10.1101/2022.10.22.513328
F57L,0.70243,2.33537,0.9847868196906736,Uncertain,Neutral,0.74814,-0.33213,Neutral,28.7,,,0.374,"cBioPortal,COSMIC",,False,28.7,,,,neutral,neutral,neutral,DOWN,neutral,neutral,neutral,,,,94.85,-,-0.2591,1.0463,-22.239,loss_of_function,-6.35395391005522,0.995522709834758,Pathogenic,0.9999,pathogenic,https://doi.org/10.1101/2022.10.22.513328
P58A,2.33269,2.03605,0.31549070098357,Uncertain,Uncertain,,,,14.6,,,0.644,"cBioPortal,COSMIC",,False,14.6,,,,neutral,neutral,neutral,DOWN,neutral,neutral,neutral,,,,93.85,T,-0.3125,0.1653,-22.2419,loss_of_function,-4.55314950099739,0.8793891427280943,Pathogenic,0.9324,pathogenic,https://doi.org/10.1101/2022.10.22.513328
P58L,1.27594,0.86054,-0.4098510028593805,Neutral,Neutral,,,,14.6,,0.0000039780412125,0.684,COSMIC,,False,14.6,,,,neutral,neutral,neutral,UP,neutral,neutral,destabilizing,,,,93.85,T,-0.3612,0.1653,-22.2419,loss_of_function,-4.29365947488761,0.6905369108342047,Pathogenic,0.9667,pathogenic,https://doi.org/10.1101/2022.10.22.513328
P58S,3.02514,2.2085,0.6261765867569438,Uncertain,Uncertain,,,,14.6,,,0.670,COSMIC,,False,14.6,,,,neutral,neutral,neutral,DOWN,neutral,neutral,neutral,,,,93.85,T,-0.3122,0.1653,-22.2419,loss_of_function,-4.52124718123153,0.9218805575635252,Pathogenic,0.9901,pathogenic,https://doi.org/10.1101/2022.10.22.513328
P58T,3.02148,1.75952,0.3920364947120291,Uncertain,Uncertain,,,,14.6,,,0.610,COSMIC,,False,14.6,,,,neutral,neutral,neutral,-,uncertain,uncertain,uncertain,,,,93.85,T,-0.2514,0.1653,-7.9541,loss_of_function,-4.31530014916183,0.5081282723701499,Uncertain,0.9724,pathogenic,https://doi.org/10.1101/2022.10.22.513328
E59D,0.99619,0.11497,0.5433475940080426,Neutral,Neutral,,,Uncertain,92.5,,,0.132,cBioPortal,,False,92.5,,,,neutral,neutral,neutral,DOWN,neutral,neutral,stabilizing,,,,92.78,T,-0.002,1.9488,-1.6596,loss_of_function,-0.720922867174653,5.329496226083689e-05,Benign,0.1117,benign,https://doi.org/10.1101/2022.10.22.513328
P61A,2.45147,1.78878,0.1166728994977861,Uncertain,Uncertain,0.00168,0.07519,Neutral,36.9,,,0.707,COSMIC,,False,36.9,,,,neutral,neutral,neutral,DOWN,neutral,neutral,neutral,,,,95.28,T,-0.3239,0.0419,-22.2448,loss_of_function,-6.49736130226878,0.9866970242258608,Pathogenic,0.9591,pathogenic,https://doi.org/10.1101/2022.10.22.513328
P61L,2.32488,2.24796,-0.6382918046240399,Uncertain,Uncertain,0.03462,0.11344,Neutral,36.9,,,0.759,"cBioPortal,COSMIC",,False,36.9,,,,neutral,neutral,neutral,UP,neutral,neutral,mixed_effects,,,,95.28,T,-0.3048,0.0419,-8.957,loss_of_function,-5.97130558996521,0.9888955353384088,Pathogenic,0.9977,pathogenic,https://doi.org/10.1101/2022.10.22.513328
P61S,2.94018,2.31667,0.4021284632016098,Uncertain,Uncertain,0.0128,0.05098,Neutral,36.9,,,0.789,"cBioPortal,COSMIC",,False,36.9,,,,neutral,neutral,neutral,DOWN,neutral,neutral,neutral,,,,95.28,T,-0.2557,0.0419,-8.957,loss_of_function,-4.8326122319643,0.2546781341485799,Benign,0.9925,pathogenic,https://doi.org/10.1101/2022.10.22.513328
C62F,-0.88825,-0.41259,-1.119408452107255,Neutral,Neutral,0.0272,-0.58155,Neutral,100.9,,,0.169,cBioPortal,,False,100.9,,,,neutral,neutral,neutral,UP,neutral,neutral,mixed_effects,,,,94.56,T,-0.1109,3.0217,-3.1242,loss_of_function,-0.736728902501048,0.0001625505249869,Benign,0.3079,benign,https://doi.org/10.1101/2022.10.22.513328
C62S,-0.08038,-0.69218,-0.4622376474098,Neutral,Neutral,0.1404,0.05209,Neutral,100.9,,,0.133,cBioPortal,,False,100.9,,,,neutral,neutral,neutral,DOWN,neutral,neutral,neutral,,,,94.56,T,-0.1085,3.0217,-3.2847,loss_of_function,-0.717436551564903,0.0003931767869675,Benign,0.317,benign,https://doi.org/10.1101/2022.10.22.513328
C62W,-0.90925,-0.91293,-1.569305352378253,Neutral,Neutral,0.0731,-0.87102,Neutral,100.9,,,0.175,COSMIC,,False,100.9,,,,neutral,neutral,neutral,UP,neutral,neutral,mixed_effects,,,,94.56,T,-0.2116,3.0217,-22.2448,loss_of_function,-2.69847383371258,0.1398727304149336,Benign,0.7718,pathogenic,https://doi.org/10.1101/2022.10.22.513328
C62Y,-0.73341,-0.62313,-0.9512185383833376,Neutral,Neutral,0.0939,-0.5957,Neutral,100.9,,,0.148,"cBioPortal,COSMIC",,False,100.9,,,,neutral,neutral,neutral,UP,neutral,neutral,mixed_effects,,,,94.56,T,-0.1183,3.0217,-2.7477,loss_of_function,-0.41868184656761,0.0067867567748729,Benign,0.6374,pathogenic,https://doi.org/10.1101/2022.10.22.513328
K63E,0.22312,0.04116,0.1133893876659053,Neutral,Neutral,3.11094,0.55713,Uncertain,64.7,,,0.442,cBioPortal,,False,64.7,,,,neutral,neutral,neutral,DOWN,neutral,neutral,neutral,,,,96.98,T,-0.2634,0.9125,-22.2419,loss_of_function,-4.59708422165749,0.9774179640468712,Pathogenic,0.9975,pathogenic,https://doi.org/10.1101/2022.10.22.513328
K63M,-0.56984,0.15918,-0.2131277183445484,Neutral,Neutral,2.03294,-0.09239,Uncertain,64.7,,,0.391,COSMIC,,False,64.7,,,,neutral,neutral,neutral,DOWN,neutral,neutral,neutral,,,,96.98,T,-0.2486,0.9125,-22.2419,loss_of_function,-5.64889197054911,0.9101680561363792,Pathogenic,0.9894,pathogenic,https://doi.org/10.1101/2022.10.22.513328
K63R,-0.03909,0.03878,-0.3048867437291086,Neutral,Neutral,0.82432,-0.2661,Neutral,64.7,,0.0000079577918719,0.085,COSMIC,,False,64.7,,,,neutral,neutral,neutral,-,uncertain,uncertain,uncertain,,,,96.98,T,-0.0692,0.9125,-2.0594,loss_of_function,-0.0865172835861831,0.0001769724507627,Benign,0.1439,benign,https://doi.org/10.1101/2022.10.22.513328
G64E,4.63084,0.70408,0.9331373118207948,Uncertain,Uncertain,7.00625,2.6072,Destabilizing,45.4,,,0.710,"cBioPortal,COSMIC",,False,45.4,,,,neutral,neutral,neutral,UP,neutral,neutral,stabilizing,,,,97.56,T,-0.3611,0.1008,-7.9541,loss_of_function,-2.11398713021626,0.5467197777192987,Uncertain,0.9999,pathogenic,https://doi.org/10.1101/2022.10.22.513328
G64R,4.32089,0.48299,1.0303826501501134,Uncertain,Uncertain,5.69036,2.48204,Destabilizing,45.4,,,0.716,cBioPortal,,False,45.4,,,,neutral,neutral,neutral,UP,neutral,neutral,stabilizing,,,,97.56,T,-0.3831,0.1008,-8.9541,loss_of_function,-7.94947932509936,0.9988478250632448,Pathogenic,0.9999,pathogenic,https://doi.org/10.1101/2022.10.22.513328
G66D,-0.11619,-0.81054,-0.8571470174705431,Neutral,Neutral,8.76158,1.67949,Destabilizing,105.9,,,0.380,"cBioPortal,COSMIC",,False,105.9,,,,neutral,neutral,neutral,UP,neutral,neutral,stabilizing,,,,98.15,T,-0.3108,0.6551,-7.9541,loss_of_function,-5.84425008227104,0.973104052589356,Pathogenic,0.9999,pathogenic,https://doi.org/10.1101/2022.10.22.513328
G66R,-0.16283,-0.14728,-0.975708596074032,Neutral,Neutral,19.04117,3.91107,Destabilizing,105.9,,,0.477,cBioPortal,,False,105.9,,,,neutral,neutral,neutral,UP,neutral,neutral,stabilizing,,,,98.15,T,-0.3999,0.6551,-22.2419,loss_of_function,-7.03418014879524,0.996608046080082,Pathogenic,0.9994,pathogenic,https://doi.org/10.1101/2022.10.22.513328
G66S,0.02022,-0.43163,-0.6404897835173001,Neutral,Neutral,5.63831,0.57077,Uncertain,105.9,,,0.410,COSMIC,,False,105.9,,,,neutral,neutral,neutral,UP,neutral,neutral,stabilizing,,,,98.15,T,-0.3293,0.6551,-22.2419,loss_of_function,-4.12194226935295,0.9084262663725812,Pathogenic,0.9916,pathogenic,https://doi.org/10.1101/2022.10.22.513328
G66V,-0.0536,-0.31973,-0.6298635112193879,Neutral,Neutral,6.99533,1.86479,Destabilizing,105.9,,,0.412,"cBioPortal,COSMIC",,False,105.9,,,,neutral,neutral,neutral,UP,neutral,neutral,stabilizing,,,,98.15,T,-0.3424,0.6551,-8.9541,loss_of_function,-7.03418014879524,0.9972937496357808,Pathogenic,0.9993,pathogenic,https://doi.org/10.1101/2022.10.22.513328
Y67H,3.37496,0.58503,1.2470563780063904,Uncertain,Uncertain,0.50786,0.29384,Neutral,45.9,,,0.671,cBioPortal,,False,45.9,,,,uncertain,,,DOWN,neutral,neutral,destabilizing,,,,98.42,T,-0.2777,0.8923,-22.2448,loss_of_function,-3.29018056272198,0.6538245857806344,Uncertain,0.9996,pathogenic,https://doi.org/10.1101/2022.10.22.513328
R68C,7.56321,2.53946,2.7826110497208187,Uncertain,Uncertain,1.07192,-0.05673,Uncertain,0.0,3.1849162367e-05,,0.637,cBioPortal,,False,0.0,,,,neutral,neutral,neutral,DOWN,neutral,neutral,neutral,,,,98.53,T,-0.4095,0.1006,-22.2448,loss_of_function,-8.00219327095604,0.9993433910087756,Pathogenic,0.9996,pathogenic,https://doi.org/10.1101/2022.10.22.513328
R68H,15.71954,3.87041,2.651184949520412,Destabilizing,Uncertain,1.37716,0.05228,Uncertain,0.0,,,0.658,cBioPortal,,False,0.0,,,,neutral,neutral,neutral,DOWN,neutral,neutral,neutral,,,,98.53,T,-0.2975,0.1006,-7.957,loss_of_function,-4.22603360193801,0.9994233556940544,Pathogenic,0.9997,pathogenic,https://doi.org/10.1101/2022.10.22.513328
R68L,6.66472,0.55442,0.9913970935107336,Uncertain,Uncertain,1.20124,-0.20888,Uncertain,0.0,,,0.743,cBioPortal,,False,0.0,,,,neutral,neutral,neutral,DOWN,neutral,neutral,neutral,,,,98.53,T,-0.3353,0.1006,-8.957,loss_of_function,-7.73278082481601,0.9971661777735472,Pathogenic,0.9997,pathogenic,https://doi.org/10.1101/2022.10.22.513328
C69W,5.83968,2.56156,-0.8188567377870004,Uncertain,Uncertain,7.91343,2.33797,Destabilizing,1.9,,,0.585,cBioPortal,,False,1.9,,,,neutral,neutral,neutral,UP,neutral,neutral,stabilizing,,,,98.41,E,-0.4793,0.1119,-22.2448,loss_of_function,-7.65730440497976,0.9988374535235296,Pathogenic,0.9999,pathogenic,https://doi.org/10.1101/2022.10.22.513328
C69Y,5.13019,4.27483,-0.3724627636117911,Destabilizing,Uncertain,3.98174,2.11912,Destabilizing,1.9,,,0.648,"cBioPortal,COSMIC",,False,1.9,,,,neutral,neutral,neutral,UP,neutral,neutral,stabilizing,,,,98.41,E,-0.4855,0.1119,-22.2448,loss_of_function,-7.65730440497976,0.972242178632052,Pathogenic,0.9999,pathogenic,https://doi.org/10.1101/2022.10.22.513328
I70F,3.39363,2.04184,1.2246271063500105,Uncertain,Uncertain,-0.02176,-0.15456,Neutral,2.2,,,0.559,COSMIC,,False,2.2,,,,neutral,neutral,neutral,UP,neutral,neutral,neutral,,,,98.6,E,-0.2932,1.0225,-22.2448,loss_of_function,-5.90973780695282,0.6496813629158364,Uncertain,0.9822,pathogenic,https://doi.org/10.1101/2022.10.22.513328
I70L,0.0754,0.76429,0.432632691782337,Neutral,Neutral,-0.05724,0.0473,Neutral,2.2,,,0.132,cBioPortal,,False,2.2,,,,neutral,neutral,neutral,-,uncertain,uncertain,uncertain,,,,98.6,E,-0.1167,1.0225,-2.5142,loss_of_function,-0.48259104654142,0.0003476642077873,Benign,0.3069,benign,https://doi.org/10.1101/2022.10.22.513328
I70T,3.13486,2.74014,2.535154604075186,Uncertain,Uncertain,0.08546,0.02981,Neutral,2.2,,,0.713,cBioPortal,,False,2.2,,,,neutral,neutral,neutral,DOWN,neutral,neutral,neutral,,,,98.6,E,-0.2218,1.0225,-8.957,loss_of_function,-5.66063383789556,0.9835905737477147,Pathogenic,0.999,pathogenic,https://doi.org/10.1101/2022.10.22.513328
I70V,1.39638,1.13741,0.7905561486775144,Neutral,Neutral,0.02024,-0.05793,Neutral,2.2,,,0.162,cBioPortal,,False,2.2,,,,neutral,neutral,neutral,DOWN,neutral,neutral,neutral,,,,98.6,E,-0.084,1.0225,-3.9127,loss_of_function,-1.11280959083426,0.0247063662741942,Benign,0.5024,ambiguous,https://doi.org/10.1101/2022.10.22.513328
R71C,1.37825,1.39456,1.488574627856671,Neutral,Neutral,1.56458,0.94086,Uncertain,65.4,,,0.669,cBioPortal,,False,65.4,,,,neutral,neutral,neutral,DOWN,neutral,neutral,stabilizing,,,,98.05,E,-0.308,1.2033,-22.2448,loss_of_function,-5.1121110920623,0.6034528209056753,Uncertain,0.9985,pathogenic,https://doi.org/10.1101/2022.10.22.513328
R71H,2.02835,0.77143,0.6585676735214482,Uncertain,Uncertain,2.12962,1.03579,Destabilizing,65.4,,,0.573,COSMIC,,False,65.4,,,,neutral,neutral,neutral,DOWN,neutral,neutral,stabilizing,,,,98.05,E,-0.1653,1.2033,-1.9347,loss_of_function,-1.75294728123521,0.5057332997352424,Uncertain,0.9972,pathogenic,https://doi.org/10.1101/2022.10.22.513328
I72T,3.66964,3.03095,3.4088045445029267,Destabilizing,Destabilizing,0.3672,0.35939,Neutral,0.1,,,0.694,COSMIC,,False,0.1,,,,neutral,neutral,neutral,DOWN,neutral,neutral,neutral,,,,97.47,E,-0.1825,1.274,-5.7872,loss_of_function,-3.75246820384875,0.1461201464847786,Benign,0.9989,pathogenic,https://doi.org/10.1101/2022.10.22.513328
N73K,0.61877,1.62789,0.3179425211478448,Neutral,Neutral,-0.32068,-0.03397,Neutral,47.9,,,0.424,COSMIC,,False,47.9,,,,neutral,neutral,neutral,UP,neutral,neutral,neutral,,,,94.92,S,-0.2284,1.1276,-22.2448,loss_of_function,-7.3661273520343,0.8678156369202872,Pathogenic,0.9996,pathogenic,https://doi.org/10.1101/2022.10.22.513328
K75N,0.63481,0.05136,0.0963941350065805,Neutral,Neutral,0.71096,0.0882,Neutral,86.7,,,0.215,"cBioPortal,COSMIC",,True,86.7,,,,neutral,neutral,neutral,DOWN,neutral,neutral,stabilizing,,,,96.19,S,-0.0802,1.9513,-6.3721,loss_of_function,-2.53749808117763,0.0058404702897751,Benign,0.9503,pathogenic,https://doi.org/10.1101/2022.10.22.513328
M76I,1.66011,1.35272,-0.1295056889591772,Neutral,Neutral,0.0171,-0.01972,Neutral,6.1,,,0.367,COSMIC,,True,6.1,,,,neutral,neutral,neutral,-,uncertain,uncertain,uncertain,,,,97.44,-,-0.0769,1.6777,-5.056,loss_of_function,-1.47771764963372,0.0194984307513165,Benign,0.9833,pathogenic,https://doi.org/10.1101/2022.10.22.513328
D77H,3.41243,1.51361,0.1368231130293323,Uncertain,Uncertain,0.9609,0.71704,Neutral,12.7,,,0.742,COSMIC,,True,12.7,,,,neutral,neutral,neutral,UP,neutral,neutral,neutral,,,,98.33,-,-0.3472,0.1186,-22.2506,loss_of_function,-6.44775638151044,0.9179343093526172,Pathogenic,0.9987,pathogenic,https://doi.org/10.1101/2022.10.22.513328
D77N,2.86713,1.58163,0.5386059879118626,Uncertain,Uncertain,-0.39778,0.81052,Neutral,12.7,,,0.607,"cBioPortal,COSMIC",,True,12.7,,,,neutral,neutral,neutral,-,uncertain,uncertain,uncertain,,,,98.33,-,-0.3045,0.1186,-22.2506,loss_of_function,-3.73483201388973,0.9844764644734548,Pathogenic,0.999,pathogenic,https://doi.org/10.1101/2022.10.22.513328
D77Y,2.63684,0.59728,0.1408618211368195,Uncertain,Uncertain,0.80186,0.96952,Neutral,12.7,,,0.721,cBioPortal,,True,12.7,,,,neutral,neutral,neutral,UP,neutral,neutral,neutral,,,,98.33,-,-0.3828,0.1186,-22.2506,loss_of_function,-7.36828897913947,0.9994620006706209,Pathogenic,0.9988,pathogenic,https://doi.org/10.1101/2022.10.22.513328
P78L,1.40687,1.12143,-0.6652052281758281,Neutral,Neutral,0.03738,0.19419,Neutral,75.8,,,0.711,"cBioPortal,COSMIC",,True,75.8,,,,neutral,neutral,neutral,UP,neutral,neutral,neutral,,,,98.02,H,-0.2897,0.206,-8.9628,loss_of_function,-4.54111768141068,0.7814843688786319,Pathogenic,0.9718,pathogenic,https://doi.org/10.1101/2022.10.22.513328
L79M,0.04657,0.77143,1.6612748717295989,Neutral,Neutral,-0.04614,-0.02262,Neutral,16.6,,,0.346,cBioPortal,,True,16.6,,,,neutral,neutral,neutral,-,uncertain,uncertain,uncertain,,,,98.54,H,-0.0882,1.749,-8.9599,loss_of_function,-3.03343011138201,0.4182658542072993,Uncertain,0.5263,ambiguous,https://doi.org/10.1101/2022.10.22.513328
I80L,-0.30701,0.80544,0.6692089227720172,Neutral,Neutral,2e-05,-0.2708,Neutral,0.0,,,0.085,"cBioPortal,COSMIC",,True,0.0,,,,neutral,neutral,neutral,-,uncertain,uncertain,uncertain,,,,98.48,H,-0.0882,1.3975,-3.6746,loss_of_function,-1.2247063328619,0.0007361762088301,Benign,0.4663,ambiguous,https://doi.org/10.1101/2022.10.22.513328
G81E,-1.55577,-1.15578,-0.5708238951100519,Neutral,Neutral,,,Uncertain,32.2,,,0.395,"cBioPortal,COSMIC",,False,32.2,,,,neutral,neutral,neutral,UP,neutral,neutral,neutral,,,,98.1,H,-0.12,2.3689,-1.6025,loss_of_function,-1.79916929122883,0.0005525988238672,Benign,0.9062,pathogenic,https://doi.org/10.1101/2022.10.22.513328
G81R,-1.09314,-0.97075,-1.24378172264352,Neutral,Neutral,,,Uncertain,32.2,,,0.408,"cBioPortal,COSMIC",,False,32.2,,,,neutral,neutral,neutral,UP,neutral,neutral,neutral,,,,98.1,H,-0.1694,2.3689,-7.9599,loss_of_function,-3.17142616537188,0.010308521384244,Benign,0.9177,pathogenic,https://doi.org/10.1101/2022.10.22.513328
Q82K,-0.03112,-0.01667,-0.2540029603999061,Neutral,Neutral,,,Uncertain,57.9,,,0.143,COSMIC,,False,57.9,,,,neutral,neutral,neutral,UP,neutral,neutral,neutral,,,,98.27,H,-0.0206,2.249,-1.5734,loss_of_function,-0.166573346671401,7.77083577091579e-06,Benign,0.122,benign,https://doi.org/10.1101/2022.10.22.513328
Q82L,-0.13865,-0.44626,-0.7057153260316362,Neutral,Neutral,,,Uncertain,57.9,,,0.253,cBioPortal,,False,57.9,,,,neutral,neutral,neutral,UP,neutral,neutral,neutral,,,,98.27,H,-0.0142,2.249,-3.0991,loss_of_function,-2.1128092413054,0.0064459824140221,Benign,0.2155,benign,https://doi.org/10.1101/2022.10.22.513328
A83E,15.2864,10.69286,6.4971478294913565,Destabilizing,Destabilizing,,,,0.0,,,0.787,COSMIC,,False,0.0,,,,neutral,neutral,neutral,UP,neutral,neutral,neutral,,,,98.43,H,-0.3788,0.317,-22.2448,loss_of_function,-7.71598397511418,0.9943199261908644,Pathogenic,0.9988,pathogenic,https://doi.org/10.1101/2022.10.22.513328
A83T,2.87871,2.6619,2.6355865960670286,Uncertain,Uncertain,,,,0.0,,0.0000039773450426,0.556,"cBioPortal,COSMIC",,False,0.0,,,,neutral,neutral,neutral,UP,neutral,neutral,neutral,,,,98.43,H,-0.2821,0.317,-22.2448,loss_of_function,-3.46917388108888,0.3999011576736833,Uncertain,0.9791,pathogenic,https://doi.org/10.1101/2022.10.22.513328
A84E,6.74063,5.47993,3.525815329880561,Destabilizing,Destabilizing,,,,0.4,,,0.517,cBioPortal,,False,0.4,,,,neutral,neutral,neutral,UP,neutral,neutral,neutral,,,,97.86,H,-0.3015,1.1569,-22.2448,loss_of_function,-7.26674963099366,0.9777427415918476,Pathogenic,0.9991,pathogenic,https://doi.org/10.1101/2022.10.22.513328
A84P,7.73076,11.06224,6.333478945841251,Destabilizing,Destabilizing,,,,0.4,,,0.665,COSMIC,,False,0.4,,,,neutral,neutral,neutral,UP,neutral,neutral,neutral,,,,97.86,H,-0.3556,1.1569,-22.2448,loss_of_function,-7.26674963099366,0.9753822040525452,Pathogenic,0.9989,pathogenic,https://doi.org/10.1101/2022.10.22.513328
A84T,0.9851,3.03231,1.413135135339182,Uncertain,Neutral,,,,0.4,,,0.451,"cBioPortal,COSMIC",,False,0.4,,,,neutral,neutral,neutral,UP,neutral,neutral,neutral,,,,97.86,H,-0.137,1.1569,-8.957,loss_of_function,-3.17332793516247,0.2337219376360611,Benign,0.9741,pathogenic,https://doi.org/10.1101/2022.10.22.513328
A84V,2.33694,3.03878,0.905085924704751,Uncertain,Uncertain,,,,0.4,,,0.438,"cBioPortal,COSMIC",,False,0.4,,,,neutral,neutral,neutral,UP,neutral,neutral,neutral,,,,97.86,H,-0.2019,1.1569,-22.2448,loss_of_function,-4.87842045539384,0.1629971815828987,Benign,0.9863,pathogenic,https://doi.org/10.1101/2022.10.22.513328
Q85P,3.57681,6.75714,5.577563824859735,Destabilizing,Destabilizing,,,Uncertain,78.6,,,0.195,COSMIC,,False,78.6,,,,neutral,neutral,neutral,DOWN,neutral,neutral,neutral,,,,97.46,H,-0.1605,3.4017,-22.2419,loss_of_function,-2.7770642858203,0.5972679377926509,Uncertain,0.9197,pathogenic,https://doi.org/10.1101/2022.10.22.513328
R86W,1.12479,0.20782,-0.2616026400065463,Neutral,Neutral,,,Uncertain,58.0,,,0.383,cBioPortal,,True,58.0,,,,neutral,neutral,neutral,UP,neutral,neutral,neutral,,,,96.64,T,-0.1542,2.9712,-22.2419,loss_of_function,-3.70721639633549,0.80198627108148,Pathogenic,0.566,pathogenic,https://doi.org/10.1101/2022.10.22.513328
I87N,4.40846,2.75782,3.038787904606034,Uncertain,Destabilizing,,,,5.0,,,0.595,COSMIC,,True,5.0,,,,neutral,neutral,neutral,DOWN,neutral,neutral,stabilizing,,,,96.9,T,-0.2786,2.0084,-22.2448,loss_of_function,-5.87493403243674,0.6244773603820775,Uncertain,0.9667,pathogenic,https://doi.org/10.1101/2022.10.22.513328
S90N,0.09483,0.97721,0.2388822040585542,Neutral,Neutral,-0.0304,-0.19624,Neutral,66.5,,,0.030,COSMIC,P,True,66.5,-1.486,,,damaging,neutral,potentially_damaging,UP,neutral,neutral,neutral,,,,94.68,-,0.0334,2.6453,-4.0531,gain_of_function,-0.611483229664367,0.0006590478611831,Benign,0.2199,benign,https://doi.org/10.1101/2022.10.22.513328
S90R,1.39317,1.42075,0.2203112191538714,Neutral,Neutral,-0.00684,0.02701,Neutral,66.5,,,0.287,cBioPortal,P,True,66.5,-1.486,,,damaging,neutral,potentially_damaging,UP,neutral,neutral,neutral,,,,94.68,-,-0.0581,2.6453,-7.9599,loss_of_function,-1.45739990593713,0.0173788362347728,Benign,0.8783,pathogenic,https://doi.org/10.1101/2022.10.22.513328
S91I,-1.81879,-1.00238,-0.9481945992192476,Neutral,Neutral,-0.0585,-0.01634,Neutral,67.5,,,0.137,"cBioPortal,COSMIC",,True,67.5,,,,uncertain,,,UP,neutral,neutral,neutral,,,,92.3,H,0.0717,3.6005,-2.2321,gain_of_function,-0.374919475358626,0.0002627504603746,Benign,0.2159,benign,https://doi.org/10.1101/2022.10.22.513328
Q92E,-1.00311,-0.76088,-0.1522619767039473,Neutral,Neutral,-0.12608,0.19195,Neutral,81.9,,,0.224,cBioPortal,,True,81.9,,,,neutral,neutral,neutral,DOWN,neutral,neutral,neutral,,,,94.26,H,0.075,2.9846,-1.5937,gain_of_function,-0.590389849121985,2.532825875948269e-05,Benign,0.0803,benign,https://doi.org/10.1101/2022.10.22.513328
E93D,0.00357,-0.03231,0.6068661455769538,Neutral,Neutral,0.00564,-0.15195,Neutral,47.2,,,0.072,"cBioPortal,COSMIC",,True,47.2,,,,neutral,neutral,neutral,DOWN,neutral,neutral,destabilizing,,,,95.63,H,0.0768,2.8207,-1.9266,gain_of_function,-0.27090727604789,0.0001019347167067,Benign,0.1662,benign,https://doi.org/10.1101/2022.10.22.513328
L94R,5.49868,3.68571,4.479082674210269,Destabilizing,Destabilizing,0.05452,-0.07242,Neutral,0.5,,,0.816,COSMIC,,True,0.5,,,,neutral,neutral,neutral,UP,neutral,neutral,neutral,,,,96.48,H,-0.3167,1.2523,-8.9599,loss_of_function,-7.50607708554403,0.9545522505961892,Pathogenic,0.991,pathogenic,https://doi.org/10.1101/2022.10.22.513328
L94V,2.87893,1.9415,2.813336187058133,Uncertain,Uncertain,0.00756,-0.12635,Neutral,0.5,,,0.334,"cBioPortal,COSMIC",,True,0.5,,,,neutral,neutral,neutral,DOWN,neutral,neutral,destabilizing,,,,96.48,H,-0.1105,1.2523,-1.8205,loss_of_function,-0.947266266606399,0.0116104252619326,Benign,0.3334,benign,https://doi.org/10.1101/2022.10.22.513328
F95L,0.42731,0.99422,1.4657593743537225,Neutral,Neutral,0.32476,0.12045,Neutral,35.6,,,0.115,cBioPortal,,True,35.6,,,,neutral,neutral,neutral,DOWN,neutral,neutral,neutral,,,,96.05,H,-0.0489,2.3397,-4.3833,loss_of_function,-1.41737499800156,0.0004705538288522,Benign,0.9841,pathogenic,https://doi.org/10.1101/2022.10.22.513328
R96S,-0.03148,0.36156,0.720976598455699,Neutral,Neutral,0.12876,0.1462,Neutral,71.8,,,0.127,COSMIC,,False,71.8,,,,neutral,neutral,neutral,DOWN,neutral,neutral,neutral,,,,95.92,H,-0.0171,3.1954,-2.7893,loss_of_function,-0.520250768430196,,,0.2138,benign,https://doi.org/10.1101/2022.10.22.513328
P99Q,3.05436,1.56156,0.6860643150437531,Uncertain,Uncertain,0.0,-0.10015,Neutral,16.9,,,0.848,"cBioPortal,COSMIC",,False,16.9,,,,neutral,neutral,neutral,UP,neutral,neutral,stabilizing,,,,96.34,-,-0.3542,0.021,-22.2477,loss_of_function,-7.87969295114757,0.9713455651348204,Pathogenic,0.9998,pathogenic,https://doi.org/10.1101/2022.10.22.513328
E101D,0.03822,0.83571,0.2941368796614008,Neutral,Neutral,0.73992,0.46696,Neutral,43.1,,,0.435,"cBioPortal,COSMIC",,True,43.1,,,,neutral,neutral,neutral,DOWN,neutral,neutral,neutral,,,,97.32,S,-0.1204,0.7186,-2.6746,loss_of_function,-3.18415141696585,0.0454349713854811,Benign,0.9984,pathogenic,https://doi.org/10.1101/2022.10.22.513328
E101K,-0.42488,0.99524,-0.0560574378571243,Neutral,Neutral,0.67296,0.67701,Neutral,43.1,,,0.645,"cBioPortal,COSMIC",,True,43.1,,,,neutral,neutral,neutral,UP,neutral,neutral,neutral,,,,97.32,S,-0.2007,0.7186,-7.375,loss_of_function,-5.1858116933656,0.5621085680502976,Uncertain,0.9993,pathogenic,https://doi.org/10.1101/2022.10.22.513328
L102F,1.5373,0.34422,1.0517202345129195,Neutral,Neutral,0.01976,-0.0112,Neutral,0.0,,,0.585,COSMIC,,True,0.0,,,,neutral,neutral,neutral,UP,neutral,neutral,neutral,,,,98.01,E,-0.2553,0.1692,-6.1526,loss_of_function,-3.77471913821705,0.0207832113046738,Benign,0.9342,pathogenic,https://doi.org/10.1101/2022.10.22.513328
L102I,2.58803,2.11122,1.3582668787665657,Uncertain,Uncertain,0.0119,-0.28613,Neutral,0.0,,,0.320,cBioPortal,,True,0.0,,,,neutral,neutral,neutral,-,uncertain,uncertain,uncertain,,,,98.01,E,-0.2103,0.1692,-8.9599,loss_of_function,-3.14548359370512,0.2162372078799081,Benign,0.9096,pathogenic,https://doi.org/10.1101/2022.10.22.513328
L102P,8.13096,7.10578,7.572965929636571,Destabilizing,Destabilizing,-0.02356,0.2074,Neutral,0.0,,,0.848,cBioPortal,,True,0.0,,,,neutral,neutral,neutral,DOWN,neutral,neutral,stabilizing,,,,98.01,E,-0.4196,0.1692,-8.9599,loss_of_function,-6.6551619829043,0.9973083646507784,Pathogenic,0.9999,pathogenic,https://doi.org/10.1101/2022.10.22.513328
L102V,2.6957,1.74252,1.761118072380197,Uncertain,Uncertain,-0.00416,-0.02286,Neutral,0.0,,,0.464,COSMIC,,True,0.0,,,,neutral,neutral,neutral,DOWN,neutral,neutral,stabilizing,,,,98.01,E,-0.3144,0.1692,-22.2477,loss_of_function,-3.34533214680035,0.4767502990907504,Uncertain,0.9508,pathogenic,https://doi.org/10.1101/2022.10.22.513328
T103I,-0.64504,-0.79388,-1.4160962206543408,Neutral,Neutral,-0.40802,0.30332,Neutral,14.3,,,0.715,cBioPortal,,True,14.3,,,,uncertain,,,UP,neutral,neutral,neutral,,,,98.37,E,-0.178,1.1184,-8.9599,loss_of_function,-4.6525855933879,0.3559946956857526,Uncertain,0.9995,pathogenic,https://doi.org/10.1101/2022.10.22.513328
T103S,1.84463,1.37959,0.4118253972708968,Neutral,Neutral,0.26692,0.42422,Neutral,14.3,,,0.433,cBioPortal,,True,14.3,,,,neutral,,,DOWN,neutral,neutral,neutral,,,,98.37,E,-0.0798,1.1184,-1.8939,loss_of_function,-3.16699667811735,0.1619156284031207,Benign,0.9929,pathogenic,https://doi.org/10.1101/2022.10.22.513328
L104H,4.64243,3.99252,3.58611117825446,Destabilizing,Destabilizing,0.00434,0.00798,Neutral,0.0,,,0.782,"cBioPortal,COSMIC",,True,0.0,,,,neutral,neutral,neutral,DOWN,neutral,neutral,neutral,,,,98.53,E,-0.3054,1.7017,-22.2477,loss_of_function,-6.23918616140557,0.9762808867574568,Pathogenic,0.9997,pathogenic,https://doi.org/10.1101/2022.10.22.513328
W105R,0.60753,2.93605,1.3775675226693795,Uncertain,Neutral,2.10686,1.57367,Destabilizing,21.5,,,0.793,cBioPortal,,True,21.5,,,,neutral,neutral,neutral,DOWN,neutral,neutral,stabilizing,,,,98.58,E,-0.5604,0.0001,-22.2448,loss_of_function,-8.15553762739899,0.995026126035528,Pathogenic,1.0,pathogenic,https://doi.org/10.1101/2022.10.22.513328
W105S,2.57116,3.72449,2.344650374240543,Uncertain,Uncertain,1.7942,1.7822,Destabilizing,21.5,,,0.713,COSMIC,,True,21.5,,,,neutral,neutral,neutral,DOWN,neutral,neutral,stabilizing,,,,98.58,E,-0.5747,0.0001,-22.2448,loss_of_function,-6.14157020210389,0.9593613979139938,Pathogenic,0.9999,pathogenic,https://doi.org/10.1101/2022.10.22.513328
V106I,-0.63253,0.91463,0.5625104011356907,Neutral,Neutral,-0.01694,-0.16792,Neutral,0.0,,,0.118,cBioPortal,,True,0.0,,,,neutral,neutral,neutral,UP,neutral,neutral,neutral,,,,98.52,E,-0.0802,1.0769,-1.2292,loss_of_function,-1.22221830148692,0.0001599826302421,Benign,0.2882,benign,https://doi.org/10.1101/2022.10.22.513328
D107H,4.89361,0.92653,0.8138750269545464,Uncertain,Uncertain,0.87124,-0.0984,Neutral,14.4,,,0.789,cBioPortal,,True,14.4,,,,neutral,neutral,neutral,UP,neutral,neutral,neutral,,,,97.87,E,-0.2864,0.042,-8.9541,loss_of_function,-8.14592398857874,0.9993935162472408,Pathogenic,0.9996,pathogenic,https://doi.org/10.1101/2022.10.22.513328
D107Y,8.58256,-0.56293,0.991345127837216,Uncertain,Uncertain,1.90972,0.233,Uncertain,14.4,,,0.763,"cBioPortal,COSMIC",,True,14.4,,,,neutral,neutral,neutral,UP,neutral,neutral,neutral,,,,97.87,E,-0.3898,0.042,-22.2419,loss_of_function,-8.14592398857874,0.9994609203933218,Pathogenic,0.9993,pathogenic,https://doi.org/10.1101/2022.10.22.513328
V111E,8.08216,7.56395,4.6907450266115145,Destabilizing,Destabilizing,-0.09042,-0.02756,Neutral,0.0,,,0.836,cBioPortal,,False,0.0,,,,neutral,neutral,neutral,-,uncertain,uncertain,uncertain,,,,98.45,E,-0.473,0.021,-22.2448,loss_of_function,-8.16733895558612,0.9994184537343948,Pathogenic,0.9994,pathogenic,https://doi.org/10.1101/2022.10.22.513328
V111L,2.37198,4.08469,1.844872107026116,Uncertain,Uncertain,-0.01028,0.10396,Neutral,0.0,,,0.630,COSMIC,,False,0.0,,,,neutral,neutral,neutral,UP,neutral,neutral,neutral,,,,98.45,E,-0.3497,0.021,-22.2448,loss_of_function,-4.7874125345313,0.9974181822912278,Pathogenic,0.9997,pathogenic,https://doi.org/10.1101/2022.10.22.513328
V111M,6.62907,5.30646,3.05385607132512,Destabilizing,Destabilizing,-0.00646,0.05142,Neutral,0.0,,,0.657,cBioPortal,,False,0.0,,,,neutral,neutral,neutral,UP,neutral,neutral,neutral,,,,98.45,E,-0.3588,0.021,-22.2448,loss_of_function,-4.41594627940968,0.999929933765734,Pathogenic,0.9997,pathogenic,https://doi.org/10.1101/2022.10.22.513328
S112F,-1.7206,-1.81224,-0.7299904521179323,Neutral,Neutral,0.60086,0.98052,Neutral,6.4,,,0.821,cBioPortal,,False,6.4,,,,uncertain,,,UP,neutral,neutral,stabilizing,,,,98.51,E,-0.3141,0.4838,-22.2448,loss_of_function,-6.81186423467177,0.981958330813372,Pathogenic,0.9993,pathogenic,https://doi.org/10.1101/2022.10.22.513328
S112P,0.21119,2.42857,4.545176590105389,Uncertain,Uncertain,0.2901,-0.01814,Neutral,6.4,,,0.803,cBioPortal,,False,6.4,,,,uncertain,,,UP,neutral,neutral,stabilizing,,,,98.51,E,-0.3894,0.4838,-22.2448,loss_of_function,-7.62606777404948,0.9667565135334956,Pathogenic,0.9998,pathogenic,https://doi.org/10.1101/2022.10.22.513328
R114I,1.29432,0.41565,0.2096265152636511,Neutral,Neutral,0.10214,-0.12972,Neutral,31.9,,,0.719,cBioPortal,,False,31.9,,,,neutral,neutral,neutral,DOWN,neutral,neutral,stabilizing,,,,98.43,E,-0.3595,0.8671,-22.2419,loss_of_function,-7.33182943036455,0.9935695030052084,Pathogenic,0.9999,pathogenic,https://doi.org/10.1101/2022.10.22.513328
R114K,-0.3743,0.47993,0.773132808013835,Neutral,Neutral,0.66548,0.02496,Neutral,31.9,,,0.581,"cBioPortal,COSMIC",,False,31.9,,,,neutral,neutral,neutral,-,uncertain,uncertain,uncertain,,,,98.43,E,-0.2203,0.8671,-22.2419,loss_of_function,-3.37906581166958,0.2514741639302101,Benign,0.9955,pathogenic,https://doi.org/10.1101/2022.10.22.513328
I115F,1.58317,1.62075,0.7303794483665546,Neutral,Neutral,-0.00016,-0.25738,Neutral,45.6,,,0.548,"cBioPortal,COSMIC",,False,45.6,,,,neutral,neutral,neutral,UP,neutral,neutral,neutral,,,,97.39,E,-0.2518,0.485,-4.4306,loss_of_function,-2.91113978714503,0.0205754782767266,Benign,0.9641,pathogenic,https://doi.org/10.1101/2022.10.22.513328
I115V,1.05211,0.22789,0.4470769610114344,Neutral,Neutral,-0.00206,-0.10653,Neutral,45.6,,,0.334,cBioPortal,,False,45.6,,,,neutral,neutral,neutral,DOWN,neutral,neutral,neutral,,,,97.39,E,-0.1592,0.485,-8.9541,loss_of_function,-3.34850538182086,0.1980462035394151,Benign,0.9201,pathogenic,https://doi.org/10.1101/2022.10.22.513328
E117D,0.08418,0.08946,0.0164452934571368,Neutral,Neutral,0.09236,-0.1229,Neutral,87.6,,,0.301,cBioPortal,,False,87.6,,,,neutral,neutral,neutral,DOWN,neutral,neutral,stabilizing,,,,91.97,T,-0.1829,0.1957,-5.4918,loss_of_function,-0.475144098881175,0.0273787368014435,Benign,0.9903,pathogenic,https://doi.org/10.1101/2022.10.22.513328
D118G,0.13918,0.70136,0.6209341164025003,Neutral,Neutral,0.4166,0.09324,Neutral,116.4,,,0.335,"cBioPortal,COSMIC",,False,116.4,,,,neutral,neutral,neutral,DOWN,neutral,neutral,stabilizing,,,,93.9,T,-0.1072,1.9535,-7.9512,loss_of_function,-3.5664301906477,0.4787387417969795,Uncertain,0.9867,pathogenic,https://doi.org/10.1101/2022.10.22.513328
G119C,3.42373,1.24932,1.9166141038218936,Uncertain,Uncertain,0.0048,-0.0211,Neutral,45.9,,,0.722,cBioPortal,,False,45.9,,,,neutral,neutral,neutral,UP,neutral,neutral,neutral,,,,95.56,-,-0.433,0.1125,-22.2361,loss_of_function,-4.09718096868137,0.8254174454052361,Pathogenic,0.9997,pathogenic,https://doi.org/10.1101/2022.10.22.513328
G119D,4.83215,6.27075,1.2558379140379416,Destabilizing,Uncertain,-0.18298,-0.10372,Neutral,45.9,,,0.719,"cBioPortal,COSMIC",,False,45.9,,,,neutral,neutral,neutral,UP,neutral,neutral,neutral,,,,95.56,-,-0.4336,0.1125,-22.2361,loss_of_function,-3.98485147101779,0.9984951496565856,Pathogenic,0.9999,pathogenic,https://doi.org/10.1101/2022.10.22.513328
G119V,11.09394,2.38061,2.146232141286281,Uncertain,Uncertain,-0.00806,-0.15796,Neutral,45.9,,,0.722,COSMIC,,False,45.9,,,,neutral,neutral,neutral,UP,neutral,neutral,neutral,,,,95.56,-,-0.4601,0.1125,-22.2361,loss_of_function,-6.65450977864165,0.9763644707775484,Pathogenic,0.9999,pathogenic,https://doi.org/10.1101/2022.10.22.513328
I121L,0.06147,0.7619,0.3314554349379361,Neutral,Neutral,0.10558,-0.52803,Neutral,59.6,,,0.301,COSMIC,,False,59.6,,,,neutral,neutral,neutral,-,uncertain,uncertain,uncertain,,,,97.38,-,-0.1196,1.348,-8.9482,loss_of_function,-3.21464644741962,0.4885438446452954,Uncertain,0.9798,pathogenic,https://doi.org/10.1101/2022.10.22.513328
I121M,0.28408,1.25442,0.9415088404832186,Neutral,Neutral,0.2012,-0.01016,Neutral,59.6,,,0.307,COSMIC,,False,59.6,,,,neutral,neutral,neutral,-,uncertain,uncertain,uncertain,,,,97.38,-,-0.1931,1.348,-22.2361,loss_of_function,-3.57479685544656,0.8275498283166589,Pathogenic,0.9871,pathogenic,https://doi.org/10.1101/2022.10.22.513328
I121T,1.23985,1.32585,1.7185404423937636,Neutral,Neutral,0.11428,0.29881,Neutral,59.6,,,0.749,cBioPortal,,False,59.6,,,,neutral,neutral,neutral,DOWN,neutral,neutral,stabilizing,,,,97.38,-,-0.1742,1.348,-5.4889,loss_of_function,-2.14054368304305,0.014547103111033,Benign,0.9815,pathogenic,https://doi.org/10.1101/2022.10.22.513328
C122F,-0.68162,-1.57993,-0.8338178494478693,Neutral,Neutral,-0.01716,0.0,Neutral,49.6,,,0.756,"cBioPortal,COSMIC",,False,49.6,,,,neutral,neutral,neutral,UP,neutral,neutral,stabilizing,,,,97.57,E,-0.2972,1.3205,-8.9482,loss_of_function,-3.14000216690034,0.0837184000047522,Benign,0.9925,pathogenic,https://doi.org/10.1101/2022.10.22.513328
C122Y,-0.54932,-1.5034,-0.8423854481257603,Neutral,Neutral,0.00034,0.0,Neutral,49.6,,,0.757,COSMIC,,False,49.6,,,,neutral,neutral,neutral,UP,neutral,neutral,stabilizing,,,,97.57,E,-0.3065,1.3205,-8.9482,loss_of_function,-3.35981054833882,0.3122721272682168,Benign,0.9989,pathogenic,https://doi.org/10.1101/2022.10.22.513328
Y125C,1.67322,2.4585,2.925367654410756,Uncertain,Uncertain,0.00562,0.33987,Neutral,35.9,,,0.685,cBioPortal,,True,35.9,,,,uncertain,,,DOWN,neutral,neutral,mixed_effects,,,,97.75,E,-0.3029,0.5059,-7.8917,loss_of_function,-2.67240548361633,0.979763660316123,Pathogenic,0.9517,pathogenic,https://doi.org/10.1101/2022.10.22.513328
E126K,-1.1813,-0.30782,0.4657299488063071,Neutral,Neutral,-0.04624,-0.11868,Neutral,79.9,,,0.247,cBioPortal,,True,79.9,,,,neutral,neutral,neutral,UP,neutral,neutral,stabilizing,,,,96.1,E,-0.0977,1.7269,-5.377,loss_of_function,-2.27986219936727,0.0079104601478017,Benign,0.9148,pathogenic,https://doi.org/10.1101/2022.10.22.513328
A127V,0.81904,0.08163,0.0853952775465199,Neutral,Neutral,0.00246,0.10535,Neutral,40.0,,,0.174,"cBioPortal,COSMIC",,True,40.0,,,,neutral,neutral,neutral,UP,neutral,neutral,stabilizing,,,,93.59,-,-0.0096,2.426,-7.4511,loss_of_function,-3.23784946075088,0.0447439608920874,Benign,0.5324,ambiguous,https://doi.org/10.1101/2022.10.22.513328
A130E,-0.07873,0.29456,-0.7046366153191891,Neutral,Neutral,,,Uncertain,113.7,,,0.054,cBioPortal,,True,113.7,,,,neutral,neutral,neutral,UP,neutral,neutral,mixed_effects,,,,67.04,T,-0.0542,2.8995,-5.1997,loss_of_function,-0.665159915450745,0.0002170160080576,Benign,0.2185,benign,https://doi.org/10.1101/2022.10.22.513328
A130T,-0.06434,0.49864,-0.3359743249001456,Neutral,Neutral,,,Uncertain,113.7,,0.0000039767756303,0.062,cBioPortal,,True,113.7,,,,neutral,neutral,neutral,UP,neutral,neutral,mixed_effects,,,,67.04,T,0.0461,2.8995,-4.4992,gain_of_function,-0.403740640392058,0.0001942417898905,Benign,0.0647,benign,https://doi.org/10.1101/2022.10.22.513328
A130V,-0.02267,0.80816,-0.2981269866837416,Neutral,Neutral,,,Uncertain,113.7,,,0.051,COSMIC,,True,113.7,,,,neutral,neutral,neutral,UP,neutral,neutral,mixed_effects,,,,67.04,T,0.0514,2.8995,-4.0297,gain_of_function,-0.562073317583241,0.0001936340770113,Benign,0.073,benign,https://doi.org/10.1101/2022.10.22.513328
G131K,1.29698,-0.41565,1.4756377233315066,Neutral,Neutral,,,Uncertain,110.0,,,,"cBioPortal,COSMIC",,True,110.0,,,,neutral,neutral,neutral,UP,neutral,neutral,mixed_effects,,,,57.8,T,-0.1334,2.7732,-5.0768,loss_of_function,-0.752727261523113,6.848628227658813e-05,Benign,0.3758,ambiguous,https://doi.org/10.1101/2022.10.22.513328
