Mutation,"Stability (FoldX5, alphafold, kcal/mol)","Stability (Rosetta Cartddg2020, alphafold, kcal/mol)","Stability (RaSP, alphafold, kcal/mol)","Stability classification, alphafold, (Rosetta, FoldX)","Stability classification, alphafold, (RaSP, FoldX)",Relative Side Chain Solvent Accessibility in wild-type,gnomAD genome allele frequency,gnomAD exome allele frequency,REVEL score,Mutation sources,AlloSigma2 mutation type,AlloSigma2 predicted consequence - active sites,AlloSigma2 predicted consequence - cofactor sites,AlloSigma2 predicted consequence - pockets and interfaces,ClinVar Variation ID,ClinVar Interpretation,ClinVar Review Status,AlphaFold2 model pLDDT score,AlphaFold2 model secondary structure,DeMaSk delta fitness,DeMaSk Shannon entropy,DeMaSk log2 variant frequency,DeMaSk predicted consequence,AlphaMissense pathogenicity score,AlphaMissense classification,References
W12R,2.36982,2.88299,1.5005254757641353,Uncertain,Uncertain,29.0,,,,clinvar,DOWN,neutral,neutral,stabilizing,,,,81.04,T,-0.5372,0.2159,-21.5823,loss_of_function,0.9715,pathogenic,https://doi.org/10.1101/2022.10.22.513328
K13N,1.99314,0.97517,0.6040481747817,Neutral,Neutral,19.2,,,0.225,COSMIC,DOWN,neutral,neutral,neutral,,,,86.79,S,-0.2254,0.4873,-8.4135,loss_of_function,0.9821,pathogenic,https://doi.org/10.1101/2022.10.22.513328
Q15H,0.20595,-0.03061,-0.1255400509099041,Neutral,Neutral,70.3,,,0.046,cBioPortal,UP,neutral,neutral,destabilizing,,,,92.94,E,0.051,2.8406,-4.4998,gain_of_function,0.1875,benign,https://doi.org/10.1101/2022.10.22.513328
T17A,-0.40589,0.66599,-0.0562751321606652,Neutral,Neutral,107.0,,,0.049,COSMIC,DOWN,neutral,neutral,neutral,,,,92.59,S,0.0035,2.5918,-5.0404,gain_of_function,0.0594,benign,https://doi.org/10.1101/2022.10.22.513328
N18S,1.15405,1.55476,1.3269495290396052,Neutral,Neutral,61.1,,,0.058,cBioPortal,DOWN,neutral,neutral,mixed_effects,,,,93.14,-,-0.0767,1.4971,-5.7162,loss_of_function,0.1404,benign,https://doi.org/10.1101/2022.10.22.513328
R20Q,0.17295,0.1602,0.6301096015794646,Neutral,Neutral,76.8,3.18593092902e-05,1.98933715286e-05,0.151,cBioPortal,DOWN,neutral,neutral,neutral,,,,95.91,G,-0.0758,2.3036,-3.2615,loss_of_function,0.2128,benign,https://doi.org/10.1101/2022.10.22.513328
R20W,-0.12812,-0.27551,-0.3142469987094026,Neutral,Neutral,76.8,9.55596610817e-05,7.16127184188e-05,0.212,"cBioPortal,COSMIC",UP,neutral,neutral,destabilizing,,,,95.91,G,-0.2136,2.3036,-21.8346,loss_of_function,0.6568,pathogenic,https://doi.org/10.1101/2022.10.22.513328
K21T,0.00899,-0.35,0.1597782732079566,Neutral,Neutral,83.2,,,0.150,COSMIC,DOWN,neutral,neutral,stabilizing,,,,95.57,G,-0.0482,2.3735,-6.9696,loss_of_function,0.352,ambiguous,https://doi.org/10.1101/2022.10.22.513328
T22A,-0.08288,0.53095,0.5252376788156895,Neutral,Neutral,33.0,,,0.101,"cBioPortal,COSMIC",DOWN,neutral,neutral,destabilizing,,,,96.98,T,0.0077,2.7222,-6.5622,gain_of_function,0.1362,benign,https://doi.org/10.1101/2022.10.22.513328
T22P,-0.35724,5.60986,3.9561207546818657,Uncertain,Uncertain,33.0,,,0.107,cBioPortal,-,uncertain,uncertain,uncertain,,,,96.98,T,-0.1668,2.7222,-8.5621,loss_of_function,0.6894,pathogenic,https://doi.org/10.1101/2022.10.22.513328
M26I,1.74984,2.93571,0.6732890896270061,Uncertain,Neutral,13.4,,,0.063,"cBioPortal,COSMIC",-,uncertain,uncertain,uncertain,,,,94.2,E,-0.0329,2.1343,-4.6668,loss_of_function,0.5189,ambiguous,https://doi.org/10.1101/2022.10.22.513328
M26T,3.69165,0.60578,1.8387296960909336,Uncertain,Uncertain,13.4,,3.978167815e-06,0.161,cBioPortal,DOWN,neutral,neutral,destabilizing,,,,94.2,E,-0.0986,2.1343,-6.9886,loss_of_function,0.417,ambiguous,https://doi.org/10.1101/2022.10.22.513328
E27K,-0.25911,0.0881,0.8959363267071931,Neutral,Neutral,28.0,,,0.203,"cBioPortal,COSMIC",UP,neutral,neutral,stabilizing,,,,90.35,E,-0.1136,1.5757,-5.7738,loss_of_function,0.8428,pathogenic,https://doi.org/10.1101/2022.10.22.513328
L29M,0.35347,1.19286,1.2684691223883509,Neutral,Neutral,20.2,,,0.411,cBioPortal,-,uncertain,uncertain,uncertain,,,,85.49,E,-0.1243,1.0458,-3.3512,loss_of_function,0.8461,pathogenic,https://doi.org/10.1101/2022.10.22.513328
S31L,-1.21068,-0.53776,-0.6383425622455208,Neutral,Neutral,55.7,,,0.356,cBioPortal,UP,neutral,neutral,stabilizing,,,,76.71,E,-0.1009,1.9309,-6.69,loss_of_function,0.5682,pathogenic,https://doi.org/10.1101/2022.10.22.513328
G32E,0.92052,3.09014,0.5458493245748941,Uncertain,Neutral,77.6,,,0.895,"cBioPortal,COSMIC",UP,neutral,neutral,mixed_effects,,,,68.77,-,-0.3711,0.0436,-8.8916,loss_of_function,0.9998,pathogenic,https://doi.org/10.1101/2022.10.22.513328
G32R,0.25382,0.95646,-0.3700820825697803,Neutral,Neutral,77.6,,,0.961,"cBioPortal,COSMIC",UP,neutral,neutral,mixed_effects,,,,68.77,-,-0.4559,0.0436,-22.1795,loss_of_function,0.9998,pathogenic,https://doi.org/10.1101/2022.10.22.513328
V37I,-0.40994,-0.24694,0.4318969889675905,Neutral,Neutral,24.6,,,0.471,cBioPortal,UP,neutral,neutral,neutral,,,,91.33,E,-0.2843,0.0217,-22.1886,loss_of_function,0.8994,pathogenic,https://doi.org/10.1101/2022.10.22.513328
V40M,4.30055,3.79218,2.833346609872974,Destabilizing,Uncertain,0.0,,,,cBioPortal,UP,neutral,neutral,mixed_effects,,,,97.22,E,-0.2718,0.9633,-22.1946,loss_of_function,0.9871,pathogenic,https://doi.org/10.1101/2022.10.22.513328
T45N,0.48077,1.48503,0.6275357891064576,Neutral,Neutral,55.5,,,0.149,cBioPortal,-,uncertain,uncertain,uncertain,,,,95.65,T,-0.2222,0.87,-7.3249,loss_of_function,0.1684,benign,https://doi.org/10.1101/2022.10.22.513328
K47N,0.24824,0.35884,0.4047883629081122,Neutral,Neutral,64.8,,,0.122,"cBioPortal,COSMIC",DOWN,neutral,neutral,mixed_effects,,,,96.27,-,-0.097,1.6527,-4.266,loss_of_function,0.2851,benign,https://doi.org/10.1101/2022.10.22.513328
K47R,0.13645,-0.6602,-0.242607832405115,Neutral,Neutral,64.8,,,0.108,cBioPortal,-,uncertain,uncertain,uncertain,,,,96.27,-,-0.0027,1.6527,-2.3863,loss_of_function,0.0792,benign,https://doi.org/10.1101/2022.10.22.513328
L48F,1.37089,3.05408,0.6905592849119274,Uncertain,Neutral,19.8,,,,clinvar,UP,neutral,neutral,mixed_effects,,,,96.52,E,-0.1224,1.5683,-5.3249,loss_of_function,0.1884,benign,https://doi.org/10.1101/2022.10.22.513328
I54M,-0.76101,1.32789,1.249953344669294,Neutral,Neutral,4.5,,,0.307,"cBioPortal,COSMIC",-,uncertain,uncertain,uncertain,,,,87.07,E,-0.2223,1.0289,-22.1976,loss_of_function,0.6374,pathogenic,https://doi.org/10.1101/2022.10.22.513328
S57L,-0.44194,-1.48912,-0.0772547030422621,Neutral,Neutral,22.4,,,0.126,"cBioPortal,COSMIC",UP,neutral,neutral,destabilizing,,,,72.17,-,-0.1896,1.827,-22.2006,loss_of_function,0.1339,benign,https://doi.org/10.1101/2022.10.22.513328
P58H,1.15106,0.99796,-0.686924032035296,Neutral,Neutral,94.3,,,0.116,"cBioPortal,COSMIC",UP,neutral,neutral,destabilizing,,,,65.49,T,-0.1128,1.8158,-5.2888,loss_of_function,0.2027,benign,https://doi.org/10.1101/2022.10.22.513328
F60I,0.32317,2.36395,1.494740814056556,Uncertain,Neutral,68.8,,,0.144,"cBioPortal,COSMIC",DOWN,neutral,neutral,stabilizing,,,,54.08,-,-0.1626,1.6712,-7.1865,loss_of_function,0.1033,benign,https://doi.org/10.1101/2022.10.22.513328
R61W,0.00863,0.79048,-0.1619680060328338,Neutral,Neutral,107.8,0.0001592255270365,0.0001272963060203,0.401,"cBioPortal,COSMIC,clinvar",UP,neutral,neutral,stabilizing,2368857,Uncertain significance,1,56.49,-,-0.2766,1.6392,-22.2006,loss_of_function,0.2662,benign,https://doi.org/10.1101/2022.10.22.513328
E66D,-0.21828,0.10578,0.8657541938893809,Neutral,Neutral,44.8,,,0.377,cBioPortal,DOWN,neutral,neutral,neutral,,,,73.57,H,-0.1844,0.2136,-6.1085,loss_of_function,0.1902,benign,https://doi.org/10.1101/2022.10.22.513328
A70V,0.83575,0.28299,0.0255552331095909,Neutral,Neutral,29.0,,,0.181,"cBioPortal,COSMIC",UP,neutral,neutral,mixed_effects,,,,78.74,H,-0.1361,1.1328,-8.9157,loss_of_function,0.2064,benign,https://doi.org/10.1101/2022.10.22.513328
K74N,0.76041,0.31259,0.1872890210305355,Neutral,Neutral,86.2,,,0.095,"cBioPortal,COSMIC",DOWN,neutral,neutral,destabilizing,,,,86.94,T,-0.1705,1.0564,-7.9247,loss_of_function,0.6503,pathogenic,https://doi.org/10.1101/2022.10.22.513328
H77Y,-0.79937,-0.10952,-0.3474073032477492,Neutral,Neutral,18.0,,,0.906,COSMIC,UP,neutral,neutral,stabilizing,,,,95.87,-,-0.2687,0.0001,-22.2155,loss_of_function,0.9541,pathogenic,https://doi.org/10.1101/2022.10.22.513328
T82A,-0.25604,-0.31224,0.4207249024403486,Neutral,Neutral,33.0,,,0.108,"cBioPortal,COSMIC",DOWN,neutral,neutral,stabilizing,,,,92.01,-,-0.0107,2.2268,-1.2234,loss_of_function,0.0862,benign,https://doi.org/10.1101/2022.10.22.513328
E84K,-0.2715,0.33061,0.651617010546387,Neutral,Neutral,39.9,,,0.338,COSMIC,UP,neutral,neutral,mixed_effects,,,,92.07,E,-0.1819,1.0089,-8.9336,loss_of_function,0.562,ambiguous,https://doi.org/10.1101/2022.10.22.513328
I86V,0.78542,0.50238,1.0135639434840722,Neutral,Neutral,0.0,,,0.199,"cBioPortal,COSMIC",DOWN,neutral,neutral,neutral,,,,92.07,E,-0.0546,1.3601,-4.2362,loss_of_function,0.1152,benign,https://doi.org/10.1101/2022.10.22.513328
T90A,-0.30905,-0.01735,-0.1388650621382398,Neutral,Neutral,107.1,,,0.031,"cBioPortal,COSMIC",DOWN,neutral,neutral,stabilizing,,,,88.51,S,0.0276,2.9045,-5.9396,gain_of_function,0.0546,benign,https://doi.org/10.1101/2022.10.22.513328
T90I,-0.3815,0.62279,-0.2364146934956751,Neutral,Neutral,107.1,,,0.035,"cBioPortal,COSMIC",UP,neutral,neutral,mixed_effects,,,,88.51,S,-0.0136,2.9045,-8.9394,loss_of_function,0.1572,benign,https://doi.org/10.1101/2022.10.22.513328
M97V,1.80398,1.81156,0.5500267356576843,Neutral,Neutral,14.9,,,0.642,"cBioPortal,COSMIC",DOWN,neutral,neutral,destabilizing,,,,94.87,E,-0.3416,0.1022,-22.2185,loss_of_function,0.9474,pathogenic,https://doi.org/10.1101/2022.10.22.513328
Q98K,-0.4187,0.24694,0.1053020385364494,Neutral,Neutral,38.1,,,0.346,"cBioPortal,COSMIC",UP,neutral,neutral,mixed_effects,,,,93.88,-,-0.2497,0.9043,-22.2214,loss_of_function,0.6734,pathogenic,https://doi.org/10.1101/2022.10.22.513328
S101F,3.01976,0.45952,-1.258735344112421,Uncertain,Uncertain,26.5,,,0.570,cBioPortal,UP,neutral,neutral,neutral,,,,91.49,-,-0.2936,0.706,-22.2419,loss_of_function,0.7232,pathogenic,https://doi.org/10.1101/2022.10.22.513328
G103E,3.99483,4.90068,1.190230268935037,Destabilizing,Uncertain,82.8,,,0.697,"cBioPortal,COSMIC",UP,neutral,neutral,stabilizing,,,,90.03,-,-0.4433,0.0001,-22.2477,loss_of_function,0.9965,pathogenic,https://doi.org/10.1101/2022.10.22.513328
E104K,0.9758,1.65714,0.5699854372765867,Neutral,Neutral,28.0,,,0.689,"cBioPortal,COSMIC",UP,neutral,neutral,stabilizing,,,,91.15,B,-0.3408,0.021,-22.2477,loss_of_function,0.997,pathogenic,https://doi.org/10.1101/2022.10.22.513328
D107H,-0.09002,-0.3568,0.1476420903251013,Neutral,Neutral,49.7,,,0.707,cBioPortal,UP,neutral,neutral,stabilizing,,,,89.69,H,-0.3546,0.0378,-22.2477,loss_of_function,0.9901,pathogenic,https://doi.org/10.1101/2022.10.22.513328
R108L,0.74558,0.51667,-0.0740596481909694,Neutral,Neutral,8.8,,,0.631,"cBioPortal,COSMIC",DOWN,neutral,neutral,neutral,,,,90.06,H,-0.4104,0.021,-22.2477,loss_of_function,0.967,pathogenic,https://doi.org/10.1101/2022.10.22.513328
R108Q,1.25077,0.99592,1.5498392956536615,Neutral,Neutral,8.8,,2.78662420382e-05,0.588,"cBioPortal,COSMIC,clinvar",DOWN,neutral,neutral,neutral,2399595,Uncertain significance,1,90.06,H,-0.3827,0.021,-22.2477,loss_of_function,0.7486,pathogenic,https://doi.org/10.1101/2022.10.22.513328
R108W,0.90487,-1.21429,-0.0208597826061507,Neutral,Neutral,8.8,,3.9812403953e-06,0.486,cBioPortal,UP,neutral,neutral,neutral,,,,90.06,H,-0.4257,0.021,-22.2477,loss_of_function,0.9181,pathogenic,https://doi.org/10.1101/2022.10.22.513328
E111K,-0.04203,0.38639,-0.0657768408002451,Neutral,Neutral,77.7,,3.9788009485e-06,0.342,"cBioPortal,COSMIC",UP,neutral,neutral,stabilizing,,,,89.01,H,-0.2563,0.9389,-22.2477,loss_of_function,0.6467,pathogenic,https://doi.org/10.1101/2022.10.22.513328
R112L,1.39004,0.38027,0.530564431059698,Neutral,Neutral,32.6,,,,clinvar,DOWN,neutral,neutral,stabilizing,,,,87.15,H,-0.324,0.9602,-22.2477,loss_of_function,0.7454,pathogenic,https://doi.org/10.1101/2022.10.22.513328
R112Q,0.85088,0.83537,1.570131568056358,Neutral,Neutral,32.6,3.1849162367e-05,7.9573486114e-06,0.221,"cBioPortal,COSMIC,clinvar",DOWN,neutral,neutral,stabilizing,2376647,Uncertain significance,1,87.15,H,-0.2285,0.9602,-8.9599,loss_of_function,0.272,benign,https://doi.org/10.1101/2022.10.22.513328
R112W,0.80691,-0.84796,0.6784190921712285,Neutral,Neutral,32.6,,3.978547671e-06,0.458,"cBioPortal,COSMIC",UP,neutral,neutral,neutral,,,,87.15,H,-0.3393,0.9602,-22.2477,loss_of_function,0.7098,pathogenic,https://doi.org/10.1101/2022.10.22.513328
G113A,2.65126,1.38639,1.4439003064445306,Uncertain,Uncertain,72.1,,,0.468,"cBioPortal,COSMIC",UP,neutral,neutral,stabilizing,,,,89.07,S,-0.3818,0.021,-22.2477,loss_of_function,0.9487,pathogenic,https://doi.org/10.1101/2022.10.22.513328
E117D,2.98877,1.76905,2.0098817683212897,Uncertain,Uncertain,0.2,,,0.410,"cBioPortal,COSMIC",DOWN,neutral,neutral,destabilizing,,,,97.61,H,-0.2864,0.0001,-22.2477,loss_of_function,0.9994,pathogenic,https://doi.org/10.1101/2022.10.22.513328
E117K,3.30779,8.76395,3.095519120952417,Destabilizing,Destabilizing,0.2,,,0.644,"cBioPortal,COSMIC",UP,neutral,neutral,neutral,,,,97.61,H,-0.3427,0.0001,-22.2477,loss_of_function,0.9969,pathogenic,https://doi.org/10.1101/2022.10.22.513328
D119N,2.11285,1.68503,0.3297949376899867,Uncertain,Uncertain,34.5,,,0.513,cBioPortal,-,uncertain,uncertain,uncertain,,,,96.67,H,-0.2457,0.021,-8.957,loss_of_function,0.8966,pathogenic,https://doi.org/10.1101/2022.10.22.513328
A120V,1.469,0.81735,0.8999368871493141,Neutral,Neutral,0.0,,,0.718,"cBioPortal,COSMIC",UP,neutral,neutral,stabilizing,,,,97.53,H,-0.3064,0.021,-22.2477,loss_of_function,0.9762,pathogenic,https://doi.org/10.1101/2022.10.22.513328
V123M,-0.21888,2.35952,1.2523523437348718,Uncertain,Neutral,9.2,,,0.190,cBioPortal,UP,neutral,neutral,stabilizing,,,,97.68,H,-0.2722,0.9619,-22.2477,loss_of_function,0.7881,pathogenic,https://doi.org/10.1101/2022.10.22.513328
Q126L,-0.48544,0.52551,-0.5645712033501926,Neutral,Neutral,34.0,,,0.689,cBioPortal,UP,neutral,neutral,neutral,,,,98.35,H,-0.3169,0.021,-22.2477,loss_of_function,0.9275,pathogenic,https://doi.org/10.1101/2022.10.22.513328
S129L,-1.67462,-1.19286,-1.1296649314741305,Neutral,Neutral,48.7,,8.75099443119e-05,0.170,"cBioPortal,COSMIC",UP,neutral,neutral,neutral,,,,98.28,H,-0.0873,2.1493,-7.9599,loss_of_function,0.0691,benign,https://doi.org/10.1101/2022.10.22.513328
L134I,3.23478,2.14558,1.6222222701988187,Uncertain,Uncertain,0.0,,,0.285,"cBioPortal,COSMIC",-,uncertain,uncertain,uncertain,,,,92.95,H,-0.2023,0.2564,-8.9599,loss_of_function,0.5664,pathogenic,https://doi.org/10.1101/2022.10.22.513328
N137I,1.82578,0.55476,0.2941676244415625,Neutral,Neutral,46.5,,,0.188,"cBioPortal,COSMIC",UP,neutral,neutral,stabilizing,,,,88.65,T,-0.1381,1.8281,-7.957,loss_of_function,0.3381,benign,https://doi.org/10.1101/2022.10.22.513328
V140I,-0.48312,0.08163,0.068965593254639,Neutral,Neutral,14.0,,2.78824476009e-05,0.313,COSMIC,UP,neutral,neutral,mixed_effects,,,,85.73,-,-0.2168,0.021,-8.957,loss_of_function,0.3393,benign,https://doi.org/10.1101/2022.10.22.513328
D143N,0.37823,0.90272,0.2006991044778772,Neutral,Neutral,39.1,,,0.824,"cBioPortal,COSMIC",-,uncertain,uncertain,uncertain,,,,83.31,-,-0.3154,0.0001,-22.2448,loss_of_function,0.9987,pathogenic,https://doi.org/10.1101/2022.10.22.513328
L144I,0.94002,1.05544,1.3325082000382515,Neutral,Neutral,0.0,,,0.268,COSMIC,-,uncertain,uncertain,uncertain,,,,90.01,-,-0.2936,0.0001,-22.2448,loss_of_function,0.5507,ambiguous,https://doi.org/10.1101/2022.10.22.513328
E147K,-0.26118,0.75748,0.219110409334004,Neutral,Neutral,38.1,,1.19414391823e-05,0.574,"cBioPortal,COSMIC",UP,neutral,neutral,neutral,,,,83.13,G,-0.3427,0.0001,-22.2477,loss_of_function,0.9983,pathogenic,https://doi.org/10.1101/2022.10.22.513328
N148K,-0.07179,-0.09626,0.7032328958650371,Neutral,Neutral,5.8,,,0.804,COSMIC,UP,neutral,neutral,neutral,,,,89.31,G,-0.3322,0.0001,-22.2506,loss_of_function,0.9999,pathogenic,https://doi.org/10.1101/2022.10.22.513328
T153I,0.4098,0.36701,0.0225397981778602,Neutral,Neutral,41.6,,,0.447,cBioPortal,UP,neutral,neutral,neutral,,,,93.39,S,-0.2096,1.512,-22.2506,loss_of_function,0.8078,pathogenic,https://doi.org/10.1101/2022.10.22.513328
P154L,0.38361,-0.32211,-1.0404521560621494,Neutral,Neutral,62.6,,,0.159,COSMIC,UP,neutral,neutral,neutral,,,,90.5,S,-0.0577,2.4383,-3.7534,loss_of_function,0.2377,benign,https://doi.org/10.1101/2022.10.22.513328
E155K,0.55773,0.69864,0.2685202538924242,Neutral,Neutral,80.7,,,0.088,"cBioPortal,COSMIC",UP,neutral,neutral,neutral,,,,91.15,S,-0.0944,1.9616,-8.9628,loss_of_function,0.1583,benign,https://doi.org/10.1101/2022.10.22.513328
E155Q,0.2829,0.23163,0.3998804064602157,Neutral,Neutral,80.7,,,0.023,COSMIC,UP,neutral,neutral,neutral,,,,91.15,S,-0.0171,1.9616,-3.5035,loss_of_function,0.123,benign,https://doi.org/10.1101/2022.10.22.513328
S158F,37.62108,2.11939,0.3580288540060811,Uncertain,Uncertain,9.5,,,0.472,COSMIC,UP,neutral,neutral,stabilizing,,,,94.2,-,-0.3137,0.4885,-22.2506,loss_of_function,0.9895,pathogenic,https://doi.org/10.1101/2022.10.22.513328
M161I,-0.02601,1.78435,0.7200937158690918,Neutral,Neutral,1.4,,,0.452,cBioPortal,-,uncertain,uncertain,uncertain,,,,96.86,E,-0.2353,0.1736,-8.9628,loss_of_function,0.9209,pathogenic,https://doi.org/10.1101/2022.10.22.513328
M161T,2.89419,1.61224,2.5000645594966007,Uncertain,Uncertain,1.4,,,0.588,cBioPortal,DOWN,neutral,neutral,neutral,,,,96.86,E,-0.3569,0.1736,-22.2506,loss_of_function,0.9114,pathogenic,https://doi.org/10.1101/2022.10.22.513328
T163I,-0.11456,0.05646,-0.032881727311364,Neutral,Neutral,16.3,,,0.414,cBioPortal,UP,neutral,neutral,neutral,,,,88.79,-,-0.2911,0.626,-22.2506,loss_of_function,0.9826,pathogenic,https://doi.org/10.1101/2022.10.22.513328
D164N,-0.3265,0.83163,-0.092340783881899,Neutral,Neutral,43.1,,,0.902,COSMIC,-,uncertain,uncertain,uncertain,,,,79.43,S,-0.3154,0.0001,-22.2506,loss_of_function,0.9991,pathogenic,https://doi.org/10.1101/2022.10.22.513328
L167M,0.22444,0.27075,1.3910631312887674,Neutral,Neutral,4.2,,,0.485,"cBioPortal,COSMIC",-,uncertain,uncertain,uncertain,,,,62.45,-,-0.317,0.0001,-22.2506,loss_of_function,0.9552,pathogenic,https://doi.org/10.1101/2022.10.22.513328
E171K,-0.05263,3.81565,0.7667897823496419,Uncertain,Neutral,40.2,,,0.153,"cBioPortal,COSMIC",UP,neutral,neutral,destabilizing,,,,52.01,H,-0.2235,1.2954,-22.2506,loss_of_function,0.6593,pathogenic,https://doi.org/10.1101/2022.10.22.513328
G174C,-1.63409,-1.16939,0.1466420097928789,Neutral,Neutral,33.9,,,0.605,cBioPortal,UP,neutral,neutral,destabilizing,,,,44.05,T,-0.3764,0.729,-22.2506,loss_of_function,0.4692,ambiguous,https://doi.org/10.1101/2022.10.22.513328
G174D,0.65434,0.89524,0.2681153491252874,Neutral,Neutral,33.9,,,0.214,COSMIC,UP,neutral,neutral,destabilizing,,,,44.05,T,-0.2854,0.729,-4.319,loss_of_function,0.5681,pathogenic,https://doi.org/10.1101/2022.10.22.513328
I175M,0.09174,0.62789,0.339590079678872,Neutral,Neutral,75.3,,,0.041,cBioPortal,-,uncertain,uncertain,uncertain,,,,33.46,S,-0.1135,1.2301,-4.5035,loss_of_function,0.1418,benign,https://doi.org/10.1101/2022.10.22.513328
G184V,-1.98755,-1.54014,-1.8967950356712333,Neutral,Neutral,23.0,,,0.680,cBioPortal,UP,neutral,neutral,stabilizing,,,,75.11,G,-0.4574,0.1424,-22.2419,loss_of_function,0.9778,pathogenic,https://doi.org/10.1101/2022.10.22.513328
A187T,5.69134,1.92721,2.703508785101172,Uncertain,Uncertain,0.0,,,0.739,cBioPortal,UP,neutral,neutral,neutral,,,,76.73,-,-0.2348,0.0949,-8.9599,loss_of_function,0.9989,pathogenic,https://doi.org/10.1101/2022.10.22.513328
P188A,3.09038,1.31327,-0.3776081935374464,Uncertain,Uncertain,5.4,,,0.904,cBioPortal,DOWN,neutral,neutral,neutral,,,,80.67,H,-0.3277,0.0001,-22.2477,loss_of_function,0.9916,pathogenic,https://doi.org/10.1101/2022.10.22.513328
A192V,1.52965,0.54456,0.0689381474746753,Neutral,Neutral,36.7,,,0.102,cBioPortal,UP,neutral,neutral,neutral,,,,69.04,T,-0.2359,0.7873,-22.2506,loss_of_function,0.311,benign,https://doi.org/10.1101/2022.10.22.513328
Q193H,0.46603,1.47347,-0.4350775471441731,Neutral,Neutral,101.8,,,0.230,cBioPortal,UP,neutral,neutral,stabilizing,,,,66.99,T,-0.224,0.1003,-8.9628,loss_of_function,0.9446,pathogenic,https://doi.org/10.1101/2022.10.22.513328
K194N,1.32289,0.67619,0.0115276167526279,Neutral,Neutral,72.3,,,0.385,COSMIC,DOWN,neutral,neutral,mixed_effects,,,,63.21,-,-0.3212,0.2131,-22.2506,loss_of_function,0.8397,pathogenic,https://doi.org/10.1101/2022.10.22.513328
P195S,0.59597,0.60544,-0.0360134053931399,Neutral,Neutral,96.6,,,0.369,cBioPortal,DOWN,neutral,neutral,stabilizing,,,,58.75,-,-0.2277,0.2593,-7.3779,loss_of_function,0.7653,pathogenic,https://doi.org/10.1101/2022.10.22.513328
S197N,0.04998,0.42075,-0.137700386977051,Neutral,Neutral,75.0,,,0.079,"cBioPortal,COSMIC",UP,neutral,neutral,neutral,,,,77.2,-,-0.1523,0.7234,-5.793,loss_of_function,0.3215,benign,https://doi.org/10.1101/2022.10.22.513328
W203C,4.85741,5.78061,6.958979963541696,Destabilizing,Destabilizing,0.0,,,0.741,cBioPortal,DOWN,neutral,neutral,destabilizing,,,,96.24,H,-0.5125,0.0001,-22.2506,loss_of_function,0.9998,pathogenic,https://doi.org/10.1101/2022.10.22.513328
S204F,5.40305,0.81156,-0.7270539088259853,Uncertain,Uncertain,9.1,,,0.772,"cBioPortal,COSMIC",UP,neutral,neutral,neutral,,,,95.18,H,-0.3249,0.3665,-22.2506,loss_of_function,0.9995,pathogenic,https://doi.org/10.1101/2022.10.22.513328
G206S,2.64067,3.48469,3.844333770640603,Uncertain,Uncertain,0.0,3.18735258494e-05,0.0,0.921,"cBioPortal,COSMIC",UP,neutral,neutral,neutral,,,,98.26,H,-0.3896,0.0001,-22.2506,loss_of_function,0.9964,pathogenic,https://doi.org/10.1101/2022.10.22.513328
V207I,-0.13494,0.79048,0.6400185250851481,Neutral,Neutral,0.1,3.18552497452e-05,3.19417382694e-05,0.283,"cBioPortal,COSMIC",UP,neutral,neutral,neutral,,,,96.3,H,-0.2102,0.0378,-7.9628,loss_of_function,0.3083,benign,https://doi.org/10.1101/2022.10.22.513328
Y210H,2.70009,2.51531,2.7098630002655457,Uncertain,Uncertain,1.5,,3.9960359324e-06,0.779,cBioPortal,DOWN,neutral,neutral,stabilizing,,,,97.62,H,-0.3512,0.094,-22.2506,loss_of_function,0.9957,pathogenic,https://doi.org/10.1101/2022.10.22.513328
G215E,33.49094,11.53061,9.959276863325837,Destabilizing,Destabilizing,0.0,,,0.285,"cBioPortal,COSMIC",UP,neutral,neutral,neutral,,,,92.18,S,-0.4394,0.0419,-22.2477,loss_of_function,0.9999,pathogenic,https://doi.org/10.1101/2022.10.22.513328
Y216C,2.5076,3.14082,2.715933738395357,Uncertain,Uncertain,15.0,,,0.210,cBioPortal,DOWN,neutral,neutral,destabilizing,,,,91.21,S,-0.4189,0.0419,-22.2477,loss_of_function,0.9745,pathogenic,https://doi.org/10.1101/2022.10.22.513328
P217A,2.39199,1.14354,-0.4203621664042417,Uncertain,Uncertain,22.4,,,0.427,"cBioPortal,COSMIC",DOWN,neutral,neutral,destabilizing,,,,92.3,-,-0.3258,0.021,-22.2477,loss_of_function,0.9603,pathogenic,https://doi.org/10.1101/2022.10.22.513328
P217S,2.92136,2.07211,0.2416368632688337,Uncertain,Uncertain,22.4,,,0.462,cBioPortal,DOWN,neutral,neutral,destabilizing,,,,92.3,-,-0.3255,0.021,-22.2477,loss_of_function,0.9876,pathogenic,https://doi.org/10.1101/2022.10.22.513328
P218L,6.1295,4.26667,1.105315543797643,Destabilizing,Uncertain,0.5,,7.9529187212e-06,0.306,"cBioPortal,COSMIC",UP,neutral,neutral,stabilizing,,,,92.14,S,-0.3726,0.0419,-22.2477,loss_of_function,0.9957,pathogenic,https://doi.org/10.1101/2022.10.22.513328
E221K,-0.61177,1.05204,0.0159538420706117,Neutral,Neutral,31.4,,,0.340,cBioPortal,UP,neutral,neutral,stabilizing,,,,82.72,-,-0.2526,0.9788,-22.2448,loss_of_function,0.9649,pathogenic,https://doi.org/10.1101/2022.10.22.513328
E222K,-0.38613,0.93435,0.2929171860620611,Neutral,Neutral,91.9,,,0.468,"cBioPortal,COSMIC",UP,neutral,neutral,stabilizing,,,,79.75,S,-0.2264,0.4711,-7.9541,loss_of_function,0.855,pathogenic,https://doi.org/10.1101/2022.10.22.513328
E224K,0.15077,0.33163,0.4078714316991327,Neutral,Neutral,82.2,,,0.397,"cBioPortal,COSMIC",UP,neutral,neutral,stabilizing,,,,79.84,H,-0.2538,0.9658,-22.2448,loss_of_function,0.9794,pathogenic,https://doi.org/10.1101/2022.10.22.513328
S225C,0.1865,0.80034,0.7920190762931003,Neutral,Neutral,93.1,,,0.156,cBioPortal,UP,neutral,neutral,neutral,,,,84.24,H,-0.1667,1.7857,-22.2448,loss_of_function,0.243,benign,https://doi.org/10.1101/2022.10.22.513328
S225Y,-0.18304,-0.52653,-0.267955172095729,Neutral,Neutral,93.1,,,0.165,cBioPortal,UP,neutral,neutral,neutral,,,,84.24,H,-0.1991,1.7857,-22.2448,loss_of_function,0.527,ambiguous,https://doi.org/10.1101/2022.10.22.513328
F228L,0.4979,1.97075,1.4864478961661816,Neutral,Neutral,31.4,,,0.577,"cBioPortal,COSMIC",DOWN,neutral,neutral,stabilizing,,,,85.43,H,-0.3345,0.2269,-22.2448,loss_of_function,0.9993,pathogenic,https://doi.org/10.1101/2022.10.22.513328
E229K,0.03857,-0.08946,-0.0731893731889166,Neutral,Neutral,79.2,,1.1929188338e-05,0.131,"cBioPortal,COSMIC",UP,neutral,neutral,neutral,,,,87.41,H,-0.1039,1.6659,-5.4977,loss_of_function,0.3833,ambiguous,https://doi.org/10.1101/2022.10.22.513328
E233K,-0.20394,-0.29354,0.0052457377414349,Neutral,Neutral,75.3,,,0.123,cBioPortal,UP,neutral,neutral,neutral,,,,89.28,H,-0.1023,1.4113,-0.5821,loss_of_function,0.265,benign,https://doi.org/10.1101/2022.10.22.513328
Y235H,1.36574,0.78503,0.3312523532924166,Neutral,Neutral,69.6,,7.9526657336e-06,0.073,cBioPortal,DOWN,neutral,neutral,stabilizing,,,,87.22,-,-0.1138,1.9361,-8.957,loss_of_function,0.128,benign,https://doi.org/10.1101/2022.10.22.513328
Y236C,2.37898,3.42857,4.4122484378832425,Uncertain,Uncertain,12.3,,,0.163,cBioPortal,DOWN,neutral,neutral,mixed_effects,,,,92.68,-,-0.3959,0.2912,-22.2448,loss_of_function,0.6637,pathogenic,https://doi.org/10.1101/2022.10.22.513328
Y236H,2.22461,2.23401,3.0746138640283114,Uncertain,Uncertain,12.3,,,0.538,"cBioPortal,COSMIC",DOWN,neutral,neutral,mixed_effects,,,,92.68,-,-0.333,0.2912,-22.2448,loss_of_function,0.9344,pathogenic,https://doi.org/10.1101/2022.10.22.513328
E237D,0.67663,1.6619,0.204649198119205,Neutral,Neutral,60.7,,,0.272,"cBioPortal,COSMIC",DOWN,neutral,neutral,mixed_effects,,,,93.26,-,-0.1535,0.6193,-7.375,loss_of_function,0.5168,ambiguous,https://doi.org/10.1101/2022.10.22.513328
E239Q,0.16283,-0.47211,-0.0035944103402907,Neutral,Neutral,63.2,,,0.182,cBioPortal,UP,neutral,neutral,stabilizing,,,,91.53,-,-0.1969,1.0471,-22.2477,loss_of_function,0.6944,pathogenic,https://doi.org/10.1101/2022.10.22.513328
P241S,1.44116,1.10578,-0.0282060990579474,Neutral,Neutral,71.0,,,0.497,COSMIC,DOWN,neutral,neutral,neutral,,,,92.99,T,-0.3274,0.0001,-22.2477,loss_of_function,0.9874,pathogenic,https://doi.org/10.1101/2022.10.22.513328
D245N,0.08925,-0.01633,0.1275470769566788,Neutral,Neutral,74.2,,,0.275,COSMIC,-,uncertain,uncertain,uncertain,,,,92.19,S,-0.1834,0.4988,-5.375,loss_of_function,0.3363,benign,https://doi.org/10.1101/2022.10.22.513328
S249L,-1.7372,-0.39966,-0.9251655252081686,Neutral,Neutral,24.8,,,,"cBioPortal,COSMIC",UP,neutral,neutral,neutral,,,,98.25,H,-0.2806,0.1044,-8.9599,loss_of_function,0.6548,pathogenic,https://doi.org/10.1101/2022.10.22.513328
K251N,3.39646,1.86667,1.5150839129359654,Uncertain,Uncertain,17.4,,,0.579,COSMIC,DOWN,neutral,neutral,neutral,,,,98.52,H,-0.3295,0.1223,-22.2332,loss_of_function,0.9991,pathogenic,https://doi.org/10.1101/2022.10.22.513328
D252E,0.61575,0.1517,-0.0469407213332384,Neutral,Neutral,65.6,,,0.208,"cBioPortal,COSMIC",UP,neutral,neutral,neutral,,,,98.57,H,-0.1817,0.3229,-6.1263,loss_of_function,0.5324,ambiguous,https://doi.org/10.1101/2022.10.22.513328
C255W,0.02046,-0.89898,-1.5436967897218443,Neutral,Neutral,50.1,,,0.060,cBioPortal,UP,neutral,neutral,neutral,,,,98.2,H,-0.2731,2.3528,-22.2244,loss_of_function,0.43,ambiguous,https://doi.org/10.1101/2022.10.22.513328
H256Q,0.46072,0.90374,1.7878356700743951,Neutral,Neutral,41.1,,,0.221,cBioPortal,DOWN,neutral,neutral,destabilizing,,,,98.51,H,-0.0248,1.8207,-7.9366,loss_of_function,0.335,benign,https://doi.org/10.1101/2022.10.22.513328
E259Q,-0.25429,-0.07687,0.1865532119615798,Neutral,Neutral,44.8,0.0006369832473406,0.0008032192390889,0.141,COSMIC,UP,neutral,neutral,neutral,,,,96.41,-,-0.0893,1.1267,-2.6114,loss_of_function,0.1047,benign,https://doi.org/10.1101/2022.10.22.513328
P262A,1.92902,0.92483,-0.1548089087263454,Neutral,Neutral,30.9,,,0.178,"cBioPortal,COSMIC",DOWN,neutral,neutral,destabilizing,,,,92.28,T,-0.1819,0.6716,-5.7784,loss_of_function,0.181,benign,https://doi.org/10.1101/2022.10.22.513328
P262T,4.18854,1.49218,-0.0970100952306973,Uncertain,Uncertain,30.9,,,0.424,COSMIC,-,uncertain,uncertain,uncertain,,,,92.28,T,-0.2099,0.6716,-8.9482,loss_of_function,0.3327,benign,https://doi.org/10.1101/2022.10.22.513328
E264K,-0.78566,-1.17959,-0.0381815510436917,Neutral,Neutral,80.4,3.18714941356e-05,2.38579972007e-05,0.094,"cBioPortal,COSMIC,clinvar",UP,neutral,neutral,stabilizing,2362083,Uncertain significance,1,96.03,T,-0.042,2.0724,-0.6816,loss_of_function,0.0584,benign,https://doi.org/10.1101/2022.10.22.513328
E264Q,-0.52053,-1.13333,0.2050994269215245,Neutral,Neutral,80.4,,,0.045,cBioPortal,UP,neutral,neutral,stabilizing,,,,96.03,T,-0.0215,2.0724,-6.3634,loss_of_function,0.064,benign,https://doi.org/10.1101/2022.10.22.513328
R265Q,5.65406,2.83129,3.050091035000376,Uncertain,Destabilizing,0.0,3.18694626809e-05,3.9764277364e-06,0.307,cBioPortal,DOWN,neutral,neutral,destabilizing,,,,97.32,S,-0.3788,0.0632,-22.2361,loss_of_function,0.997,pathogenic,https://doi.org/10.1101/2022.10.22.513328
R265W,24.23992,7.72143,2.6236756473030014,Destabilizing,Uncertain,0.0,,3.9763328668e-06,0.890,COSMIC,UP,neutral,neutral,neutral,,,,97.32,S,-0.4218,0.0632,-22.2361,loss_of_function,0.9969,pathogenic,https://doi.org/10.1101/2022.10.22.513328
Y266H,1.87249,1.32687,1.297592419446833,Neutral,Neutral,25.1,,,0.261,"cBioPortal,COSMIC",DOWN,neutral,neutral,stabilizing,,,,98.14,-,-0.1671,1.3014,-7.9454,loss_of_function,0.4402,ambiguous,https://doi.org/10.1101/2022.10.22.513328
T267N,0.22628,0.8381,0.1370277835448524,Neutral,Neutral,73.2,,,0.202,cBioPortal,-,uncertain,uncertain,uncertain,,,,97.84,-,-0.2055,0.8915,-4.4219,loss_of_function,0.0883,benign,https://doi.org/10.1101/2022.10.22.513328
E269K,1.00797,0.35782,0.341822641426498,Neutral,Neutral,78.6,,,0.236,COSMIC,UP,neutral,neutral,neutral,,,,97.54,H,-0.138,1.288,-5.3605,loss_of_function,0.1384,benign,https://doi.org/10.1101/2022.10.22.513328
A271D,5.24057,4.18571,2.8715791915603472,Destabilizing,Uncertain,0.0,,,,clinvar,UP,neutral,neutral,neutral,,,,98.53,H,-0.4093,0.1409,-22.2332,loss_of_function,0.9989,pathogenic,https://doi.org/10.1101/2022.10.22.513328
A271T,2.62525,1.73333,1.45633914802965,Uncertain,Uncertain,0.0,,,,clinvar,UP,neutral,neutral,neutral,,,,98.53,H,-0.2983,0.1409,-22.2332,loss_of_function,0.9344,pathogenic,https://doi.org/10.1101/2022.10.22.513328
L272F,1.11644,1.7449,1.871917505935772,Neutral,Neutral,24.2,,,0.479,cBioPortal,UP,neutral,neutral,neutral,,,,98.4,H,-0.2895,0.6889,-22.2302,loss_of_function,0.5653,pathogenic,https://doi.org/10.1101/2022.10.22.513328
S273I,1.64282,0.92449,-0.440932210120088,Neutral,Neutral,76.5,,,0.156,cBioPortal,UP,neutral,neutral,neutral,,,,98.05,T,-0.1925,1.8379,-22.2302,loss_of_function,0.1108,benign,https://doi.org/10.1101/2022.10.22.513328
H274R,3.2576,4.86667,1.9184271149507848,Destabilizing,Uncertain,6.8,,,0.747,cBioPortal,UP,neutral,neutral,neutral,,,,98.62,S,-0.2539,0.1266,-8.9424,loss_of_function,0.9976,pathogenic,https://doi.org/10.1101/2022.10.22.513328
H274Y,4.12219,2.3619,0.6020922362371636,Uncertain,Uncertain,6.8,,,0.677,"cBioPortal,COSMIC",UP,neutral,neutral,neutral,,,,98.62,S,-0.1894,0.1266,-8.9424,loss_of_function,0.9563,pathogenic,https://doi.org/10.1101/2022.10.22.513328
P275L,1.05596,0.81497,-0.6182165357074931,Neutral,Neutral,55.2,,,0.444,cBioPortal,UP,neutral,neutral,neutral,,,,98.09,H,-0.2598,0.2949,-4.6946,loss_of_function,0.4775,ambiguous,https://doi.org/10.1101/2022.10.22.513328
G279E,2.08984,-0.08061,0.2535686184166763,Uncertain,Uncertain,66.1,,,0.286,cBioPortal,UP,neutral,neutral,neutral,,,,91.3,S,-0.3267,0.3189,-5.141,loss_of_function,0.6606,pathogenic,https://doi.org/10.1101/2022.10.22.513328
G279R,1.25202,-0.72619,-0.5366130759241683,Neutral,Neutral,66.1,,1.19341236375e-05,0.485,"cBioPortal,COSMIC",UP,neutral,neutral,neutral,,,,91.3,S,-0.4309,0.3189,-22.2361,loss_of_function,0.5589,ambiguous,https://doi.org/10.1101/2022.10.22.513328
N280S,0.40014,0.79966,0.6292193399677914,Neutral,Neutral,86.4,,,0.116,cBioPortal,DOWN,neutral,neutral,stabilizing,,,,91.22,S,-0.0696,1.6657,-7.3634,loss_of_function,0.1216,benign,https://doi.org/10.1101/2022.10.22.513328
N280Y,0.24545,-0.05544,0.2839812745421399,Neutral,Neutral,86.4,,,0.253,"cBioPortal,COSMIC",UP,neutral,neutral,neutral,,,,91.22,S,-0.2163,1.6657,-22.2361,loss_of_function,0.3454,ambiguous,https://doi.org/10.1101/2022.10.22.513328
T281R,0.44812,0.38469,-0.4883683792187943,Neutral,Neutral,46.9,,,0.359,"cBioPortal,COSMIC",UP,neutral,neutral,neutral,,,,96.95,-,-0.3668,0.4555,-22.239,loss_of_function,0.2788,benign,https://doi.org/10.1101/2022.10.22.513328
H284P,-0.90581,-0.91769,0.6598746086152781,Neutral,Neutral,75.9,,,0.151,"cBioPortal,COSMIC",DOWN,neutral,neutral,neutral,,,,95.92,-,-0.2258,2.5486,-22.2361,loss_of_function,0.1678,benign,https://doi.org/10.1101/2022.10.22.513328
R285Q,0.38933,-0.11088,0.9868598787439792,Neutral,Neutral,42.8,3.18796225453e-05,3.18177479398e-05,0.046,COSMIC,DOWN,neutral,neutral,stabilizing,,,,92.71,-,-0.1123,1.8963,-3.0657,loss_of_function,0.1202,benign,https://doi.org/10.1101/2022.10.22.513328
P289L,1.94147,-2.56871,-1.1255815223758865,Uncertain,Neutral,66.8,,3.9771868562e-06,0.085,cBioPortal,UP,neutral,neutral,neutral,,,,94.16,H,-0.0831,2.4507,-8.9482,loss_of_function,0.3413,ambiguous,https://doi.org/10.1101/2022.10.22.513328
V291D,4.54381,4.93027,4.208716693998964,Destabilizing,Destabilizing,0.1,,,0.558,"cBioPortal,COSMIC",DOWN,neutral,neutral,neutral,,,,93.27,H,-0.5086,0.0971,-22.2361,loss_of_function,0.9991,pathogenic,https://doi.org/10.1101/2022.10.22.513328
L293I,0.36746,-0.11429,0.1919960699570105,Neutral,Neutral,80.0,,,0.039,COSMIC,-,uncertain,uncertain,uncertain,,,,92.03,H,0.0131,2.4119,-5.6206,gain_of_function,0.1033,benign,https://doi.org/10.1101/2022.10.22.513328
Q296H,0.78012,0.65068,-0.2180778048103498,Neutral,Neutral,57.7,,,0.116,cBioPortal,UP,neutral,neutral,neutral,,,,87.87,H,-0.1187,1.9802,-22.2302,loss_of_function,0.7934,pathogenic,https://doi.org/10.1101/2022.10.22.513328
K297N,0.48307,0.57347,0.6666762412095847,Neutral,Neutral,80.9,9.55535737037e-05,0.0001113789509694,0.169,"cBioPortal,COSMIC,clinvar",DOWN,neutral,neutral,destabilizing,2357785,Uncertain significance,1,85.94,H,-0.3002,0.4408,-22.2332,loss_of_function,0.9572,pathogenic,https://doi.org/10.1101/2022.10.22.513328
S302I,-0.06224,-0.02143,-0.0363852804295466,Neutral,Neutral,68.1,,,,clinvar,UP,neutral,neutral,stabilizing,,,,51.81,T,-0.2824,0.8612,-22.2273,loss_of_function,0.6946,pathogenic,https://doi.org/10.1101/2022.10.22.513328
R305G,0.58984,1.99796,0.7525593764899937,Neutral,Neutral,101.6,,,0.206,cBioPortal,DOWN,neutral,neutral,mixed_effects,,,,37.03,H,-0.3532,0.9991,-22.2244,loss_of_function,0.9628,pathogenic,https://doi.org/10.1101/2022.10.22.513328
F308S,-0.1821,0.31429,0.9214027918630796,Neutral,Neutral,94.4,,,0.263,"cBioPortal,COSMIC",DOWN,neutral,neutral,destabilizing,,,,40.07,H,-0.2746,0.9273,-8.8485,loss_of_function,0.9956,pathogenic,https://doi.org/10.1101/2022.10.22.513328
A310T,0.71281,-0.11667,0.7903354004615445,Neutral,Neutral,72.8,6.37145587767e-05,3.9942163747e-06,0.270,"cBioPortal,COSMIC",UP,neutral,neutral,neutral,,,,48.6,H,-0.2165,0.2872,-8.8391,loss_of_function,0.7989,pathogenic,https://doi.org/10.1101/2022.10.22.513328
A310V,0.19615,-0.86939,0.1625125801688376,Neutral,Neutral,72.8,,,0.217,cBioPortal,UP,neutral,neutral,neutral,,,,48.6,H,-0.2016,0.2872,-6.5173,loss_of_function,0.7893,pathogenic,https://doi.org/10.1101/2022.10.22.513328
A312V,0.39541,-0.1517,0.1284245520387505,Neutral,Neutral,45.2,,,0.087,"cBioPortal,COSMIC",UP,neutral,neutral,stabilizing,,,,49.23,H,-0.0614,1.6253,-3.1636,loss_of_function,0.3094,benign,https://doi.org/10.1101/2022.10.22.513328
H315Q,-0.71285,0.04898,0.3072503281614641,Neutral,Neutral,87.9,,,0.080,"cBioPortal,COSMIC",DOWN,neutral,neutral,neutral,,,,52.19,H,-0.0409,1.6935,-8.8136,loss_of_function,0.3724,ambiguous,https://doi.org/10.1101/2022.10.22.513328
H315R,-0.67593,-0.00612,-0.2110240934048218,Neutral,Neutral,87.9,,,0.154,"cBioPortal,COSMIC",UP,neutral,neutral,neutral,,,,52.19,H,-0.0676,1.6935,-0.6897,loss_of_function,0.2746,benign,https://doi.org/10.1101/2022.10.22.513328
M317I,0.37798,0.79524,0.0363971849038669,Neutral,Neutral,26.8,,,0.248,"cBioPortal,COSMIC",-,uncertain,uncertain,uncertain,,,,65.42,H,-0.1656,0.6676,-4.2224,loss_of_function,0.9449,pathogenic,https://doi.org/10.1101/2022.10.22.513328
R318K,-0.17802,0.12993,0.1840989110410912,Neutral,Neutral,79.5,,,,clinvar,-,uncertain,uncertain,uncertain,,,,64.22,H,-0.0776,1.288,-1.8616,loss_of_function,0.0892,benign,https://doi.org/10.1101/2022.10.22.513328
H321Y,-0.71224,-0.90136,-0.3058180218635276,Neutral,Neutral,79.4,,3.9797827039e-06,0.148,"cBioPortal,COSMIC",UP,neutral,neutral,neutral,,,,56.01,H,-0.0585,1.479,-7.6864,loss_of_function,0.3043,benign,https://doi.org/10.1101/2022.10.22.513328
M322K,0.88621,-0.38401,0.1873909059743095,Neutral,Neutral,85.3,,,,clinvar,UP,neutral,neutral,neutral,,,,42.68,H,-0.3524,1.1991,-21.9388,loss_of_function,0.1233,benign,https://doi.org/10.1101/2022.10.22.513328
M322V,0.95654,-0.30476,0.1080943744515616,Neutral,Neutral,85.3,,,0.142,cBioPortal,DOWN,neutral,neutral,neutral,,,,42.68,H,-0.1633,1.1991,-7.066,loss_of_function,0.0961,benign,https://doi.org/10.1101/2022.10.22.513328
L324Q,0.21755,1.06837,0.5768166886669074,Neutral,Neutral,80.3,,,0.030,"cBioPortal,COSMIC",DOWN,neutral,neutral,neutral,,,,48.37,H,-0.0572,3.178,-4.4649,loss_of_function,0.0757,benign,https://doi.org/10.1101/2022.10.22.513328
