Mutation,"Stability (FoldX5, alphafold, kcal/mol)","Stability (Rosetta Cartddg2020, alphafold, kcal/mol)","Stability (RaSP, alphafold, kcal/mol)","Stability classification, alphafold, (Rosetta, FoldX)","Stability classification, alphafold, (RaSP, FoldX)","Local Int. (Binding with RUNX1_AFmulti, heterodimer, FoldX5, kcal/mol)","Local Int. (Binding with RUNX1_AFmulti, heterodimer, Rosetta Talaris 2014, kcal/mol)",Local Int. classification (RUNX1_AFmulti),Relative Side Chain Solvent Accessibility in wild-type,gnomAD genome allele frequency,gnomAD exome allele frequency,REVEL score,Mutation sources,AlloSigma2 mutation type,AlloSigma2 predicted consequence - active sites,AlloSigma2 predicted consequence - cofactor sites,AlloSigma2 predicted consequence - pockets and interfaces,ClinVar Variation ID,ClinVar Interpretation,ClinVar Review Status,AlphaFold2 model pLDDT score,AlphaFold2 model secondary structure,DeMaSk delta fitness,DeMaSk Shannon entropy,DeMaSk log2 variant frequency,DeMaSk predicted consequence,GEMME Score,EVE score,EVE classification (25% Uncertain),AlphaMissense pathogenicity score,AlphaMissense classification,References
R3C,-0.05578,0.99014,1.2000725464613122,Neutral,Neutral,0.72706,0.38668,Neutral,81.8,,,0.358,"cBioPortal,COSMIC",DOWN,neutral,neutral,destabilizing,,,,76.45,S,-0.3821,0.3436,-21.2593,loss_of_function,-5.59316899075022,0.8918655198646325,Pathogenic,0.9974,pathogenic,10.1101/2022.10.22.513328; 37085483
R3G,0.77043,1.79082,1.342069286847976,Neutral,Neutral,0.85734,0.38999,Neutral,81.8,,,0.804,cBioPortal,DOWN,neutral,neutral,destabilizing,,,,76.45,S,-0.4086,0.3436,-21.2593,loss_of_function,-5.59316899075022,0.9223270984023532,Pathogenic,0.9887,pathogenic,10.1101/2022.10.22.513328; 37085483
R3L,-0.25653,0.27449,-0.0603780690901256,Neutral,Neutral,-0.27746,0.5219,Neutral,81.8,,,,cBioPortal,DOWN,neutral,neutral,destabilizing,,,,76.45,S,-0.3757,0.3436,-21.2593,loss_of_function,-5.59316899075022,0.9215439777898072,Pathogenic,0.9911,pathogenic,10.1101/2022.10.22.513328; 37085483
V4D,4.88418,5.60136,3.602893071134361,Destabilizing,Destabilizing,0.04154,-0.04587,Neutral,0.7,,,0.473,COSMIC,DOWN,neutral,neutral,neutral,,,,85.47,S,-0.4937,0.2051,-21.265,loss_of_function,-5.87510524470835,0.9306335173466344,Pathogenic,0.9993,pathogenic,10.1101/2022.10.22.513328; 37085483
V4F,10.79998,5.18741,2.500345402707518,Destabilizing,Uncertain,-0.02792,0.08185,Neutral,0.7,,,0.493,"cBioPortal,COSMIC",UP,neutral,neutral,neutral,,,,85.47,S,-0.4043,0.2051,-21.265,loss_of_function,-5.87510524470835,0.9306480093696404,Pathogenic,0.9976,pathogenic,10.1101/2022.10.22.513328; 37085483
V4G,3.23127,3.62721,3.6762302837645633,Destabilizing,Destabilizing,0.15244,-0.08742,Neutral,0.7,,,0.816,"cBioPortal,COSMIC",DOWN,neutral,neutral,neutral,,,,85.47,S,-0.4529,0.2051,-21.265,loss_of_function,-5.87510524470835,0.9306531178830886,Pathogenic,0.9828,pathogenic,10.1101/2022.10.22.513328; 37085483
P6L,0.74963,0.02449,-0.0667714815395376,Neutral,Neutral,0.05912,0.00861,Neutral,87.0,,,0.766,cBioPortal,UP,neutral,neutral,stabilizing,,,,83.69,S,-0.1815,1.1985,-5.661,loss_of_function,-3.0860043036111,0.3012757905188526,Benign,0.8927,pathogenic,10.1101/2022.10.22.513328; 37085483
D7A,3.08384,1.75884,0.939155058806343,Uncertain,Uncertain,-0.01146,-0.15976,Neutral,84.5,,,0.188,"cBioPortal,COSMIC",DOWN,neutral,neutral,stabilizing,,,,87.93,S,-0.2632,0.8756,-21.2764,loss_of_function,-5.39484954854208,0.8484037125156378,Pathogenic,0.9446,pathogenic,10.1101/2022.10.22.513328; 37085483
D7E,0.91507,1.4466,0.6083678660108166,Neutral,Neutral,-0.06738,-0.13654,Neutral,84.5,,0.0,0.150,"cBioPortal,COSMIC",UP,neutral,neutral,stabilizing,,,,87.93,S,-0.1227,0.8756,-4.5293,loss_of_function,-0.278800117622521,0.1076232781395339,Benign,0.6215,pathogenic,10.1101/2022.10.22.513328; 37085483
D7N,1.72834,0.40748,0.0116968170296594,Neutral,Neutral,0.00584,-0.07384,Neutral,84.5,,0.0,0.154,cBioPortal,-,uncertain,uncertain,uncertain,,,,87.93,S,-0.1378,0.8756,-3.2338,loss_of_function,-1.33346381730377,5.7129633203257165e-06,Benign,0.6513,pathogenic,10.1101/2022.10.22.513328; 37085483
Q8H,7.93423,2.82891,1.0265718974258893,Uncertain,Uncertain,0.1928,0.00839,Neutral,1.7,,,"0.583, 0.860","cBioPortal,COSMIC",UP,neutral,neutral,neutral,,,,91.78,H,-0.2858,0.1111,-21.2821,loss_of_function,-6.05409100914017,0.9263125572977708,Pathogenic,0.9996,pathogenic,10.1101/2022.10.22.513328; 37085483
Q8R,5.92954,8.92449,1.136878100106754,Destabilizing,Uncertain,0.03378,0.13531,Neutral,1.7,,,0.785,cBioPortal,UP,neutral,neutral,neutral,,,,91.78,H,-0.2487,0.1111,-7.9942,loss_of_function,-5.80838419657528,0.930849622500082,Pathogenic,0.995,pathogenic,10.1101/2022.10.22.513328; 37085483
R9G,0.65039,1.6432,1.7817401628180998,Neutral,Neutral,,,Uncertain,52.0,,,0.273,COSMIC,DOWN,neutral,neutral,neutral,,,,92.14,H,-0.3221,1.2845,-21.2764,loss_of_function,-4.72794590955212,0.2665376494433598,Benign,0.9255,pathogenic,10.1101/2022.10.22.513328; 37085483
R9S,0.49769,1.32007,1.2968921397754802,Neutral,Neutral,,,Uncertain,52.0,,,0.185,cBioPortal,DOWN,neutral,neutral,neutral,,,,92.14,H,-0.2195,1.2845,-7.9886,loss_of_function,-3.39370477977773,0.0830091412657898,Benign,0.9853,pathogenic,10.1101/2022.10.22.513328; 37085483
S10C,0.45432,1.10612,0.8962874728556225,Neutral,Neutral,,,Uncertain,50.7,,,0.170,"cBioPortal,COSMIC",UP,neutral,neutral,neutral,,,,93.24,H,-0.0999,2.4579,-21.2764,loss_of_function,-2.322273085672,0.0200653326855012,Benign,0.3357,benign,10.1101/2022.10.22.513328; 37085483
F12I,2.62148,5.11156,3.737344104431038,Uncertain,Uncertain,,,,13.1,,,0.412,cBioPortal,DOWN,neutral,neutral,neutral,,,,93.88,H,-0.3548,0.3641,-21.2821,loss_of_function,-5.99015851260003,0.930832009853708,Pathogenic,0.9994,pathogenic,10.1101/2022.10.22.513328; 37085483
F12L,1.35164,3.3619,3.0899083945767845,Uncertain,Uncertain,,,,13.1,,,"0.351, 0.358","cBioPortal,COSMIC",DOWN,neutral,neutral,neutral,,,,93.88,H,-0.317,0.3641,-21.2821,loss_of_function,-5.99015851260003,0.9300221517231532,Pathogenic,0.9998,pathogenic,10.1101/2022.10.22.513328; 37085483
E13D,0.60502,-0.02755,0.4754757736568121,Neutral,Neutral,,,Uncertain,58.7,,,0.289,cBioPortal,DOWN,neutral,neutral,neutral,,,,93.63,H,-0.113,0.8434,-3.4708,loss_of_function,-0.185539360455321,0.0026336828132533,Benign,0.344,ambiguous,10.1101/2022.10.22.513328; 37085483
E16K,-0.07792,0.50816,0.3598973986881448,Neutral,Neutral,0.23768,0.02216,Neutral,79.9,,,0.784,cBioPortal,UP,neutral,neutral,neutral,,,,92.42,H,-0.1949,0.8157,-7.9886,loss_of_function,-4.87293093224503,0.8148912342883338,Pathogenic,0.999,pathogenic,10.1101/2022.10.22.513328; 37085483
F18L,1.17766,2.29524,2.937788018078152,Uncertain,Uncertain,-0.04012,-0.00685,Neutral,0.0,,,0.184,cBioPortal,DOWN,neutral,neutral,neutral,,,,93.7,H,-0.2292,0.4141,-4.9943,loss_of_function,-3.5897732656764,0.0757487225508436,Benign,0.9973,pathogenic,10.1101/2022.10.22.513328; 37085483
L21P,5.5507,10.48265,7.627550576299171,Destabilizing,Destabilizing,0.12386,0.09686,Neutral,0.2,,,0.401,cBioPortal,DOWN,neutral,neutral,neutral,,,,93.55,H,-0.4399,0.6321,-21.2933,loss_of_function,-5.55474243769903,0.9131341923674662,Pathogenic,0.9998,pathogenic,10.1101/2022.10.22.513328; 37085483
L21R,5.07107,6.70408,3.772120837258604,Destabilizing,Destabilizing,0.0459,0.24254,Neutral,0.2,,,0.827,"cBioPortal,COSMIC",UP,neutral,neutral,neutral,,,,93.55,H,-0.4367,0.6321,-21.2933,loss_of_function,-5.55474243769903,0.9127724847992624,Pathogenic,0.9981,pathogenic,10.1101/2022.10.22.513328; 37085483
L21V,1.80347,2.61735,2.1717655969077208,Uncertain,Uncertain,0.1092,0.15634,Neutral,0.2,,,0.173,"cBioPortal,COSMIC",DOWN,neutral,neutral,neutral,,,,93.55,H,-0.1873,0.6321,-5.6837,loss_of_function,-2.56130464885595,0.7580603020922575,Pathogenic,0.9539,pathogenic,10.1101/2022.10.22.513328; 37085483
R23H,0.44645,0.04048,0.2190033764946058,Neutral,Neutral,,,Uncertain,79.4,,,0.309,cBioPortal,DOWN,neutral,neutral,destabilizing,,,,93.55,S,-0.2532,0.4732,-6.0056,loss_of_function,-3.65682295151503,0.6868635187258527,Pathogenic,0.985,pathogenic,10.1101/2022.10.22.513328; 37085483
E26A,0.78345,0.39388,0.4505550167247901,Neutral,Neutral,-0.01824,-0.0693,Neutral,48.1,,,0.404,COSMIC,DOWN,neutral,neutral,neutral,,,,97.26,E,-0.2463,0.7616,-21.3962,loss_of_function,-3.84212411551646,0.7959779260425557,Pathogenic,0.9903,pathogenic,10.1101/2022.10.22.513328; 37085483
I27F,11.93663,3.30884,4.328417955240098,Destabilizing,Destabilizing,-0.00346,0.29053,Neutral,0.0,,,0.387,cBioPortal,UP,neutral,neutral,neutral,,,,97.38,E,-0.2838,1.0819,-21.4676,loss_of_function,-4.94325179071765,0.6650367551049239,Uncertain,0.9929,pathogenic,10.1101/2022.10.22.513328; 37085483
K28R,0.32764,-0.37755,0.1437303283675706,Neutral,Neutral,0.0123,-0.13721,Neutral,51.5,,,0.248,cBioPortal,-,uncertain,uncertain,uncertain,,,,97.09,E,-0.0344,1.2281,-0.932,loss_of_function,-0.413561566160374,2.5367220411767517e-15,Benign,0.1501,benign,10.1101/2022.10.22.513328; 37085483
T30K,0.66622,0.47041,0.1759102893185971,Neutral,Neutral,0.66854,0.30215,Neutral,7.2,,,0.590,cBioPortal,UP,neutral,neutral,neutral,,,,95.77,-,-0.3598,0.4586,-21.4726,loss_of_function,-5.70368105124282,0.9084444766851304,Pathogenic,0.9986,pathogenic,10.1101/2022.10.22.513328; 37085483
T30R,0.63674,0.88469,-0.2386406636543847,Neutral,Neutral,-0.30742,0.19341,Neutral,7.2,,,0.917,cBioPortal,UP,neutral,neutral,neutral,,,,95.77,-,-0.3626,0.4586,-21.4726,loss_of_function,-5.70368105124282,0.8648105845237868,Pathogenic,0.996,pathogenic,10.1101/2022.10.22.513328; 37085483
G31D,2.09412,0.11361,0.2833315270320985,Uncertain,Uncertain,0.18066,-0.13704,Neutral,23.8,,,0.601,cBioPortal,UP,neutral,neutral,neutral,,,,93.12,T,-0.3157,0.6145,-8.1847,loss_of_function,-4.57289880476127,0.813350977577814,Pathogenic,0.9995,pathogenic,10.1101/2022.10.22.513328; 37085483
F32C,0.83107,1.95544,3.026448019645517,Neutral,Uncertain,-0.0045,0.0739,Neutral,54.7,,,0.879,"cBioPortal,COSMIC",DOWN,neutral,neutral,neutral,,,,93.14,T,-0.2063,1.5153,-8.1847,loss_of_function,-4.51798259375593,0.0038045464272621,Benign,0.9918,pathogenic,10.1101/2022.10.22.513328; 37085483
R35P,2.92597,5.55714,5.197206234724354,Uncertain,Uncertain,0.05086,-0.0667,Neutral,51.1,,,0.588,"cBioPortal,COSMIC",DOWN,neutral,neutral,neutral,,,,94.69,S,-0.428,0.5121,-7.1848,loss_of_function,-5.72642084078245,0.912966456748437,Pathogenic,0.9988,pathogenic,10.1101/2022.10.22.513328; 37085483
R35W,-0.82074,0.16905,-0.0315110738984736,Neutral,Neutral,0.05728,,Uncertain,51.1,,,0.445,cBioPortal,UP,neutral,neutral,neutral,,,,94.69,S,-0.3766,0.5121,-21.4726,loss_of_function,-5.72642084078245,0.9137255937147248,Pathogenic,0.9969,pathogenic,10.1101/2022.10.22.513328
P36A,1.38742,1.03163,-0.0396663406942943,Neutral,Neutral,,,Uncertain,74.8,,,0.246,cBioPortal,DOWN,neutral,neutral,neutral,,,,96.1,-,-0.1437,1.0092,-4.3775,loss_of_function,-2.2013522741279,0.2047606073518579,Benign,0.6593,pathogenic,10.1101/2022.10.22.513328; 37085483
P36H,2.09603,0.5051,-0.4612274345954814,Uncertain,Uncertain,,,Uncertain,74.8,,,0.469,"cBioPortal,COSMIC",UP,neutral,neutral,neutral,,,,96.1,-,-0.2696,1.0092,-21.4726,loss_of_function,-5.57290628143474,0.8470911510815867,Pathogenic,0.9636,pathogenic,10.1101/2022.10.22.513328; 37085483
P36S,0.83438,0.89082,-0.1993315478399493,Neutral,Neutral,,,Uncertain,74.8,,,0.655,cBioPortal,DOWN,neutral,neutral,neutral,,,,96.1,-,-0.1424,1.0092,-4.1849,loss_of_function,-1.93486373463647,0.0092552889919967,Benign,0.7932,pathogenic,10.1101/2022.10.22.513328; 37085483
H37Q,0.1385,0.72007,0.7099975974389924,Neutral,Neutral,,,Uncertain,53.0,,,0.510,COSMIC,DOWN,neutral,neutral,neutral,,,,95.63,H,0.0931,2.8206,-2.863,gain_of_function,-0.94620012222859,2.298791157016428e-08,Benign,0.5615,ambiguous,10.1101/2022.10.22.513328; 37085483
H37Y,0.11625,1.66054,0.1757225890933739,Neutral,Neutral,,,Uncertain,53.0,,,0.135,COSMIC,UP,neutral,neutral,neutral,,,,95.63,H,0.0624,2.8206,-8.1847,gain_of_function,-2.36733766931776,0.0004661523344875,Benign,0.4117,ambiguous,10.1101/2022.10.22.513328; 37085483
E38K,1.74302,0.1619,0.4973551886476135,Neutral,Neutral,,,Uncertain,96.7,,,0.481,cBioPortal,UP,neutral,neutral,neutral,,,,95.56,H,-0.2412,1.0603,-21.4726,loss_of_function,-5.07349799124182,0.8068367884889629,Pathogenic,0.9305,pathogenic,10.1101/2022.10.22.513328; 37085483
E39G,1.77976,2.58265,1.624654634389046,Uncertain,Neutral,,,Uncertain,37.9,,,0.566,"cBioPortal,COSMIC",DOWN,neutral,neutral,neutral,,,,96.41,H,-0.3183,0.2628,-21.4726,loss_of_function,-6.01093934976866,0.930546056094379,Pathogenic,0.989,pathogenic,10.1101/2022.10.22.513328; 37085483
E39K,0.76479,1.63673,0.6155342533530972,Neutral,Neutral,,,Uncertain,37.9,,,0.869,cBioPortal,UP,neutral,neutral,neutral,,,,96.41,H,-0.3146,0.2628,-21.4726,loss_of_function,-6.01093934976866,0.9293352210039963,Pathogenic,0.9983,pathogenic,10.1101/2022.10.22.513328; 37085483
R40H,15.09844,3.3119,1.725415822263661,Destabilizing,Uncertain,,,,19.2,,,0.565,"cBioPortal,COSMIC",DOWN,neutral,neutral,neutral,,,,96.64,H,-0.3476,0.3059,-21.4775,loss_of_function,-6.13951526809237,0.9234671117665126,Pathogenic,0.9991,pathogenic,10.1101/2022.10.22.513328; 37085483
R40S,3.67369,3.3881,2.416574048864948,Destabilizing,Uncertain,,,,19.2,,,,cBioPortal,DOWN,neutral,neutral,neutral,,,,96.64,H,-0.3784,0.3059,-21.4775,loss_of_function,-6.13951526809237,0.9298534997703644,Pathogenic,0.9999,pathogenic,10.1101/2022.10.22.513328; 37085483
A42T,0.05939,-0.14796,0.0681968449719244,Neutral,Neutral,,,Uncertain,74.8,,,0.158,cBioPortal,UP,neutral,neutral,neutral,,,,95.38,H,0.0517,2.9892,-5.0199,gain_of_function,-0.0200818887868244,2.877808412987884e-06,Benign,0.1014,benign,10.1101/2022.10.22.513328; 37085483
R43C,0.91146,0.91122,1.8865099683218367,Neutral,Neutral,,,Uncertain,44.1,,0.0,0.315,"cBioPortal,COSMIC",DOWN,neutral,neutral,neutral,,,,95.26,H,-0.2655,0.8306,-7.1898,loss_of_function,-4.48867812602018,0.7029787205245606,Pathogenic,0.9861,pathogenic,10.1101/2022.10.22.513328; 37085483
R43G,1.45694,1.75,2.586394159381625,Neutral,Uncertain,,,Uncertain,44.1,,,0.408,"cBioPortal,COSMIC",DOWN,neutral,neutral,neutral,,,,95.26,H,-0.2971,0.8306,-8.1897,loss_of_function,-1.81448531968468,0.7947999864467128,Pathogenic,0.9864,pathogenic,10.1101/2022.10.22.513328; 37085483
R43P,3.19669,8.77619,7.5992820801418866,Destabilizing,Destabilizing,,,Uncertain,44.1,,,0.845,"cBioPortal,COSMIC",DOWN,neutral,neutral,neutral,,,,95.26,H,-0.4716,0.8306,-21.4775,loss_of_function,-5.43899895341339,0.8372611868659698,Pathogenic,0.9983,pathogenic,10.1101/2022.10.22.513328; 37085483
F44V,5.83096,3.47959,3.6500248356591634,Destabilizing,Destabilizing,,,,0.0,,,0.598,"cBioPortal,COSMIC",DOWN,neutral,neutral,neutral,,,,95.83,H,-0.3614,0.2422,-21.4825,loss_of_function,-5.5608882057073,0.9295570707125804,Pathogenic,0.9974,pathogenic,10.1101/2022.10.22.513328; 37085483
C48R,4.65469,4.00816,3.866308330070814,Destabilizing,Destabilizing,,,,0.5,,,0.491,cBioPortal,UP,neutral,neutral,neutral,,,,91.95,H,-0.4503,0.9845,-21.4825,loss_of_function,-5.46032656106477,0.858420161918541,Pathogenic,0.9979,pathogenic,10.1101/2022.10.22.513328; 37085483
R49C,1.69663,0.53469,1.283884340120972,Neutral,Neutral,,,Uncertain,61.2,,,0.773,cBioPortal,DOWN,neutral,neutral,neutral,,,,89.19,H,-0.2472,0.9574,-5.8777,loss_of_function,-2.95764570817772,0.6198030842640211,Uncertain,0.8054,pathogenic,10.1101/2022.10.22.513328; 37085483
G51C,10.31854,4.02347,5.027298474287925,Destabilizing,Destabilizing,-0.03606,-0.27424,Neutral,0.0,,,0.811,"cBioPortal,COSMIC",UP,neutral,neutral,neutral,,,,91.28,T,-0.4097,0.3249,-21.4923,loss_of_function,-5.45499566212144,0.930845654328046,Pathogenic,0.9988,pathogenic,10.1101/2022.10.22.513328; 37085483
G51S,9.14007,3.92619,4.431333016567415,Destabilizing,Destabilizing,-0.06162,-0.14179,Neutral,0.0,,,0.528,"cBioPortal,COSMIC",UP,neutral,neutral,neutral,,,,91.28,T,-0.288,0.3249,-8.2044,loss_of_function,-5.45499566212144,0.929505094435374,Pathogenic,0.9965,pathogenic,10.1101/2022.10.22.513328; 37085483
G51V,13.69906,9.5068,6.757651935921558,Destabilizing,Destabilizing,0.1708,0.01802,Neutral,0.0,,,0.744,cBioPortal,UP,neutral,neutral,neutral,,,,91.28,T,-0.4367,0.3249,-21.4923,loss_of_function,-5.9354852876856,0.9306053804133624,Pathogenic,0.9998,pathogenic,10.1101/2022.10.22.513328; 37085483
R52H,1.47548,-0.19626,0.3463788841634341,Neutral,Neutral,-0.02734,0.00036,Neutral,62.4,,1.858235234e-05,0.197,COSMIC,DOWN,neutral,neutral,neutral,,,,92.28,E,-0.0929,1.9437,-1.1058,loss_of_function,-1.22367230345754,1.2336491754956704e-16,Benign,0.7112,pathogenic,10.1101/2022.10.22.513328; 37085483
S53W,19.81024,2.64796,3.062846870669006,Uncertain,Destabilizing,0.21054,0.01484,Neutral,7.2,,,0.252,"cBioPortal,COSMIC",UP,neutral,neutral,stabilizing,,,,94.76,E,-0.0869,2.2801,-8.2287,loss_of_function,-4.23444814053186,0.0005904178082894,Benign,0.9962,pathogenic,10.1101/2022.10.22.513328; 37085483
I55N,4.4414,4.12211,2.636331715810647,Destabilizing,Uncertain,0.2116,0.10699,Neutral,0.0,,,0.331,cBioPortal,DOWN,neutral,neutral,neutral,,,,96.62,E,-0.3087,1.6421,-21.5213,loss_of_function,-3.4010255000511,0.6729703863260168,Uncertain,0.9982,pathogenic,10.1101/2022.10.22.513328; 37085483
A56D,2.71615,2.23571,0.3204888428027058,Uncertain,Uncertain,5.78494,0.73164,Uncertain,11.6,,,0.643,cBioPortal,UP,neutral,neutral,neutral,,,,96.72,E,-0.3249,1.0247,-21.6231,loss_of_function,-5.58638712210222,0.8149847639990394,Pathogenic,0.9998,pathogenic,10.1101/2022.10.22.513328; 37085483
A56G,1.13439,1.90782,1.0792624107296682,Neutral,Neutral,0.4446,0.37229,Neutral,11.6,,,0.637,"cBioPortal,COSMIC",DOWN,neutral,neutral,neutral,,,,96.72,E,-0.1608,1.0247,-6.7504,loss_of_function,-4.42987406119523,0.5130021892633764,Uncertain,0.9661,pathogenic,10.1101/2022.10.22.513328; 37085483
A56V,-0.90833,-0.72823,-0.9030153609229968,Neutral,Neutral,2.67618,1.52851,Destabilizing,11.6,,,0.737,cBioPortal,UP,neutral,neutral,neutral,,,,96.72,E,-0.1269,1.0247,-5.1655,loss_of_function,-4.29967206418388,0.5215996067546544,Uncertain,0.9943,pathogenic,10.1101/2022.10.22.513328; 37085483
V58E,0.23792,1.00952,0.6250675023072302,Neutral,Neutral,0.48578,0.01902,Neutral,44.4,,,0.913,cBioPortal,-,uncertain,uncertain,uncertain,,,,95.02,T,-0.2995,1.8712,-21.6096,loss_of_function,-5.11234203443177,0.3392951999908457,Uncertain,0.998,pathogenic,10.1101/2022.10.22.513328; 37085483
A59S,0.42025,0.44218,0.2819839723156497,Neutral,Neutral,0.02756,-0.00898,Neutral,75.4,,,0.256,cBioPortal,-,uncertain,uncertain,uncertain,,,,90.79,T,-0.0699,1.523,-3.567,loss_of_function,-1.00443686924115,2.5661115419126915e-08,Benign,0.4368,ambiguous,10.1101/2022.10.22.513328; 37085483
G61E,2.7179,1.52551,0.4254359070352009,Uncertain,Uncertain,24.60677,3.74555,Destabilizing,96.9,,,0.774,cBioPortal,UP,neutral,neutral,neutral,,,,92.88,-,-0.4183,0.2369,-21.6142,loss_of_function,-6.77025567265915,0.9235333791262044,Pathogenic,1.0,pathogenic,10.1101/2022.10.22.513328; 37085483
G61R,2.25182,1.59966,-0.0284361756843426,Uncertain,Uncertain,24.79074,3.67248,Destabilizing,96.9,,,0.834,cBioPortal,UP,neutral,neutral,neutral,,,,92.88,-,-0.4352,0.2369,-21.6142,loss_of_function,-6.77025567265915,0.9212157005489324,Pathogenic,0.9999,pathogenic,10.1101/2022.10.22.513328; 37085483
G61V,4.32824,6.0534,1.4717268515750337,Destabilizing,Uncertain,22.7353,4.11209,Destabilizing,96.9,,,0.850,cBioPortal,UP,neutral,neutral,neutral,,,,92.88,-,-0.3725,0.2369,-7.3264,loss_of_function,-6.77025567265915,0.9295315008308294,Pathogenic,0.9999,pathogenic,10.1101/2022.10.22.513328; 37085483
N63I,-0.41184,-1.21973,-0.875251374720098,Neutral,Neutral,0.2493,0.72801,Neutral,72.5,,,0.597,"cBioPortal,COSMIC",UP,neutral,neutral,neutral,,,,95.24,E,-0.2505,0.6264,-8.3173,loss_of_function,-5.69929313924651,0.918972777172417,Pathogenic,0.985,pathogenic,10.1101/2022.10.22.513328; 37085483
N63S,0.81447,0.08197,0.5577946526904084,Neutral,Neutral,1.4923,0.84967,Uncertain,72.5,,7.9534247447e-06,0.737,"cBioPortal,COSMIC",DOWN,neutral,neutral,neutral,,,,95.24,E,-0.165,0.6264,-7.3173,loss_of_function,-3.68729958602555,0.6130258187124206,Uncertain,0.8785,pathogenic,10.1101/2022.10.22.513328; 37085483
N63Y,-0.64613,-1.17517,-0.8150629728631698,Neutral,Neutral,5.42562,1.09578,Destabilizing,72.5,,,0.764,cBioPortal,UP,neutral,neutral,neutral,,,,95.24,E,-0.3087,0.6264,-21.6051,loss_of_function,-5.55308242126271,0.9139250855388494,Pathogenic,0.9901,pathogenic,10.1101/2022.10.22.513328; 37085483
L64P,7.19879,3.70952,7.379760555697055,Destabilizing,Destabilizing,1.60094,1.73435,Destabilizing,6.6,,,0.678,COSMIC,DOWN,neutral,neutral,neutral,,,,95.07,E,-0.3269,1.1403,-8.3173,loss_of_function,-5.6143421971021,0.8473549763234615,Pathogenic,0.9999,pathogenic,10.1101/2022.10.22.513328; 37085483
L64R,3.01884,7.08878,3.286323067417246,Destabilizing,Destabilizing,1.81132,0.04051,Uncertain,6.6,,,0.741,cBioPortal,UP,neutral,neutral,stabilizing,,,,95.07,E,-0.3915,1.1403,-21.6051,loss_of_function,-5.6143421971021,0.8488375137876112,Pathogenic,0.9981,pathogenic,10.1101/2022.10.22.513328; 37085483
S65A,-0.09265,0.2,-0.0246348488401099,Neutral,Neutral,-0.0065,-0.26107,Neutral,81.5,,,0.388,cBioPortal,-,uncertain,uncertain,uncertain,,,,94.65,E,-0.014,2.124,-8.3173,loss_of_function,-1.23073015758626,1.8563120461338262e-08,Benign,0.4187,ambiguous,10.1101/2022.10.22.513328; 37085483
L66F,7.47423,1.46327,2.3841732339574744,Uncertain,Uncertain,0.60786,0.15266,Neutral,0.0,,,0.471,cBioPortal,UP,neutral,neutral,stabilizing,,,,94.71,E,-0.3268,0.2488,-21.5961,loss_of_function,-6.69695981761924,0.8389895924209908,Pathogenic,0.9875,pathogenic,10.1101/2022.10.22.513328; 37085483
L66V,3.43764,2.97007,2.316720013244025,Uncertain,Uncertain,0.18416,-0.06442,Neutral,0.0,,,0.626,cBioPortal,DOWN,neutral,neutral,neutral,,,,94.71,E,-0.3037,0.2488,-21.5961,loss_of_function,-4.01984354851145,0.93057062571817,Pathogenic,0.8614,pathogenic,10.1101/2022.10.22.513328; 37085483
Q67H,0.32582,1.25476,-0.2192160190487357,Neutral,Neutral,-1.15082,-0.31494,Uncertain,65.6,,,0.541,"cBioPortal,COSMIC",UP,neutral,neutral,stabilizing,,,,93.65,E,0.0117,2.4951,-5.9542,gain_of_function,-2.10193962133896,3.999284753602749e-06,Benign,0.7803,pathogenic,10.1101/2022.10.22.513328; 37085483
F68V,6.92119,4.40102,3.4379782899326363,Destabilizing,Destabilizing,0.0105,-0.11107,Neutral,0.0,,,0.725,cBioPortal,DOWN,neutral,neutral,neutral,,,,92.95,-,-0.2446,0.6521,-5.9864,loss_of_function,-5.17304180678715,0.8814816905071035,Pathogenic,0.9953,pathogenic,10.1101/2022.10.22.513328; 37085483
F69C,3.36783,3.80408,4.031256350464973,Destabilizing,Destabilizing,0.00564,-0.03645,Neutral,5.4,,,0.405,cBioPortal,DOWN,neutral,neutral,neutral,,,,90.98,S,-0.0825,2.7496,-6.1799,loss_of_function,-2.33524804650952,3.788267956816818e-09,Benign,0.9496,pathogenic,10.1101/2022.10.22.513328; 37085483
F69V,1.7523,2.84592,3.0233222745457144,Uncertain,Uncertain,-0.0664,-0.06707,Neutral,5.4,,,0.377,"cBioPortal,COSMIC",DOWN,neutral,neutral,neutral,,,,90.98,S,-0.0526,2.7496,-6.1799,loss_of_function,-4.11235441625935,9.422150136545005e-09,Benign,0.9533,pathogenic,10.1101/2022.10.22.513328; 37085483
P70L,1.88535,1.63707,-0.2707210017534917,Neutral,Neutral,0.03804,0.13013,Neutral,48.6,,3.9769021523e-06,0.698,"cBioPortal,COSMIC",UP,neutral,neutral,neutral,,,,85.77,-,-0.1513,1.5808,-6.6293,loss_of_function,-3.59656001954013,0.3865259868897607,Uncertain,0.8166,pathogenic,10.1101/2022.10.22.513328; 37085483
P70S,2.009,0.67347,-0.0832199383500204,Uncertain,Uncertain,-0.00332,-0.21438,Neutral,48.6,,,0.325,cBioPortal,DOWN,neutral,neutral,neutral,,,,85.77,-,-0.0879,1.5808,-3.822,loss_of_function,-0.859466549740834,4.1481577332877257e-05,Benign,0.6278,pathogenic,10.1101/2022.10.22.513328; 37085483
A71T,1.31054,0.56667,0.2456428233206764,Neutral,Neutral,0.08046,-0.1756,Neutral,31.7,,,0.237,cBioPortal,UP,neutral,neutral,neutral,,,,79.77,T,0.0217,2.6631,-5.0149,gain_of_function,-1.21340850877343,1.4684461445072045e-06,Benign,0.1761,benign,10.1101/2022.10.22.513328; 37085483
Q74K,0.105,1.33605,-0.1333221736127393,Neutral,Neutral,0.0112,-0.11196,Neutral,100.2,,,0.115,"cBioPortal,COSMIC",UP,neutral,neutral,stabilizing,,,,66.26,-,0.0298,3.0649,-6.4094,gain_of_function,-2.1039555674323,6.234695634318262e-09,Benign,0.309,benign,10.1101/2022.10.22.513328; 37085483
G75E,-0.60706,-0.66259,-0.8271678834618096,Neutral,Neutral,-0.03566,0.227,Neutral,77.2,,3.9765542362e-06,0.381,cBioPortal,UP,neutral,neutral,neutral,,,,58.51,-,-0.1765,2.1118,-8.0443,loss_of_function,-1.95753502371626,1.4755459974728688e-14,Benign,0.7799,pathogenic,10.1101/2022.10.22.513328; 37085483
S82T,1.0487,0.21224,0.374206869377548,Neutral,Neutral,,,Uncertain,71.1,,,0.106,cBioPortal,UP,neutral,neutral,neutral,,,,88.96,-,0.104,2.9308,-1.5641,gain_of_function,-0.0038775074315228,3.565091510106428e-12,Benign,0.063,benign,10.1101/2022.10.22.513328; 37085483
R83L,0.57528,0.01497,0.2438569326617706,Neutral,Neutral,,,Uncertain,64.1,,,0.315,"cBioPortal,COSMIC",DOWN,neutral,neutral,neutral,,,,90.33,T,-0.1085,2.4625,-7.1085,loss_of_function,-3.64916171859583,0.0002960210662174,Benign,0.6338,pathogenic,10.1101/2022.10.22.513328; 37085483
R83P,-0.36939,-0.60782,2.5760190452054808,Neutral,Uncertain,,,Uncertain,64.1,,,0.365,cBioPortal,DOWN,neutral,neutral,neutral,,,,90.33,T,-0.2533,2.4625,-8.1084,loss_of_function,-2.04081509096582,1.2078981056135849e-06,Benign,0.5642,pathogenic,10.1101/2022.10.22.513328; 37085483
R83Q,-0.01495,0.2466,0.976644245704964,Neutral,Neutral,,,Uncertain,64.1,,3.9766174892e-06,0.185,"cBioPortal,COSMIC",DOWN,neutral,neutral,neutral,,,,90.33,T,-0.074,2.4625,-5.7866,loss_of_function,-0.482569037387413,3.285710490206543e-07,Benign,0.2029,benign,10.1101/2022.10.22.513328; 37085483
E84D,0.049,-0.24082,0.2719376652201122,Neutral,Neutral,,,Uncertain,69.3,,,0.180,"cBioPortal,COSMIC",DOWN,neutral,neutral,destabilizing,,,,92.04,T,-0.0188,1.8341,-2.869,loss_of_function,-0.202799010829227,1.3079938349857986e-05,Benign,0.096,benign,10.1101/2022.10.22.513328; 37085483
D87H,1.84611,2.82857,1.2321513132619062,Uncertain,Neutral,,,Uncertain,22.7,,,0.939,cBioPortal,UP,neutral,neutral,neutral,,,,94.36,E,-0.292,0.6796,-21.5638,loss_of_function,-6.11875264605988,0.9075332819486966,Pathogenic,0.9573,pathogenic,10.1101/2022.10.22.513328; 37085483
D87N,0.49535,0.83537,1.084981108225842,Neutral,Neutral,,,Uncertain,22.7,,7.9539940981e-06,0.602,"cBioPortal,COSMIC",-,uncertain,uncertain,uncertain,,,,94.36,E,-0.1612,0.6796,-4.2761,loss_of_function,-1.49995683032916,0.0223417352976311,Benign,0.5061,ambiguous,10.1101/2022.10.22.513328; 37085483
G93V,5.05862,4.24898,2.622237884999413,Destabilizing,Uncertain,,,Uncertain,73.6,,,0.776,COSMIC,UP,neutral,neutral,neutral,,,,93.74,T,-0.3305,0.6197,-5.9818,loss_of_function,-4.52545739717648,0.8695803506014289,Pathogenic,0.9467,pathogenic,10.1101/2022.10.22.513328; 37085483
K94M,-0.51517,0.08435,-0.0198497764621996,Neutral,Neutral,,,Uncertain,25.9,,,0.428,"cBioPortal,COSMIC",DOWN,neutral,neutral,neutral,,,,96.46,E,-0.1788,0.7575,-5.7549,loss_of_function,-3.32600921994832,0.6342364080724299,Uncertain,0.9544,pathogenic,10.1101/2022.10.22.513328; 37085483
K94R,0.42689,-0.03367,-0.2066100918154295,Neutral,Neutral,,,Uncertain,25.9,,,0.689,COSMIC,-,uncertain,uncertain,uncertain,,,,96.46,E,-0.0993,0.7575,-5.1699,loss_of_function,-0.345182688236657,0.4176840056493314,Uncertain,0.1623,benign,10.1101/2022.10.22.513328; 37085483
V95E,6.96031,6.60714,4.577397945344992,Destabilizing,Destabilizing,,,,0.0,,,0.931,"cBioPortal,COSMIC",-,uncertain,uncertain,uncertain,,,,95.94,E,-0.3511,0.5758,-8.3574,loss_of_function,-5.75691220332848,0.9184488240628884,Pathogenic,0.9973,pathogenic,10.1101/2022.10.22.513328; 37085483
V95L,3.95071,3.44524,1.6744212337913105,Destabilizing,Uncertain,,,,0.0,,,0.334,cBioPortal,UP,neutral,neutral,neutral,,,,95.94,E,-0.2197,0.5758,-6.7726,loss_of_function,-2.825387852824,0.8448432144968905,Pathogenic,0.8926,pathogenic,10.1101/2022.10.22.513328; 37085483
L97F,8.65551,-0.20816,1.6964849330081797,Uncertain,Uncertain,,,,0.0,,,0.242,cBioPortal,UP,neutral,neutral,neutral,,,,96.43,E,-0.15,1.2859,-5.6582,loss_of_function,-3.63598838214961,0.0055799014165803,Benign,0.9183,pathogenic,10.1101/2022.10.22.513328
K98N,1.54053,0.08163,0.9602727313757904,Neutral,Neutral,-0.01096,-0.1089,Neutral,26.4,,3.9798777382e-06,0.233,cBioPortal,DOWN,neutral,neutral,neutral,,,,96.08,E,-0.1082,1.6629,-6.6534,loss_of_function,-3.85674041186359,0.0620658717481616,Benign,0.9935,pathogenic,10.1101/2022.10.22.513328; 37085483
A99S,0.09346,0.95782,1.4113961790282143,Neutral,Neutral,-0.00524,-0.22322,Neutral,0.0,,,0.279,cBioPortal,-,uncertain,uncertain,uncertain,,,,95.38,E,-0.0828,1.2325,-0.8634,loss_of_function,-1.37897754397589,2.0586860950337268e-19,Benign,0.3747,ambiguous,10.1101/2022.10.22.513328; 37085483
A99V,1.9095,0.7881,0.3918241767710062,Neutral,Neutral,-0.108,-0.15076,Neutral,0.0,,,0.735,"cBioPortal,COSMIC",UP,neutral,neutral,neutral,,,,95.38,E,-0.1234,1.2325,-8.2383,loss_of_function,-5.4514096671023,0.0043376437324412,Benign,0.9793,pathogenic,10.1101/2022.10.22.513328; 37085483
P100A,2.21772,1.72483,0.177183029605431,Uncertain,Uncertain,-0.0371,0.0574,Neutral,6.3,,7.9588685672e-06,0.164,COSMIC,DOWN,neutral,neutral,neutral,,,,94.28,E,-0.0289,2.4707,-8.2287,loss_of_function,-2.61817523601021,0.0192735680028347,Benign,0.8877,pathogenic,10.1101/2022.10.22.513328; 37085483
P100S,3.11954,1.51599,0.4132784319994237,Uncertain,Uncertain,0.02084,0.00332,Neutral,6.3,,,0.251,COSMIC,DOWN,neutral,neutral,neutral,,,,94.28,E,-0.0018,2.4707,-2.9809,loss_of_function,-1.97761292409602,3.770423165203532e-11,Benign,0.913,pathogenic,10.1101/2022.10.22.513328; 37085483
M101R,2.47851,3.60952,1.255878879441203,Uncertain,Uncertain,0.53626,0.41226,Neutral,17.5,,,0.745,cBioPortal,UP,neutral,neutral,neutral,,,,92.23,E,-0.2802,1.5233,-8.2899,loss_of_function,-5.40316673197164,0.0043326776613147,Benign,0.9965,pathogenic,10.1101/2022.10.22.513328; 37085483
M101V,3.14173,1.82313,0.5838407119847533,Uncertain,Uncertain,-0.27824,-0.30967,Neutral,17.5,,,0.581,"cBioPortal,COSMIC",DOWN,neutral,neutral,neutral,,,,92.23,E,-0.2075,1.5233,-21.5777,loss_of_function,-3.32196265682295,0.0018343932012257,Benign,0.7693,pathogenic,10.1101/2022.10.22.513328; 37085483
I102F,2.55095,2.02313,1.5820671365618666,Uncertain,Uncertain,1.04556,-0.13966,Uncertain,15.5,,,0.932,cBioPortal,UP,neutral,neutral,neutral,,,,91.94,E,-0.3708,0.1426,-21.5777,loss_of_function,-6.43031938052182,0.9308056509526677,Pathogenic,0.9969,pathogenic,10.1101/2022.10.22.513328; 37085483
I102M,1.01956,1.90272,1.629259388296413,Neutral,Neutral,-0.027,0.43063,Neutral,15.5,,,0.458,"cBioPortal,COSMIC",-,uncertain,uncertain,uncertain,,,,91.94,E,-0.3006,0.1426,-21.5777,loss_of_function,-3.87431388389395,0.9292651951144072,Pathogenic,0.9921,pathogenic,10.1101/2022.10.22.513328; 37085483
I102N,1.34186,3.15136,2.6310759835168387,Uncertain,Uncertain,1.73208,0.27819,Uncertain,15.5,,,0.701,"cBioPortal,COSMIC",DOWN,neutral,neutral,neutral,,,,91.94,E,-0.4469,0.1426,-21.5777,loss_of_function,-6.17050009136073,0.929347117815672,Pathogenic,0.9998,pathogenic,10.1101/2022.10.22.513328; 37085483
L103R,1.95627,4.0381,2.378117965703776,Uncertain,Uncertain,0.78518,0.33967,Neutral,19.3,,,0.920,"cBioPortal,COSMIC",UP,neutral,neutral,stabilizing,,,,91.92,E,-0.3789,1.2784,-21.6231,loss_of_function,-5.71000363358774,0.5053707039733926,Uncertain,0.9979,pathogenic,10.1101/2022.10.22.513328; 37085483
N104S,1.14072,1.16565,1.4409906038355431,Neutral,Neutral,2.10086,1.49566,Destabilizing,64.1,,,0.624,"cBioPortal,COSMIC",DOWN,neutral,neutral,stabilizing,,,,89.84,T,-0.2107,0.1864,-8.3397,loss_of_function,-6.42990949529782,0.9304378764975688,Pathogenic,0.974,pathogenic,10.1101/2022.10.22.513328; 37085483
G105E,4.90725,1.10578,1.4683044944509718,Uncertain,Uncertain,10.10372,2.24175,Destabilizing,13.5,,,0.809,"cBioPortal,COSMIC",UP,neutral,neutral,neutral,,,,91.27,T,-0.4317,0.0911,-21.6186,loss_of_function,-6.32549299360483,0.9221962022076884,Pathogenic,1.0,pathogenic,10.1101/2022.10.22.513328; 37085483
G105V,6.4266,6.47619,2.12981513971255,Destabilizing,Uncertain,7.84628,2.16892,Destabilizing,13.5,,,0.826,cBioPortal,UP,neutral,neutral,neutral,,,,91.27,T,-0.4589,0.0911,-21.6186,loss_of_function,-5.05688821673707,0.924168605980058,Pathogenic,0.9999,pathogenic,10.1101/2022.10.22.513328; 37085483
V106G,4.61935,5.52585,5.12422770697842,Destabilizing,Destabilizing,0.10496,0.03802,Neutral,0.0,,,0.845,"cBioPortal,COSMIC",DOWN,neutral,neutral,neutral,,,,94.08,E,-0.4679,0.0611,-21.6096,loss_of_function,-6.42949916137616,0.929565814426189,Pathogenic,0.9941,pathogenic,10.1101/2022.10.22.513328; 37085483
C107F,13.61882,6.75952,0.7827512195897826,Destabilizing,Uncertain,0.98844,-0.24751,Neutral,0.0,,,0.718,cBioPortal,UP,neutral,neutral,neutral,,,,94.42,E,-0.4684,0.1618,-21.6096,loss_of_function,-6.2424794738406,0.930775946665294,Pathogenic,0.9993,pathogenic,10.1101/2022.10.22.513328; 37085483
C107Y,22.2071,6.99864,1.9837513622368423,Destabilizing,Uncertain,0.3605,-0.37097,Neutral,0.0,,,0.905,cBioPortal,UP,neutral,neutral,neutral,,,,94.42,E,-0.4777,0.1618,-21.6096,loss_of_function,-6.2424794738406,0.9293261590773418,Pathogenic,0.9998,pathogenic,10.1101/2022.10.22.513328; 37085483
I109T,1.39618,1.53605,1.6494708174177164,Neutral,Neutral,0.01576,-0.05015,Neutral,20.0,3.18390219052e-05,1.9887832624e-05,0.190,"cBioPortal,COSMIC",DOWN,neutral,neutral,neutral,,,,96.29,E,-0.111,2.0486,-5.7459,loss_of_function,-1.02070677514404,6.033854500797644e-05,Benign,0.6161,pathogenic,10.1101/2022.10.22.513328; 37085483
W110C,4.73448,4.98265,6.18264351324094,Destabilizing,Destabilizing,0.01012,0.13701,Neutral,0.0,,,0.715,"cBioPortal,COSMIC",DOWN,neutral,neutral,neutral,,,,96.57,E,-0.351,0.8951,-6.7369,loss_of_function,-2.99241374672459,0.7546581929056834,Pathogenic,0.9922,pathogenic,10.1101/2022.10.22.513328; 37085483
W110L,1.51967,3.55544,3.781520867111197,Uncertain,Uncertain,0.25026,-0.09196,Neutral,0.0,,,0.713,cBioPortal,DOWN,neutral,neutral,neutral,,,,96.57,E,-0.3563,0.8951,-5.5146,loss_of_function,-3.93836832148603,0.2178298429263909,Benign,0.9828,pathogenic,10.1101/2022.10.22.513328; 37085483
W110R,5.46677,5.53673,6.089803672604004,Destabilizing,Destabilizing,-0.00564,0.09654,Neutral,0.0,,,0.921,COSMIC,DOWN,neutral,neutral,neutral,,,,96.57,E,-0.4748,0.8951,-21.6096,loss_of_function,-5.49924984518156,0.882386279983892,Pathogenic,0.9999,pathogenic,10.1101/2022.10.22.513328; 37085483
K111E,1.3169,1.56837,0.732494726396585,Neutral,Neutral,,,Uncertain,41.5,,,0.188,cBioPortal,DOWN,neutral,neutral,neutral,,,,96.73,E,-0.1555,1.3135,-8.3218,loss_of_function,-4.53188757148792,0.1632245228131942,Benign,0.9383,pathogenic,10.1101/2022.10.22.513328; 37085483
G112S,13.35552,4.83537,1.7788262359519402,Destabilizing,Uncertain,,,Uncertain,27.1,,,0.838,"cBioPortal,COSMIC",UP,neutral,neutral,neutral,,,,96.98,E,-0.3078,0.1161,-8.3173,loss_of_function,-5.77880078467301,0.9306255507836704,Pathogenic,0.9984,pathogenic,10.1101/2022.10.22.513328; 37085483
I114F,4.81717,0.4585,1.709224437747563,Uncertain,Uncertain,,,,0.0,,,0.686,cBioPortal,UP,neutral,neutral,neutral,,,,97.62,E,-0.1755,1.4001,-5.9909,loss_of_function,-2.69323509534483,0.0192039970591545,Benign,0.8538,pathogenic,10.1101/2022.10.22.513328; 37085483
I114S,4.78221,4.28741,4.4029959493128015,Destabilizing,Destabilizing,,,,0.0,,,0.879,COSMIC,DOWN,neutral,neutral,neutral,,,,97.62,E,-0.267,1.4001,-8.3127,loss_of_function,-4.77174019202286,0.7290279420623618,Pathogenic,0.9967,pathogenic,10.1101/2022.10.22.513328; 37085483
I114T,3.08093,2.69422,2.790714732764568,Uncertain,Uncertain,,,,0.0,,,0.531,cBioPortal,DOWN,neutral,neutral,neutral,,,,97.62,E,-0.1787,1.4001,-7.3128,loss_of_function,-4.01550433584979,0.6429707989424824,Uncertain,0.9863,pathogenic,10.1101/2022.10.22.513328; 37085483
D115H,1.31281,0.01565,0.1164916761195694,Neutral,Neutral,,,Uncertain,25.5,,,0.840,"cBioPortal,COSMIC",UP,neutral,neutral,neutral,,,,97.25,E,-0.2523,0.3769,-8.3127,loss_of_function,-6.20841581958838,0.7843445366466231,Pathogenic,0.9645,pathogenic,10.1101/2022.10.22.513328; 37085483
D115V,0.89846,0.76463,0.4416845553605919,Neutral,Neutral,,,Uncertain,25.5,,,0.820,cBioPortal,UP,neutral,neutral,neutral,,,,97.25,E,-0.3578,0.3769,-21.6006,loss_of_function,-6.20841581958838,0.8876630633445382,Pathogenic,0.9884,pathogenic,10.1101/2022.10.22.513328; 37085483
L116F,0.13993,1.49728,1.6390710427027706,Neutral,Neutral,,,,18.8,6.36942675159e-05,,0.856,"cBioPortal,COSMIC",UP,neutral,neutral,neutral,,,,95.21,T,-0.2705,0.8611,-21.6006,loss_of_function,-5.36117618673724,0.8955495814756573,Pathogenic,0.7319,pathogenic,10.1101/2022.10.22.513328; 37085483
L119Q,3.3302,2.85986,3.105355474282229,Uncertain,Destabilizing,0.0108,0.03289,Neutral,2.0,,,0.851,"cBioPortal,COSMIC",DOWN,neutral,neutral,neutral,,,,96.71,S,-0.4342,0.0307,-21.6051,loss_of_function,-6.40768622763893,0.9227212950624724,Pathogenic,0.9993,pathogenic,10.1101/2022.10.22.513328; 37085483
L119R,5.62869,5.32959,4.670985955449508,Destabilizing,Destabilizing,0.0329,0.09752,Neutral,2.0,,,0.951,cBioPortal,UP,neutral,neutral,neutral,,,,96.71,S,-0.4936,0.0307,-21.6051,loss_of_function,-4.74416412454976,0.9205924749579004,Pathogenic,0.9985,pathogenic,10.1101/2022.10.22.513328; 37085483
L119V,4.29485,6.94728,1.91778555273089,Destabilizing,Uncertain,-0.02786,-0.02545,Neutral,2.0,,,0.457,cBioPortal,DOWN,neutral,neutral,neutral,,,,96.71,S,-0.3238,0.0307,-21.6051,loss_of_function,-3.86191078747768,0.9305359377240968,Pathogenic,0.9707,pathogenic,10.1101/2022.10.22.513328; 37085483
G121D,27.1447,8.24864,6.9621473576095605,Destabilizing,Destabilizing,0.03606,-0.12671,Neutral,9.0,,,0.796,"cBioPortal,COSMIC",UP,neutral,neutral,neutral,,,,97.15,E,-0.4351,0.0613,-21.6051,loss_of_function,-6.40850651336905,0.9261293520287974,Pathogenic,0.9999,pathogenic,10.1101/2022.10.22.513328; 37085483
G121S,14.1716,4.24932,5.387855265675072,Destabilizing,Destabilizing,0.00588,-0.13776,Neutral,9.0,,,0.928,"cBioPortal,COSMIC",UP,neutral,neutral,neutral,,,,97.15,E,-0.3129,0.0613,-8.3173,loss_of_function,-6.40850651336905,0.9253271705311767,Pathogenic,0.9989,pathogenic,10.1101/2022.10.22.513328; 37085483
M122I,-0.13007,0.29456,0.1185807445119957,Neutral,Neutral,,,Uncertain,46.2,,,0.308,"cBioPortal,COSMIC",-,uncertain,uncertain,uncertain,,,,97.68,E,-0.0225,2.1496,-2.8957,loss_of_function,-1.10125271530226,9.741042831296228e-15,Benign,0.8804,pathogenic,10.1101/2022.10.22.513328; 37085483
G123C,4.00164,2.77245,4.511191565154278,Uncertain,Destabilizing,,,,5.0,,,0.830,"cBioPortal,COSMIC",UP,neutral,neutral,neutral,,,,96.94,E,-0.4013,0.4227,-21.6051,loss_of_function,-4.49214441429548,0.9202240599386248,Pathogenic,0.998,pathogenic,10.1101/2022.10.22.513328; 37085483
G123D,15.23146,5.24524,7.387536684340414,Destabilizing,Destabilizing,,,,5.0,,,0.783,"cBioPortal,COSMIC",UP,neutral,neutral,neutral,,,,96.94,E,-0.4018,0.4227,-21.6051,loss_of_function,-5.90036274592276,0.928588953274542,Pathogenic,0.9997,pathogenic,10.1101/2022.10.22.513328; 37085483
G123R,27.77814,16.53503,9.602828157121968,Destabilizing,Destabilizing,,,,5.0,,,0.836,"cBioPortal,COSMIC",UP,neutral,neutral,neutral,,,,96.94,E,-0.3503,0.4227,-8.3173,loss_of_function,-5.90036274592276,0.915585553070897,Pathogenic,0.9998,pathogenic,10.1101/2022.10.22.513328; 37085483
F127S,4.72729,4.13946,4.545201472768223,Destabilizing,Destabilizing,,,,12.2,,,0.416,cBioPortal,DOWN,neutral,neutral,neutral,,,,95.61,E,-0.238,1.2962,-8.3173,loss_of_function,-4.82686362488554,0.8551665682760476,Pathogenic,0.9992,pathogenic,10.1101/2022.10.22.513328; 37085483
D128G,3.92475,3.10034,2.6195902848801733,Destabilizing,Uncertain,0.156,0.03796,Neutral,18.0,,,0.794,"cBioPortal,COSMIC",DOWN,neutral,neutral,neutral,,,,94.41,-,-0.2601,0.3116,-8.3173,loss_of_function,-6.30207875415324,0.9300802356116328,Pathogenic,0.9954,pathogenic,10.1101/2022.10.22.513328; 37085483
D128H,4.49501,0.92755,0.6471423839031493,Uncertain,Uncertain,0.13178,0.00341,Neutral,18.0,,,0.796,cBioPortal,UP,neutral,neutral,neutral,,,,94.41,-,-0.3261,0.3116,-21.6051,loss_of_function,-6.30207875415324,0.926711062381916,Pathogenic,0.9905,pathogenic,10.1101/2022.10.22.513328; 37085483
D128N,2.91779,0.33673,0.3990551432047223,Uncertain,Uncertain,0.13542,-0.03038,Neutral,18.0,,,0.466,"cBioPortal,COSMIC",-,uncertain,uncertain,uncertain,,,,94.41,-,-0.2038,0.3116,-5.9955,loss_of_function,-1.75638488714744,0.923081786094704,Pathogenic,0.942,pathogenic,10.1101/2022.10.22.513328; 37085483
R131Q,-0.05929,0.66531,1.2823386470866411,Neutral,Neutral,0.9229,0.03803,Neutral,14.8,,,0.701,"cBioPortal,COSMIC",DOWN,neutral,neutral,neutral,,,,86.95,H,-0.1711,1.4928,-7.3128,loss_of_function,-3.42920290119136,0.007667404253304,Benign,0.475,ambiguous,10.1101/2022.10.22.513328; 37085483
A132S,0.72855,2.11905,1.7942171404804044,Uncertain,Neutral,0.0,-0.03109,Neutral,7.3,,,0.325,"cBioPortal,COSMIC",-,uncertain,uncertain,uncertain,,,,90.0,H,-0.1976,0.3095,-6.7233,loss_of_function,-3.24296401285545,0.8913331767742184,Pathogenic,0.5153,ambiguous,10.1101/2022.10.22.513328; 37085483
A132T,3.75141,3.96531,1.3114558929387206,Destabilizing,Uncertain,0.00234,0.19461,Neutral,7.3,,,0.809,"cBioPortal,COSMIC",UP,neutral,neutral,neutral,,,,90.0,H,-0.2795,0.3095,-21.5961,loss_of_function,-3.58614861048939,0.9274249620266164,Pathogenic,0.9903,pathogenic,10.1101/2022.10.22.513328; 37085483
A132V,3.97095,2.18061,1.0997544676059552,Uncertain,Uncertain,0.01558,-0.00678,Neutral,7.3,,,0.448,"cBioPortal,COSMIC",UP,neutral,neutral,neutral,,,,90.0,H,-0.2765,0.3095,-21.5961,loss_of_function,-5.94476201617517,0.9249914855988076,Pathogenic,0.9903,pathogenic,10.1101/2022.10.22.513328; 37085483
Q133H,0.56197,0.71463,-0.0726007017124785,Neutral,Neutral,,,Uncertain,76.8,,,0.416,"cBioPortal,COSMIC",UP,neutral,neutral,neutral,,,,89.15,H,-0.0762,2.4055,-21.5777,loss_of_function,-4.52954651210482,0.0210531053147551,Benign,0.4199,ambiguous,10.1101/2022.10.22.513328; 37085483
E135K,-0.37156,2.3432,0.8030057929843151,Uncertain,Neutral,0.55076,0.31428,Neutral,25.2,,,0.567,cBioPortal,UP,neutral,neutral,neutral,,,,86.82,H,-0.3331,0.0644,-21.5213,loss_of_function,-5.10322191437355,0.9307235706362952,Pathogenic,0.9977,pathogenic,10.1101/2022.10.22.513328; 37085483
E135V,0.25711,2.2068,0.0504804707605388,Uncertain,Neutral,0.54544,0.07542,Neutral,25.2,,,0.752,cBioPortal,-,uncertain,uncertain,uncertain,,,,86.82,H,-0.3243,0.0644,-21.5213,loss_of_function,-5.80923390660469,0.9294558542909002,Pathogenic,0.9943,pathogenic,10.1101/2022.10.22.513328; 37085483
D136G,1.39841,2.42449,1.5471218444185753,Uncertain,Neutral,,,Uncertain,35.3,,,0.613,"cBioPortal,COSMIC",DOWN,neutral,neutral,neutral,,,,86.69,H,-0.2973,0.638,-21.4923,loss_of_function,-5.30740612164409,0.6478031216686246,Uncertain,0.8805,pathogenic,10.1101/2022.10.22.513328; 37085483
A137T,1.08442,-0.13776,0.1429645433168486,Neutral,Neutral,,,Uncertain,65.8,,,0.453,COSMIC,UP,neutral,neutral,neutral,,,,85.74,H,-0.0651,1.6982,-4.6147,loss_of_function,-0.26988013020153,0.0064928624583849,Benign,0.0857,benign,10.1101/2022.10.22.513328; 37085483
A137V,0.57666,-0.15782,-0.2152268567341464,Neutral,Neutral,,,Uncertain,65.8,,,0.141,COSMIC,UP,neutral,neutral,neutral,,,,85.74,H,-0.0651,1.6982,-5.1997,loss_of_function,-2.3293577118007,0.0293731826800911,Benign,0.0972,benign,10.1101/2022.10.22.513328; 37085483
A139S,0.83078,1.85102,1.1013874758559612,Neutral,Neutral,0.0,0.09543,Neutral,16.6,,,0.161,COSMIC,-,uncertain,uncertain,uncertain,,,,82.55,H,-0.1657,1.4742,-21.4676,loss_of_function,-3.18470172314962,3.581528340636599e-05,Benign,0.331,benign,10.1101/2022.10.22.513328; 37085483
A139V,0.88116,1.79626,0.1905996013135497,Neutral,Neutral,0.0038,-0.05283,Neutral,16.6,3.20204931156e-05,,0.112,cBioPortal,UP,neutral,neutral,neutral,,,,82.55,H,-0.0958,1.4742,-7.1798,loss_of_function,-0.486689641871957,3.706714130314233e-07,Benign,0.663,pathogenic,10.1101/2022.10.22.513328; 37085483
Q141R,-0.63126,0.13639,-0.4585503795142381,Neutral,Neutral,0.01522,0.03466,Neutral,74.9,,,0.127,"cBioPortal,COSMIC",UP,neutral,neutral,neutral,,,,82.53,H,-0.1313,2.1336,-21.4626,loss_of_function,-3.8696216672819,9.496644736578684e-05,Benign,0.1658,benign,10.1101/2022.10.22.513328; 37085483
A146T,0.14343,0.06259,0.2305619591992763,Neutral,Neutral,0.3507,-0.01639,Neutral,72.8,,,0.370,cBioPortal,UP,neutral,neutral,neutral,,,,76.72,H,-0.0592,1.8027,-5.3424,loss_of_function,-0.0196101154088303,1.034054476440208e-08,Benign,0.0817,benign,10.1101/2022.10.22.513328; 37085483
R147G,1.27052,0.72143,1.6171042939043394,Neutral,Neutral,0.1367,,Uncertain,66.4,,,,mutations_clinvar,DOWN,neutral,neutral,neutral,2473963,Uncertain significance,1,76.49,H,-0.214,1.7312,-8.1496,loss_of_function,-4.88147862786141,8.594722827029198e-06,Benign,0.8116,pathogenic,10.1101/2022.10.22.513328
R147L,-0.51588,-1.18605,-0.0052782069921236,Neutral,Neutral,0.13412,-0.10113,Neutral,66.4,,,0.606,"cBioPortal,COSMIC",DOWN,neutral,neutral,neutral,,,,76.49,H,-0.2489,1.7312,-21.4375,loss_of_function,-4.88147862786141,5.417201004054097e-05,Benign,0.7521,pathogenic,10.1101/2022.10.22.513328; 37085483
R147W,0.00884,-0.81735,-0.1003129141065611,Neutral,Neutral,0.14074,-0.00759,Neutral,66.4,,,0.676,"cBioPortal,COSMIC",UP,neutral,neutral,neutral,,,,76.49,H,-0.2642,1.7312,-21.4375,loss_of_function,-4.47568254247439,0.0004832742350884,Benign,0.8384,pathogenic,10.1101/2022.10.22.513328; 37085483
R149G,0.63557,1.91463,1.0414235606250226,Neutral,Neutral,1.12816,0.05718,Uncertain,79.9,,,0.563,cBioPortal,DOWN,neutral,neutral,neutral,,,,77.62,H,-0.3909,0.5456,-21.4221,loss_of_function,-5.24810688641881,0.868366328140624,Pathogenic,0.9597,pathogenic,10.1101/2022.10.22.513328; 37085483
R151C,0.55042,0.48503,1.855446020527986,Neutral,Neutral,0.07484,0.01348,Neutral,64.8,,,0.571,"cBioPortal,COSMIC",DOWN,neutral,neutral,neutral,,,,76.34,H,-0.3286,0.9326,-21.391,loss_of_function,-3.56328343130427,0.7606706011770654,Pathogenic,0.7733,pathogenic,10.1101/2022.10.22.513328; 37085483
R151H,0.15191,-0.28912,0.8901183210344732,Neutral,Neutral,0.0597,0.06055,Neutral,64.8,3.1887755102e-05,,0.472,"cBioPortal,COSMIC",DOWN,neutral,neutral,neutral,,,,76.34,H,-0.2217,0.9326,-8.1032,loss_of_function,-2.94776501396313,0.3676514666946777,Uncertain,0.4677,ambiguous,10.1101/2022.10.22.513328; 37085483
E152K,0.11541,0.37551,0.6138061542929848,Neutral,Neutral,-0.04,0.03183,Neutral,49.0,,3.9786426463e-06,0.194,"cBioPortal,COSMIC",UP,neutral,neutral,neutral,,,,78.71,H,-0.1415,1.4018,-8.0979,loss_of_function,-3.88375099601674,0.2245581177499085,Benign,0.9511,pathogenic,10.1101/2022.10.22.513328; 37085483
E154Q,0.1689,-0.23605,0.3309459547575571,Neutral,Neutral,0.01288,-0.02953,Neutral,69.8,,,0.197,cBioPortal,UP,neutral,neutral,neutral,,,,77.15,H,-0.143,0.6899,-5.2479,loss_of_function,-1.44530548964752,0.0986177275745376,Benign,0.65,pathogenic,10.1101/2022.10.22.513328; 37085483
D155N,-0.34259,0.58197,-0.2784078530945166,Neutral,Neutral,,,Uncertain,76.8,,,0.220,cBioPortal,-,uncertain,uncertain,uncertain,,,,76.29,H,-0.1245,1.2319,-7.0443,loss_of_function,-1.70871161003396,0.0041984608120041,Benign,0.6701,pathogenic,10.1101/2022.10.22.513328; 37085483
R156T,0.26025,0.58503,0.5250728432489307,Neutral,Neutral,,,Uncertain,86.2,,,0.294,"cBioPortal,COSMIC",DOWN,neutral,neutral,neutral,,,,75.82,H,-0.1839,1.5916,-5.7004,loss_of_function,-2.36484220211972,0.0035790701173977,Benign,0.9478,pathogenic,10.1101/2022.10.22.513328; 37085483
H160D,0.01573,1.18946,0.762006916657544,Neutral,Neutral,,,Uncertain,70.1,,,0.375,"cBioPortal,COSMIC",DOWN,neutral,neutral,neutral,,,,78.98,H,-0.1848,1.6784,-21.2477,loss_of_function,-3.90986091382922,6.075991399893952e-05,Benign,0.9214,pathogenic,10.1101/2022.10.22.513328; 37085483
R161Q,-0.39074,0.3034,1.063685685958719,Neutral,Neutral,,,Uncertain,81.5,,,0.298,cBioPortal,DOWN,neutral,neutral,neutral,,,,78.44,H,-0.2302,0.7157,-4.8826,loss_of_function,-2.05542100320989,9.254900030274776e-05,Benign,0.2154,benign,10.1101/2022.10.22.513328; 37085483
R161W,-0.8472,0.37109,-0.1011710520008041,Neutral,Neutral,,,Uncertain,81.5,,3.9789592634e-06,0.376,"cBioPortal,COSMIC",UP,neutral,neutral,neutral,,,,78.44,H,-0.3563,0.7157,-21.1704,loss_of_function,-4.25028029150926,0.4949206949432524,Uncertain,0.69,pathogenic,10.1101/2022.10.22.513328; 37085483
E163G,0.76549,1.40578,1.0332035905889485,Neutral,Neutral,,,Uncertain,66.8,,1.5913684177e-05,0.164,cBioPortal,DOWN,neutral,neutral,neutral,,,,79.15,H,-0.1727,1.8149,-20.9171,loss_of_function,-1.54825591063923,0.0001040093102562,Benign,0.4717,ambiguous,10.1101/2022.10.22.513328; 37085483
M164L,0.13406,-0.28571,-0.2037834044046338,Neutral,Neutral,,,Uncertain,64.7,,1.19341236375e-05,0.212,"cBioPortal,COSMIC",-,uncertain,uncertain,uncertain,,,,77.14,H,0.009,2.0874,-2.0815,gain_of_function,-0.127645015053962,7.688394917276363e-14,Benign,0.1689,benign,10.1101/2022.10.22.513328; 37085483
E165Q,-0.14174,-0.06803,0.392115386609686,Neutral,Neutral,,,Uncertain,67.4,,,0.224,cBioPortal,UP,neutral,neutral,neutral,,,,79.11,H,-0.1421,0.6406,-4.1938,loss_of_function,-1.18697671998424,9.441696395006969e-08,Benign,0.4246,ambiguous,10.1101/2022.10.22.513328
R167I,-0.25218,-0.16293,0.060042296540495,Neutral,Neutral,,,Uncertain,73.6,,,0.200,cBioPortal,DOWN,neutral,neutral,neutral,,,,79.97,H,-0.3209,1.1869,-20.4375,loss_of_function,-0.959784460924658,0.0001999901676658,Benign,0.6429,pathogenic,10.1101/2022.10.22.513328; 37085483
T180A,-0.59988,-0.43605,0.0764746123361564,Neutral,Neutral,,,Uncertain,93.1,,3.9825722638e-06,0.123,cBioPortal,DOWN,neutral,neutral,stabilizing,,,,51.32,-,-0.0564,1.8215,-2.8746,loss_of_function,0.0,,,0.051,benign,10.1101/2022.10.22.513328; 37085483
R181I,0.16263,0.15238,0.144680229297483,Neutral,Neutral,,,Uncertain,95.1,,,0.279,cBioPortal,DOWN,neutral,neutral,stabilizing,,,,50.04,-,-0.3178,1.0598,-17.5358,loss_of_function,0.0,,,0.2224,benign,10.1101/2022.10.22.513328; 37085483
