Mutation,"Stability (FoldX5, alphafold, kcal/mol)","Stability (Rosetta Cartddg2020, alphafold, kcal/mol)","Stability (RaSP, alphafold, kcal/mol)","Stability classification, alphafold, (Rosetta, FoldX)","Stability classification, alphafold, (RaSP, FoldX)",Relative Side Chain Solvent Accessibility in wild-type,PTMs,is site part of phospho-SLiM,PTM residue SASA (%),"Change in stability with PTM (FoldX5, kcal/mol)","Change in binding with PTM (FoldX5, kcal/mol)","Change in binding with mutation (FoldX5, kcal/mol)",PTM effect in regulation,PTM effect in stability,PTM effect in function,AlphaFold2 model pLDDT score,AlphaFold2 model secondary structure,DeMaSk delta fitness,DeMaSk Shannon entropy,DeMaSk log2 variant frequency,DeMaSk predicted consequence,AlphaMissense pathogenicity score,AlphaMissense classification,References
G3E,-0.46136,-0.72381,-0.4869569853398336,Neutral,Neutral,116.8,,False,116.8,,,,neutral,neutral,neutral,70.4,T,-0.1835,2.0634,-8.5506,loss_of_function,0.9951,pathogenic,https://doi.org/10.1101/2022.10.22.513328
S8N,8.39874,1.91769,-0.0209695883059807,Uncertain,Uncertain,11.3,,False,11.3,,,,uncertain,,,95.99,S,-0.2785,0.2412,-21.8346,loss_of_function,0.9888,pathogenic,https://doi.org/10.1101/2022.10.22.513328
L12S,1.01209,1.63231,1.5417187891510058,Neutral,Neutral,61.6,,True,61.6,,,,neutral,neutral,neutral,96.52,H,-0.1223,2.6952,-6.6366,loss_of_function,0.3746,ambiguous,https://doi.org/10.1101/2022.10.22.513328
I15V,1.04468,0.62381,1.2113491533417708,Neutral,Neutral,17.2,,False,17.2,,,,neutral,neutral,neutral,97.49,S,-0.0161,1.7454,-3.6439,loss_of_function,0.0976,benign,https://doi.org/10.1101/2022.10.22.513328
L22F,0.1301,0.02721,0.8431340042687498,Neutral,Neutral,48.7,,False,48.7,,,,neutral,neutral,neutral,94.78,H,0.04,3.468,-7.7582,gain_of_function,0.1277,benign,https://doi.org/10.1101/2022.10.22.513328
R25H,0.9954,1.53605,0.5402192032098374,Neutral,Neutral,12.1,,True,12.1,,,,neutral,neutral,neutral,95.36,H,-0.136,1.6952,-5.0644,loss_of_function,0.7277,pathogenic,https://doi.org/10.1101/2022.10.22.513328
L29I,1.40145,1.56667,2.0962987761582887,Neutral,Uncertain,10.6,,True,10.6,,,,neutral,neutral,neutral,95.15,T,-0.0406,1.8001,-5.118,loss_of_function,0.1519,benign,https://doi.org/10.1101/2022.10.22.513328
F31L,0.54068,0.63367,0.7387771596252041,Neutral,Neutral,51.9,,True,51.9,,,,neutral,neutral,neutral,96.01,T,0.006,2.9801,-5.1733,gain_of_function,0.6361,pathogenic,https://doi.org/10.1101/2022.10.22.513328
L32V,1.46092,1.01837,2.360105383676584,Neutral,Uncertain,0.2,,True,0.2,,,,neutral,neutral,neutral,96.49,S,-0.0395,2.0736,-2.7238,loss_of_function,0.1417,benign,https://doi.org/10.1101/2022.10.22.513328
S33L,1.82738,1.00476,0.1026830646811349,Neutral,Neutral,68.4,P,True,68.4,0.533,,,damaging,neutral,potentially_damaging,96.38,-,-0.079,2.1736,-6.778,loss_of_function,0.1729,benign,https://doi.org/10.1101/2022.10.22.513328
V47F,-1.94139,0.53265,2.250690727677372,Neutral,Uncertain,3.3,,True,3.3,,,,neutral,neutral,neutral,98.31,H,-0.0862,2.6195,-2.469,loss_of_function,0.2356,benign,https://doi.org/10.1101/2022.10.22.513328
T66M,-2.8755,-0.90578,-0.7410953083682437,Uncertain,Uncertain,3.7,,True,3.7,,,,uncertain,,,98.68,H,-0.0804,2.2135,-5.8704,loss_of_function,0.1515,benign,https://doi.org/10.1101/2022.10.22.513328
F69L,1.83031,2.3449,2.584696331571735,Uncertain,Uncertain,1.7,,True,1.7,,,,neutral,neutral,neutral,98.66,H,-0.1676,1.0719,-4.7736,loss_of_function,0.9126,pathogenic,https://doi.org/10.1101/2022.10.22.513328
R71I,-0.80268,2.16395,0.7040595011502232,Uncertain,Neutral,0.4,,True,0.4,,,,neutral,neutral,neutral,97.99,H,-0.3632,0.0844,-8.8609,loss_of_function,0.9985,pathogenic,https://doi.org/10.1101/2022.10.22.513328
A74T,1.18904,2.03673,1.6978853843342518,Uncertain,Neutral,0.8,,False,0.8,,,,neutral,neutral,neutral,96.3,H,0.0136,2.4203,-2.2122,gain_of_function,0.2705,benign,https://doi.org/10.1101/2022.10.22.513328
R75M,0.80219,0.30204,0.7893770504915354,Neutral,Neutral,37.7,,True,37.7,,,,neutral,neutral,neutral,94.46,H,-0.2602,1.2771,-22.1519,loss_of_function,0.9738,pathogenic,https://doi.org/10.1101/2022.10.22.513328
S80N,0.56204,-0.61735,-0.3615726564131927,Neutral,Neutral,42.0,,False,42.0,,,,uncertain,,,94.95,S,0.0165,2.5236,-5.1822,gain_of_function,0.3603,ambiguous,https://doi.org/10.1101/2022.10.22.513328
I81V,0.97295,1.04252,0.6444909956437269,Neutral,Neutral,20.6,,False,20.6,,,,neutral,neutral,neutral,95.6,S,0.0238,2.2064,-4.1308,gain_of_function,0.1092,benign,https://doi.org/10.1101/2022.10.22.513328
P83H,17.80202,3.3034,0.463982603889958,Destabilizing,Uncertain,0.2,,False,0.2,,,,neutral,neutral,neutral,97.32,H,-0.3439,0.2415,-22.1734,loss_of_function,0.9942,pathogenic,https://doi.org/10.1101/2022.10.22.513328
P83S,5.35238,1.51837,1.3076300483686598,Uncertain,Uncertain,0.2,,False,0.2,,,,neutral,neutral,neutral,97.32,H,-0.237,0.2415,-8.8856,loss_of_function,0.9712,pathogenic,https://doi.org/10.1101/2022.10.22.513328
V84A,1.39445,1.04082,1.7474533046302445,Neutral,Neutral,14.8,,False,14.8,,,,neutral,neutral,neutral,96.99,H,-0.0954,2.7733,-22.1704,loss_of_function,0.4919,ambiguous,https://doi.org/10.1101/2022.10.22.513328
L85I,2.65488,1.21803,1.417032615813987,Uncertain,Uncertain,11.9,,False,11.9,,,,neutral,neutral,neutral,97.78,H,-0.1279,0.7809,-3.8413,loss_of_function,0.688,pathogenic,https://doi.org/10.1101/2022.10.22.513328
M86I,2.03579,0.54082,0.940857559391362,Uncertain,Uncertain,0.0,,False,0.0,,,,neutral,neutral,neutral,98.07,H,-0.05,1.9177,-4.1025,loss_of_function,0.8798,pathogenic,https://doi.org/10.1101/2022.10.22.513328
A87T,1.82652,4.17449,0.68429438754053,Uncertain,Neutral,0.7,,False,0.7,,,,neutral,neutral,neutral,98.31,H,-0.1012,1.3876,-6.0995,loss_of_function,0.5865,pathogenic,https://doi.org/10.1101/2022.10.22.513328
C90R,15.20746,4.51905,4.443425236521257,Destabilizing,Destabilizing,0.0,,False,0.0,,,,neutral,neutral,neutral,97.94,H,-0.4721,0.7875,-22.1976,loss_of_function,0.9995,pathogenic,https://doi.org/10.1101/2022.10.22.513328
V91E,4.36982,3.10238,3.635197320645508,Destabilizing,Destabilizing,0.5,,False,0.5,,,,neutral,neutral,neutral,97.23,H,-0.2826,2.0874,-22.1916,loss_of_function,0.9971,pathogenic,https://doi.org/10.1101/2022.10.22.513328
L93W,5.04439,0.47653,4.657785626404849,Uncertain,Destabilizing,4.5,,False,4.5,,,,neutral,neutral,neutral,95.78,H,-0.3903,0.6688,-22.1916,loss_of_function,0.9992,pathogenic,https://doi.org/10.1101/2022.10.22.513328
E98K,0.28227,-0.26088,1.3518909318361718,Neutral,Neutral,12.8,,False,12.8,,,,neutral,neutral,neutral,91.17,T,-0.3143,0.3062,-22.2096,loss_of_function,0.9982,pathogenic,https://doi.org/10.1101/2022.10.22.513328
G101R,-0.06397,3.62653,-0.5737283237408425,Uncertain,Neutral,128.4,,False,128.4,,,,neutral,neutral,neutral,65.74,-,-0.2203,1.862,-8.804,loss_of_function,0.9973,pathogenic,https://doi.org/10.1101/2022.10.22.513328
G101V,0.49801,2.6034,-0.2123759950761705,Uncertain,Neutral,128.4,,False,128.4,,,,neutral,neutral,neutral,65.74,-,-0.2306,1.862,-8.804,loss_of_function,0.9904,pathogenic,https://doi.org/10.1101/2022.10.22.513328
T106I,-0.31035,0.02993,-0.2624150132088459,Neutral,Neutral,104.1,,True,104.1,,,,uncertain,,,92.19,H,0.0119,2.8853,-3.5983,gain_of_function,0.7989,pathogenic,https://doi.org/10.1101/2022.10.22.513328
R107I,0.65933,-0.38163,0.184392670049302,Neutral,Neutral,56.6,,True,56.6,,,,neutral,neutral,neutral,94.28,H,-0.273,1.7972,-22.0691,loss_of_function,0.988,pathogenic,https://doi.org/10.1101/2022.10.22.513328
A112D,3.60986,3.54898,2.3934021747061376,Destabilizing,Uncertain,1.3,,True,1.3,,,,neutral,neutral,neutral,97.0,H,-0.0592,3.1115,-7.1832,loss_of_function,0.9862,pathogenic,https://doi.org/10.1101/2022.10.22.513328
A112T,1.05362,0.97687,0.9534630292975792,Neutral,Neutral,1.3,,True,1.3,,,,neutral,neutral,neutral,97.0,H,0.0658,3.1115,-4.4463,gain_of_function,0.0964,benign,https://doi.org/10.1101/2022.10.22.513328
V115I,0.03205,0.28912,0.5030736746995068,Neutral,Neutral,2.0,,True,2.0,,,,neutral,neutral,neutral,97.08,H,0.0424,2.5647,-4.0255,gain_of_function,0.1209,benign,https://doi.org/10.1101/2022.10.22.513328
F120C,3.70764,3.56565,4.6547955134852215,Destabilizing,Destabilizing,5.3,,True,5.3,,,,neutral,neutral,neutral,97.03,-,-0.1109,2.5778,-8.6545,loss_of_function,0.8975,pathogenic,https://doi.org/10.1101/2022.10.22.513328
P125L,0.84748,2.22823,-0.5475820529567016,Uncertain,Neutral,78.2,,True,78.2,,,,neutral,neutral,neutral,89.2,S,-0.0082,3.1027,-6.0297,loss_of_function,0.2102,benign,https://doi.org/10.1101/2022.10.22.513328
P125S,1.05153,1.87857,-0.1943477620169986,Neutral,Neutral,78.2,,True,78.2,,,,neutral,neutral,neutral,89.2,S,0.0524,3.1027,-3.7567,gain_of_function,0.0918,benign,https://doi.org/10.1101/2022.10.22.513328
E127Q,0.38714,0.44184,0.2372535530066022,Neutral,Neutral,69.6,,False,69.6,,,,neutral,neutral,neutral,92.04,-,0.0352,2.7282,-7.0803,gain_of_function,0.8312,pathogenic,https://doi.org/10.1101/2022.10.22.513328
R131G,-0.35375,0.55578,1.108277610584624,Neutral,Neutral,89.7,,False,89.7,,,,neutral,neutral,neutral,95.86,-,-0.2476,2.1408,-22.1047,loss_of_function,0.9527,pathogenic,https://doi.org/10.1101/2022.10.22.513328
H134Y,-0.41122,0.3585,0.0778595670205695,Neutral,Neutral,41.3,,True,41.3,,,,neutral,neutral,neutral,97.34,H,0.0462,2.5933,-7.2636,gain_of_function,0.4818,ambiguous,https://doi.org/10.1101/2022.10.22.513328
F140L,0.32805,0.04626,0.5578726440818477,Neutral,Neutral,92.9,,False,92.9,,,,neutral,neutral,neutral,96.35,H,-0.1791,1.0599,-6.8233,loss_of_function,0.9999,pathogenic,https://doi.org/10.1101/2022.10.22.513328
L145V,1.46708,1.58639,1.816532511054088,Neutral,Neutral,30.6,,True,30.6,,,,neutral,neutral,neutral,93.37,H,0.0297,2.9804,-5.5046,gain_of_function,0.2835,benign,https://doi.org/10.1101/2022.10.22.513328
Y153C,2.50318,2.6966,3.259808825609768,Uncertain,Uncertain,15.9,,False,15.9,,,,uncertain,,,97.33,-,-0.294,1.3911,-22.1047,loss_of_function,0.8659,pathogenic,https://doi.org/10.1101/2022.10.22.513328
P155S,2.37243,1.29388,1.5102871738908787,Uncertain,Uncertain,4.2,,True,4.2,,,,neutral,neutral,neutral,98.21,T,-0.2306,0.2188,-7.2288,loss_of_function,0.9624,pathogenic,https://doi.org/10.1101/2022.10.22.513328
Y156C,3.73052,2.79354,3.4796898677355528,Uncertain,Destabilizing,6.8,,True,6.8,,,,uncertain,,,97.8,H,-0.4059,0.1747,-22.1015,loss_of_function,0.947,pathogenic,https://doi.org/10.1101/2022.10.22.513328
Q164P,3.88858,7.02517,6.721435073998407,Destabilizing,Destabilizing,56.0,,True,56.0,,,,neutral,neutral,neutral,96.93,H,-0.1766,2.4825,-8.8136,loss_of_function,0.8108,pathogenic,https://doi.org/10.1101/2022.10.22.513328
E169Q,-0.19817,-0.00884,0.3672808998988258,Neutral,Neutral,43.3,,False,43.3,,,,neutral,neutral,neutral,94.47,H,0.0828,3.0939,-4.3479,gain_of_function,0.3643,ambiguous,https://doi.org/10.1101/2022.10.22.513328
R178M,0.12814,-0.14864,0.7849290430628886,Neutral,Neutral,78.3,,False,78.3,,,,neutral,neutral,neutral,97.98,H,-0.0532,2.7308,-7.7911,loss_of_function,0.9718,pathogenic,https://doi.org/10.1101/2022.10.22.513328
R178S,0.90763,0.12381,1.4732526076339942,Neutral,Neutral,78.3,,False,78.3,,,,neutral,neutral,neutral,97.98,H,-0.065,2.7308,-3.7912,loss_of_function,0.9823,pathogenic,https://doi.org/10.1101/2022.10.22.513328
D182N,-0.66465,-0.2915,0.0107544396875147,Neutral,Neutral,8.6,,False,8.6,,,,neutral,neutral,neutral,98.08,H,-0.2304,0.1226,-7.8008,loss_of_function,0.9949,pathogenic,https://doi.org/10.1101/2022.10.22.513328
R185G,3.70236,2.28469,3.866020925075654,Uncertain,Destabilizing,15.9,,False,15.9,,,,neutral,neutral,neutral,97.47,T,-0.263,1.1468,-7.2127,loss_of_function,0.9914,pathogenic,https://doi.org/10.1101/2022.10.22.513328
D187H,2.23463,0.99286,-0.1923065731535067,Uncertain,Uncertain,26.5,,False,26.5,,,,neutral,neutral,neutral,97.84,S,-0.3008,0.6134,-22.0821,loss_of_function,0.9859,pathogenic,https://doi.org/10.1101/2022.10.22.513328
L188I,1.88549,-0.11054,1.3595831229866373,Neutral,Neutral,0.9,,False,0.9,,,,neutral,neutral,neutral,98.49,H,-0.0541,1.5878,-3.9299,loss_of_function,0.1561,benign,https://doi.org/10.1101/2022.10.22.513328
L190R,5.63738,5.35782,3.9914724059006055,Destabilizing,Destabilizing,0.4,,False,0.4,,,,neutral,neutral,neutral,98.13,H,-0.4813,0.1912,-22.0789,loss_of_function,0.9965,pathogenic,https://doi.org/10.1101/2022.10.22.513328
P194A,3.10147,0.71973,0.0972902468340114,Uncertain,Uncertain,7.7,,False,7.7,,,,neutral,neutral,neutral,98.11,H,-0.3226,0.0464,-22.0756,loss_of_function,0.9159,pathogenic,https://doi.org/10.1101/2022.10.22.513328
M196I,1.26259,0.49694,0.702615971564276,Neutral,Neutral,12.7,,False,12.7,,,,neutral,neutral,neutral,98.4,H,-0.0164,2.2602,-3.7037,loss_of_function,0.762,pathogenic,https://doi.org/10.1101/2022.10.22.513328
A198V,6.77769,3.11054,2.090865128550604,Destabilizing,Uncertain,0.0,,False,0.0,,,,neutral,neutral,neutral,98.58,H,-0.2698,0.4093,-22.0821,loss_of_function,0.9891,pathogenic,https://doi.org/10.1101/2022.10.22.513328
L202P,8.52991,11.40272,10.095912483919406,Destabilizing,Destabilizing,0.0,,False,0.0,,,,neutral,neutral,neutral,98.38,H,-0.2929,1.535,-8.7547,loss_of_function,0.9992,pathogenic,https://doi.org/10.1101/2022.10.22.513328
D212H,2.32352,2.41633,0.3039015755062257,Uncertain,Uncertain,65.7,,False,65.7,,,,neutral,neutral,neutral,95.46,-,-0.2314,1.3575,-21.9061,loss_of_function,0.9558,pathogenic,https://doi.org/10.1101/2022.10.22.513328
A213T,-0.38878,0.04456,1.4204035348482913,Neutral,Neutral,14.5,,False,14.5,,,,neutral,neutral,neutral,94.27,-,0.1,3.3815,-2.6221,gain_of_function,0.1704,benign,https://doi.org/10.1101/2022.10.22.513328
V222M,-0.11997,1.45918,0.3581939016245838,Neutral,Neutral,11.6,,False,11.6,,,,neutral,neutral,neutral,95.1,S,-0.2561,1.1174,-21.8876,loss_of_function,0.7614,pathogenic,https://doi.org/10.1101/2022.10.22.513328
I231S,3.73417,3.01361,2.9018736884763965,Destabilizing,Uncertain,9.8,,False,9.8,,,,neutral,neutral,neutral,98.38,H,-0.1192,2.6674,-2.204,loss_of_function,0.3793,ambiguous,https://doi.org/10.1101/2022.10.22.513328
I231V,1.11448,0.12347,0.3185756902736503,Neutral,Neutral,9.8,,False,9.8,,,,neutral,neutral,neutral,98.38,H,0.0722,2.6674,-2.9532,gain_of_function,0.1334,benign,https://doi.org/10.1101/2022.10.22.513328
E239K,0.02354,0.36361,-0.1850436207499273,Neutral,Neutral,79.1,,False,79.1,,,,neutral,neutral,neutral,94.76,H,-0.066,2.0875,-5.6684,loss_of_function,0.7361,pathogenic,https://doi.org/10.1101/2022.10.22.513328
E239Q,-0.1009,0.27755,0.0587970975438617,Neutral,Neutral,79.1,,False,79.1,,,,neutral,neutral,neutral,94.76,H,-0.0177,2.0875,-5.8908,loss_of_function,0.3937,ambiguous,https://doi.org/10.1101/2022.10.22.513328
Q240H,-0.18827,-0.8085,-0.3712814769230538,Neutral,Neutral,36.5,,False,36.5,,,,neutral,neutral,neutral,91.42,H,-0.0151,3.0772,-21.7182,loss_of_function,0.2286,benign,https://doi.org/10.1101/2022.10.22.513328
K242N,0.28655,0.57585,0.4695007577275017,Neutral,Neutral,86.7,,False,86.7,,,,neutral,neutral,neutral,92.49,H,-0.0765,1.95,-5.6231,loss_of_function,0.8667,pathogenic,https://doi.org/10.1101/2022.10.22.513328
N243D,1.54155,0.79218,0.5627314350704687,Neutral,Neutral,86.1,,False,86.1,,,,neutral,neutral,neutral,93.05,H,0.0565,3.2044,-3.873,gain_of_function,0.2309,benign,https://doi.org/10.1101/2022.10.22.513328
D245N,2.16439,0.57619,0.4946243552160639,Uncertain,Uncertain,51.7,,False,51.7,,,,neutral,neutral,neutral,94.86,-,-0.0157,2.2898,-4.8031,loss_of_function,0.2495,benign,https://doi.org/10.1101/2022.10.22.513328
K248T,0.42632,0.00714,0.1749931135277893,Neutral,Neutral,83.3,,False,83.3,,,,neutral,neutral,neutral,94.75,H,-0.0226,2.6148,-6.3083,loss_of_function,0.3847,ambiguous,https://doi.org/10.1101/2022.10.22.513328
A251T,0.63013,0.33707,0.1809740623029165,Neutral,Neutral,59.2,,False,59.2,,,,neutral,neutral,neutral,95.1,H,0.0348,2.929,-7.2288,gain_of_function,0.0793,benign,https://doi.org/10.1101/2022.10.22.513328
A251V,0.4813,0.65714,-0.1058143201744282,Neutral,Neutral,59.2,,False,59.2,,,,neutral,neutral,neutral,95.1,H,0.0489,2.929,-5.0589,gain_of_function,0.0967,benign,https://doi.org/10.1101/2022.10.22.513328
T252A,-0.05817,0.15442,0.1106874825756709,Neutral,Neutral,75.5,P,False,75.5,0.754,,,damaging,neutral,uncertain,96.23,H,0.0775,3.2137,-1.7335,gain_of_function,0.0504,benign,https://doi.org/10.1101/2022.10.22.513328
M257I,1.89835,0.86429,0.1350397120147423,Neutral,Neutral,11.2,,False,11.2,,,,neutral,neutral,neutral,94.2,S,-0.0123,2.2779,-3.2135,loss_of_function,0.3562,ambiguous,https://doi.org/10.1101/2022.10.22.513328
P258S,4.21626,1.94524,0.7060626733700304,Uncertain,Uncertain,6.3,,False,6.3,,,,neutral,neutral,neutral,92.28,-,-0.1333,1.1734,-5.375,loss_of_function,0.7933,pathogenic,https://doi.org/10.1101/2022.10.22.513328
P264A,0.10013,-0.12551,-0.1650126878859548,Neutral,Neutral,96.7,,False,96.7,,,,neutral,neutral,neutral,70.59,T,-0.124,1.2668,-5.1619,loss_of_function,0.0793,benign,https://doi.org/10.1101/2022.10.22.513328
P264Q,0.16346,0.34082,-0.0785455784389088,Neutral,Neutral,96.7,,False,96.7,,,,neutral,neutral,neutral,70.59,T,-0.1562,1.2668,-5.8988,loss_of_function,0.1665,benign,https://doi.org/10.1101/2022.10.22.513328
