Mutation,"Stability (FoldX5, alphafold, kcal/mol)","Stability (Rosetta Cartddg2020, alphafold, kcal/mol)","Stability (RaSP, alphafold, kcal/mol)","Stability classification, alphafold, (Rosetta, FoldX)","Stability classification, alphafold, (RaSP, FoldX)","Local Int. (Binding with CDK4_3G33, heterodimer, FoldX5, kcal/mol)","Local Int. (Binding with CDK4_3G33, heterodimer, Rosetta Talaris 2014, kcal/mol)",Local Int. classification (CDK4_3G33),Relative Side Chain Solvent Accessibility in wild-type,gnomAD genome allele frequency,gnomAD exome allele frequency,REVEL score,Mutation sources,PTMs,is site part of phospho-SLiM,PTM residue SASA (%),"Change in stability with PTM (FoldX5, kcal/mol)","Change in binding with PTM (FoldX5, kcal/mol)","Change in binding with mutation (FoldX5, kcal/mol)",PTM effect in regulation,PTM effect in stability,PTM effect in function,AlloSigma2 mutation type,AlloSigma2 predicted consequence - active sites,AlloSigma2 predicted consequence - cofactor sites,AlloSigma2 predicted consequence - pockets and interfaces,ClinVar Variation ID,ClinVar Interpretation,ClinVar Review Status,AlphaFold2 model pLDDT score,AlphaFold2 model secondary structure,DeMaSk delta fitness,DeMaSk Shannon entropy,DeMaSk log2 variant frequency,DeMaSk predicted consequence,GEMME Score,EVE score,EVE classification (25% Uncertain),AlphaMissense pathogenicity score,AlphaMissense classification,References
G8D,-0.09397,-0.70272,-0.0314684847275698,Neutral,Neutral,,,Uncertain,117.3,0.0005460268516734,0.0002447261514365,0.031,"cBioPortal,COSMIC",,False,117.3,,,,neutral,neutral,neutral,UP,neutral,neutral,destabilizing,,,,54.63,T,-0.0419,3.3898,-4.5729,loss_of_function,-0.175249304829459,,,0.1223,benign,https://doi.org/10.1101/2022.10.22.513328
R10L,-0.09883,-0.24524,-0.1898669455053414,Neutral,Neutral,,,Uncertain,105.2,,8.0684202033e-06,0.055,COSMIC,,False,105.2,,,,neutral,neutral,neutral,DOWN,neutral,neutral,neutral,,,,57.59,S,-0.0278,3.2986,-6.375,loss_of_function,-0.92346861704739,,,0.0982,benign,https://doi.org/10.1101/2022.10.22.513328
H11D,-0.38362,-1.02585,0.2481041668472383,Neutral,Neutral,,,Uncertain,99.3,,,0.064,cBioPortal,,False,99.3,,,,neutral,neutral,neutral,DOWN,neutral,neutral,neutral,,,,62.47,S,0.0781,3.6346,-5.0179,gain_of_function,-0.148308597998157,,,0.0854,benign,https://doi.org/10.1101/2022.10.22.513328
R14L,0.58719,1.04558,-0.2672622112937256,Neutral,Neutral,,,Uncertain,74.0,,,0.068,"cBioPortal,COSMIC",,False,74.0,,,,neutral,neutral,neutral,DOWN,neutral,neutral,stabilizing,,,,78.2,-,-0.197,1.4383,-5.9734,loss_of_function,-1.37382098300975,,,0.3287,benign,https://doi.org/10.1101/2022.10.22.513328
R14W,0.12036,0.90544,-0.1495790863439061,Neutral,Neutral,,,Uncertain,74.0,3.20965464116e-05,2.23184394947e-05,0.180,"cBioPortal,COSMIC",,False,74.0,,,,neutral,neutral,neutral,UP,neutral,neutral,destabilizing,,,,78.2,-,-0.2932,1.4383,-21.8461,loss_of_function,-3.21495043477135,,,0.6528,pathogenic,https://doi.org/10.1101/2022.10.22.513328
G16R,-1.18275,1.03469,-0.2392158252313841,Neutral,Neutral,,,Uncertain,94.4,,,0.040,"cBioPortal,COSMIC",,False,94.4,,,,neutral,neutral,neutral,UP,neutral,neutral,destabilizing,,,,81.76,-,-0.0588,3.307,-3.2085,loss_of_function,-0.0854545117026652,,,0.1756,benign,https://doi.org/10.1101/2022.10.22.513328
P17S,0.73586,1.23061,-0.0804852406368639,Neutral,Neutral,,,Uncertain,79.4,,0.0,0.048,cBioPortal,,True,79.4,,,,neutral,neutral,neutral,DOWN,neutral,neutral,stabilizing,,,,84.85,-,0.0576,3.2091,-4.6592,gain_of_function,-0.357203898166196,0.0024329821109202,Benign,0.1258,benign,https://doi.org/10.1101/2022.10.22.513328
D18N,3.77709,1.7,0.578149055542394,Uncertain,Uncertain,,,Uncertain,55.5,3.20924261874e-05,,0.181,"cBioPortal,COSMIC,clinvar",,True,55.5,,,,neutral,neutral,neutral,-,uncertain,uncertain,uncertain,2251430,Uncertain significance,1,88.86,-,-0.2921,0.2339,-21.8876,loss_of_function,-2.54574754190342,0.9735569667525296,Pathogenic,0.953,pathogenic,https://doi.org/10.1101/2022.10.22.513328
R20W,0.61205,2.26667,-0.1762005763364249,Uncertain,Neutral,,,Uncertain,97.6,,,0.092,cBioPortal,,True,97.6,,,,neutral,neutral,neutral,UP,neutral,neutral,stabilizing,,,,90.83,H,-0.1847,2.6201,-21.8802,loss_of_function,-2.15997313092494,0.0752909002164684,Benign,0.2067,benign,https://doi.org/10.1101/2022.10.22.513328
G23A,-0.31161,-0.58912,-0.5209505812445664,Neutral,Neutral,4e-05,-0.04214,Neutral,58.9,,,0.072,cBioPortal,,False,58.9,,,,neutral,neutral,neutral,UP,neutral,neutral,neutral,,,,88.3,H,0.0337,3.5916,-5.2016,gain_of_function,-0.119409873635801,0.004630584354754,Benign,0.1037,benign,https://doi.org/10.1101/2022.10.22.513328
G23E,-0.52138,-0.4483,-0.4157959942542172,Neutral,Neutral,0.01784,0.00776,Neutral,58.9,,,0.091,cBioPortal,,False,58.9,,,,neutral,neutral,neutral,UP,neutral,neutral,neutral,,,,88.3,H,-0.0219,3.5916,-4.4361,loss_of_function,-0.0352808299069957,0.0012166000438542,Benign,0.1235,benign,https://doi.org/10.1101/2022.10.22.513328
G23M,-0.86376,0.09116,-0.6430536669459436,Neutral,Neutral,0.00144,0.01214,Neutral,58.9,,,,cBioPortal,,False,58.9,,,,neutral,neutral,neutral,UP,neutral,neutral,neutral,,,,88.3,H,-0.0332,3.5916,-8.5234,loss_of_function,-0.684673602538237,0.1498017463588909,Benign,0.4944,ambiguous,https://doi.org/10.1101/2022.10.22.513328
G23V,0.15401,-0.11224,-0.4841821763816245,Neutral,Neutral,0.00164,0.00189,Neutral,58.9,,,0.053,cBioPortal,,False,58.9,,,,neutral,neutral,neutral,UP,neutral,neutral,neutral,,,,88.3,H,-0.1378,3.5916,-21.8113,loss_of_function,-0.672515728343654,0.0500910767539225,Benign,0.2695,benign,https://doi.org/10.1101/2022.10.22.513328
Q25E,0.34342,-0.35476,-0.1658978085098178,Neutral,Neutral,,,Uncertain,83.9,,,0.045,cBioPortal,,False,83.9,,,,neutral,neutral,neutral,DOWN,neutral,neutral,stabilizing,,,,91.02,H,0.0632,2.9557,-3.3739,gain_of_function,-0.452858687124451,,,0.0634,benign,https://doi.org/10.1101/2022.10.22.513328
V27A,0.62415,0.75136,1.1638419284634356,Neutral,Neutral,0.02042,-0.00857,Neutral,38.6,,,0.374,cBioPortal,,True,38.6,,,,neutral,neutral,neutral,DOWN,neutral,neutral,neutral,,,,94.79,H,-0.1887,0.7859,-4.6147,loss_of_function,-2.23127168661262,0.1437957393553892,Benign,0.4847,ambiguous,https://doi.org/10.1101/2022.10.22.513328
L32P,6.21568,8.42449,7.99460303414001,Destabilizing,Destabilizing,-0.0094,-0.03355,Neutral,12.6,,,0.520,cBioPortal,,True,12.6,,,,neutral,neutral,neutral,DOWN,neutral,neutral,neutral,,,,95.42,H,-0.4469,0.5908,-21.9061,loss_of_function,-5.14662774179001,0.9914970366982384,Pathogenic,0.9785,pathogenic,https://doi.org/10.1101/2022.10.22.513328
L32R,1.65776,1.98129,2.018916368042978,Neutral,Uncertain,0.02724,0.06362,Neutral,12.6,,,0.275,"cBioPortal,COSMIC",,True,12.6,,,,neutral,neutral,neutral,UP,neutral,neutral,neutral,,,,95.42,H,-0.3758,0.5908,-8.6182,loss_of_function,-1.64916831420112,0.5404636262166362,Uncertain,0.611,pathogenic,https://doi.org/10.1101/2022.10.22.513328
R33C,0.93621,0.58946,1.3752218115774033,Neutral,Neutral,1.09746,0.4568,Uncertain,86.3,,4.741089123e-06,0.111,"cBioPortal,COSMIC",,True,86.3,,,,neutral,neutral,neutral,DOWN,neutral,neutral,destabilizing,,,,94.15,H,-0.1409,3.0013,-21.9171,loss_of_function,-0.417332158133962,0.1252166799828886,Benign,0.1797,benign,https://doi.org/10.1101/2022.10.22.513328
R33G,1.13773,0.97653,1.2893395863541606,Neutral,Neutral,1.08382,0.33052,Uncertain,86.3,,7.58574259679e-05,0.057,cBioPortal,,True,86.3,,,,neutral,neutral,neutral,DOWN,neutral,neutral,destabilizing,,,,94.15,H,-0.0945,3.0013,-7.6293,loss_of_function,-1.63757962456736,0.0384238618504247,Benign,0.1216,benign,https://doi.org/10.1101/2022.10.22.513328
R33P,3.46345,6.07823,6.747397632788579,Destabilizing,Destabilizing,0.9999,0.07013,Neutral,86.3,,,0.168,COSMIC,,True,86.3,,,,neutral,neutral,neutral,DOWN,neutral,neutral,destabilizing,,,,94.15,H,-0.2741,3.0013,-21.9171,loss_of_function,-3.15282325288882,0.5352447841356334,Uncertain,0.7298,pathogenic,https://doi.org/10.1101/2022.10.22.513328
E35K,1.55754,2.37007,0.9766292150373274,Uncertain,Neutral,0.1461,0.01097,Neutral,7.8,,,0.376,"cBioPortal,COSMIC",,True,7.8,,,,neutral,neutral,neutral,UP,neutral,neutral,neutral,,,,94.16,H,-0.2412,0.3482,-8.6292,loss_of_function,-2.73621075992835,0.9636918154583228,Pathogenic,0.9935,pathogenic,https://doi.org/10.1101/2022.10.22.513328
E36K,-0.5834,-0.03333,0.2402429905520503,Neutral,Neutral,0.1619,-0.00686,Neutral,93.8,,,0.256,cBioPortal,,True,93.8,,,,neutral,neutral,neutral,UP,neutral,neutral,neutral,,,,87.84,G,-0.0978,1.6888,-4.7041,loss_of_function,-1.33151841818425,0.0541051899984283,Benign,0.8466,pathogenic,https://doi.org/10.1101/2022.10.22.513328
E36V,0.38126,0.11156,0.2381763612681869,Neutral,Neutral,0.1149,0.00567,Neutral,93.8,,,0.193,cBioPortal,,True,93.8,,,,neutral,neutral,neutral,-,uncertain,uncertain,uncertain,,,,87.84,G,-0.1038,1.6888,-7.611,loss_of_function,-1.38148209633259,0.3027961423695531,Benign,0.8252,pathogenic,https://doi.org/10.1101/2022.10.22.513328
R37S,1.29693,1.27483,1.3761051705536245,Neutral,Neutral,1.98244,0.90862,Uncertain,65.1,,,0.105,COSMIC,,True,65.1,,,,neutral,neutral,neutral,DOWN,neutral,neutral,destabilizing,,,,91.0,G,-0.1222,2.1718,-4.9289,loss_of_function,-1.03471510350325,0.1379532647911733,Benign,0.6142,pathogenic,https://doi.org/10.1101/2022.10.22.513328
V39I,-0.6478,-0.17245,-0.212927977915816,Neutral,Neutral,,,,19.8,,0.0,0.030,"cBioPortal,COSMIC",,True,19.8,,,,neutral,neutral,neutral,UP,neutral,neutral,neutral,,,,88.72,S,0.0638,2.7855,-3.811,gain_of_function,-0.614793608640649,0.0010654736795159,Benign,0.1078,benign,https://doi.org/10.1101/2022.10.22.513328
P40S,2.62357,1.96599,1.6355900311709504,Uncertain,Uncertain,,,,8.8,,4.3422001059e-06,0.384,cBioPortal,,True,8.8,,,,neutral,neutral,neutral,DOWN,neutral,neutral,neutral,,,,84.27,-,-0.122,1.322,-5.822,loss_of_function,-2.18266910575782,0.4071977664211688,Uncertain,0.8426,pathogenic,https://doi.org/10.1101/2022.10.22.513328
R41C,0.81217,1.72993,1.0344618490157234,Neutral,Neutral,,,Uncertain,103.3,,,0.087,cBioPortal,,True,103.3,,,,neutral,neutral,neutral,DOWN,neutral,neutral,stabilizing,,,,76.69,S,-0.0579,2.9907,-5.4558,loss_of_function,-0.329965689723105,0.0389948049990866,Benign,0.3412,ambiguous,https://doi.org/10.1101/2022.10.22.513328
R41H,0.96379,0.62551,0.0065694150534678,Neutral,Neutral,,,Uncertain,103.3,,,0.086,cBioPortal,,True,103.3,,,,neutral,neutral,neutral,DOWN,neutral,neutral,stabilizing,,,,76.69,S,-0.0206,2.9907,-5.8183,loss_of_function,-0.749804230501805,0.0163560006236575,Benign,0.2444,benign,https://doi.org/10.1101/2022.10.22.513328
S43F,0.13227,-0.85544,-0.9404559525078536,Neutral,Neutral,,,Uncertain,26.5,,,0.187,"cBioPortal,COSMIC",,True,26.5,,,,uncertain,,,UP,neutral,neutral,neutral,,,,89.79,-,-0.0947,2.1132,-8.6365,loss_of_function,-0.465156038423123,0.3887054467633897,Uncertain,0.7721,pathogenic,https://doi.org/10.1101/2022.10.22.513328
F45C,3.67031,2.73061,4.454041043138878,Uncertain,Destabilizing,,,,5.9,,,0.409,cBioPortal,,True,5.9,,,,neutral,neutral,neutral,DOWN,neutral,neutral,neutral,,,,94.86,H,-0.2882,0.5216,-6.311,loss_of_function,-2.59981979434421,0.6169045140599712,Uncertain,0.9655,pathogenic,https://doi.org/10.1101/2022.10.22.513328
Q46H,0.44505,-0.22585,-0.6840665840053939,Neutral,Neutral,,,Uncertain,88.1,,,0.085,cBioPortal,,True,88.1,,,,neutral,neutral,neutral,UP,neutral,neutral,neutral,,,,91.73,H,0.0243,2.6252,-5.8293,gain_of_function,-1.11633453422802,0.0636415563466222,Benign,0.1716,benign,https://doi.org/10.1101/2022.10.22.513328
V48A,1.78439,2.09796,1.5358126585066414,Uncertain,Neutral,,,Uncertain,24.1,,,0.253,cBioPortal,,True,24.1,,,,neutral,neutral,neutral,DOWN,neutral,neutral,neutral,,,,94.81,T,-0.1857,0.9545,-7.0625,loss_of_function,-1.9987450224693,,,0.7878,pathogenic,https://doi.org/10.1101/2022.10.22.513328
V48M,0.34435,1.83061,1.1113257755092447,Neutral,Neutral,,,Uncertain,24.1,,,0.207,cBioPortal,,True,24.1,,,,neutral,neutral,neutral,UP,neutral,neutral,neutral,,,,94.81,T,-0.1984,0.9545,-7.6474,loss_of_function,-1.58104212510361,,,0.7734,pathogenic,https://doi.org/10.1101/2022.10.22.513328
Q49R,15.38972,8.97177,3.0992058738888315,Destabilizing,Destabilizing,,,,0.0,,,0.286,cBioPortal,,True,0.0,,,,neutral,neutral,neutral,UP,neutral,neutral,neutral,,,,96.99,-,-0.2415,0.1699,-7.6581,loss_of_function,-4.08059867446976,0.8723613300620217,Pathogenic,0.9731,pathogenic,https://doi.org/10.1101/2022.10.22.513328
R50G,1.1612,1.29218,0.8641953115463141,Neutral,Neutral,,,Uncertain,99.1,,,0.152,cBioPortal,,True,99.1,,,,neutral,neutral,neutral,DOWN,neutral,neutral,stabilizing,,,,95.35,S,-0.1573,2.2648,-6.6582,loss_of_function,-1.7342839538746,0.0355012650618484,Benign,0.1261,benign,https://doi.org/10.1101/2022.10.22.513328
R50K,0.05473,-0.05136,0.0733528126122889,Neutral,Neutral,,,Uncertain,99.1,,,,cBioPortal,,True,99.1,,,,neutral,neutral,neutral,-,uncertain,uncertain,uncertain,,,,95.35,S,0.0164,2.2648,-1.0509,gain_of_function,-0.0368992044442554,2.4230334242793053e-05,Benign,0.0808,benign,https://doi.org/10.1101/2022.10.22.513328
R50L,0.19211,0.04966,-0.1936033763646766,Neutral,Neutral,,,Uncertain,99.1,,,0.039,"cBioPortal,COSMIC",,True,99.1,,,,neutral,neutral,neutral,DOWN,neutral,neutral,stabilizing,,,,95.35,S,-0.2024,2.2648,-21.9459,loss_of_function,-2.1899537576859,0.2529418332151046,Benign,0.2531,benign,https://doi.org/10.1101/2022.10.22.513328
E51D,1.01105,1.07313,0.3578949435712653,Neutral,Neutral,,,Uncertain,58.7,,,0.088,cBioPortal,,True,58.7,,,,neutral,neutral,neutral,DOWN,neutral,neutral,neutral,,,,97.39,S,-0.0703,1.1679,-0.9509,loss_of_function,-0.631862587857957,0.0002399553853962,Benign,0.1553,benign,https://doi.org/10.1101/2022.10.22.513328
I52M,1.45519,2.62721,1.3745248409489603,Uncertain,Neutral,,,,0.0,,,0.253,"cBioPortal,COSMIC",,True,0.0,,,,neutral,neutral,neutral,-,uncertain,uncertain,uncertain,,,,97.35,-,-0.1363,1.1576,-7.6653,loss_of_function,-1.4892792188076,0.5002035540096937,Uncertain,0.5,ambiguous,https://doi.org/10.1101/2022.10.22.513328
P54S,2.68603,1.59796,-0.2022289598899662,Uncertain,Uncertain,,,Uncertain,52.8,,,0.336,cBioPortal,,False,52.8,,,,neutral,neutral,neutral,DOWN,neutral,neutral,neutral,,,,95.13,H,-0.1907,0.6047,-6.354,loss_of_function,-1.71900550069446,0.6389762518087314,Uncertain,0.836,pathogenic,https://doi.org/10.1101/2022.10.22.513328
H55Q,-0.67753,0.26633,0.3717118527715868,Neutral,Neutral,,,Uncertain,79.3,,,0.036,cBioPortal,,False,79.3,,,,neutral,neutral,neutral,DOWN,neutral,neutral,neutral,,,,95.17,H,0.0751,2.8593,-7.091,gain_of_function,-0.541011272764665,0.0111721791672756,Benign,0.3298,benign,https://doi.org/10.1101/2022.10.22.513328
K58N,1.40847,1.41769,0.5562409694709677,Neutral,Neutral,,,Uncertain,40.8,,,"0.140, 0.141",cBioPortal,,False,40.8,,,,neutral,neutral,neutral,DOWN,neutral,neutral,neutral,,,,96.63,H,-0.1204,1.5554,-7.1015,loss_of_function,-1.782881001747,0.4270645971523416,Uncertain,0.9534,pathogenic,https://doi.org/10.1101/2022.10.22.513328
M59L,0.44793,-0.15544,-0.364361329383327,Neutral,Neutral,,,Uncertain,79.3,,,0.055,cBioPortal,,False,79.3,,,,neutral,neutral,neutral,-,uncertain,uncertain,uncertain,,,,97.17,H,-0.0092,1.9993,-4.0426,loss_of_function,-1.3929238051239,0.0365894971732386,Benign,0.3516,ambiguous,https://doi.org/10.1101/2022.10.22.513328
Y62N,1.77098,1.0381,1.5134648108680615,Neutral,Neutral,,,Uncertain,43.1,,,0.123,cBioPortal,,True,43.1,,,,uncertain,,,DOWN,neutral,neutral,neutral,,,,97.63,H,-0.0895,3.0045,-6.7073,loss_of_function,-0.778376705714415,0.0002225305431198,Benign,0.3105,benign,https://doi.org/10.1101/2022.10.22.513328
Y62S,1.69275,1.29796,1.930142043001408,Neutral,Neutral,,,Uncertain,43.1,,,0.131,cBioPortal,,True,43.1,,,,uncertain,,,DOWN,neutral,neutral,neutral,,,,97.63,H,-0.0909,3.0045,-4.7074,loss_of_function,-0.727948385989905,8.252205306781903e-05,Benign,0.2138,benign,https://doi.org/10.1101/2022.10.22.513328
E70G,1.36261,0.65442,1.0600850192917113,Neutral,Neutral,,,Uncertain,80.9,,,0.334,cBioPortal,,True,80.9,,,,neutral,neutral,neutral,DOWN,neutral,neutral,neutral,,,,97.32,H,-0.2023,0.7135,-6.8611,loss_of_function,-2.96758855001338,0.8193583425097053,Pathogenic,0.8776,pathogenic,https://doi.org/10.1101/2022.10.22.513328
R72S,1.57136,-1.4466,0.6967127762250638,Neutral,Neutral,,,Uncertain,95.0,,,0.168,COSMIC,,False,95.0,,,,neutral,neutral,neutral,DOWN,neutral,neutral,neutral,,,,95.75,T,-0.1541,1.868,-5.688,loss_of_function,-1.47943294601049,0.020880533690726,Benign,0.4196,ambiguous,https://doi.org/10.1101/2022.10.22.513328
E74D,1.00846,0.72993,0.4413401405873624,Neutral,Neutral,,,Uncertain,23.8,,,0.106,"cBioPortal,COSMIC",,False,23.8,,,,neutral,neutral,neutral,DOWN,neutral,neutral,neutral,,,,95.18,-,-0.0863,1.277,-6.0537,loss_of_function,-1.30813783346404,0.3688225103884616,Uncertain,0.6736,pathogenic,https://doi.org/10.1101/2022.10.22.513328
E75D,0.40738,-0.16905,0.3357851447636106,Neutral,Neutral,,,Uncertain,69.0,,,0.132,"cBioPortal,COSMIC",,False,69.0,,,,neutral,neutral,neutral,DOWN,neutral,neutral,destabilizing,,,,95.39,T,-0.0798,1.1887,-3.1918,loss_of_function,-1.18887215979672,0.0613825400235321,Benign,0.2589,benign,https://doi.org/10.1101/2022.10.22.513328
E76Q,-0.08836,-0.05986,-0.2293004880298427,Neutral,Neutral,,,Uncertain,28.4,,,0.213,cBioPortal,,False,28.4,,,,neutral,neutral,neutral,UP,neutral,neutral,stabilizing,,,,96.88,T,-0.0947,1.1879,-4.7767,loss_of_function,-1.64004509930216,0.1258638012242997,Benign,0.576,pathogenic,https://doi.org/10.1101/2022.10.22.513328
F78L,1.4162,-0.21327,1.3604924058729195,Neutral,Neutral,,,,3.9,,,0.283,cBioPortal,,False,3.9,,,,neutral,neutral,neutral,DOWN,neutral,neutral,neutral,,,,98.57,H,-0.2535,0.2213,-6.273,loss_of_function,-2.35549172617404,0.796182985507623,Pathogenic,0.9972,pathogenic,https://doi.org/10.1101/2022.10.22.513328
P79L,0.2202,-4.89966,-0.2556846509855004,Uncertain,Neutral,,,,11.6,,3.9793392705e-06,0.224,cBioPortal,,False,11.6,,,,neutral,neutral,neutral,UP,neutral,neutral,neutral,,,,97.97,H,-0.2358,0.5871,-5.2761,loss_of_function,-1.08929837445878,0.0911148022045626,Benign,0.4406,ambiguous,https://doi.org/10.1101/2022.10.22.513328
M82T,3.1001,2.64116,1.8467248745896407,Uncertain,Uncertain,,,,2.2,,,0.627,"cBioPortal,COSMIC",,False,2.2,,,,neutral,neutral,neutral,DOWN,neutral,neutral,neutral,,,,98.26,H,-0.1827,1.272,-7.9098,loss_of_function,-3.31735169751662,0.429774920780094,Uncertain,0.8426,pathogenic,https://doi.org/10.1101/2022.10.22.513328
M82V,1.22748,1.04014,0.1149805341576593,Neutral,Neutral,,,,2.2,,,,clinvar,,False,2.2,,,,neutral,neutral,neutral,DOWN,neutral,neutral,neutral,2300500,Uncertain significance,1,98.26,H,-0.1352,1.272,-2.8655,loss_of_function,-1.0382387594752,0.0146900945846501,Benign,0.1223,benign,https://doi.org/10.1101/2022.10.22.513328
N83H,0.87286,-0.21259,-0.3649127816039788,Neutral,Neutral,,,,19.9,,,0.423,cBioPortal,,False,19.9,,,,neutral,neutral,neutral,UP,neutral,neutral,neutral,,,,97.21,H,-0.1774,0.7505,-5.1025,loss_of_function,-2.16408963868018,0.199016255552098,Benign,0.8518,pathogenic,https://doi.org/10.1101/2022.10.22.513328
L85M,0.63772,0.91905,1.229176254319258,Neutral,Neutral,,,,0.0,,,,clinvar,,True,0.0,,,,neutral,neutral,neutral,-,uncertain,uncertain,uncertain,2298702,Uncertain significance,1,98.2,H,-0.1047,1.2579,-3.3279,loss_of_function,-1.18158827382351,0.0357605678240357,Benign,0.2403,benign,https://doi.org/10.1101/2022.10.22.513328
D86N,3.63123,0.7449,0.5559529105989421,Uncertain,Uncertain,,,,7.9,,,0.427,cBioPortal,,True,7.9,,,,neutral,neutral,neutral,-,uncertain,uncertain,uncertain,,,,97.22,H,-0.3023,0.1405,-22.2006,loss_of_function,-3.01312984019676,0.7140787222092746,Pathogenic,0.9941,pathogenic,https://doi.org/10.1101/2022.10.22.513328
R87C,3.74338,2.14184,1.517746970401567,Uncertain,Uncertain,,,,16.4,3.19427585766e-05,,0.522,"cBioPortal,COSMIC",,True,16.4,,,,neutral,neutral,neutral,DOWN,neutral,neutral,neutral,,,,96.46,H,-0.3078,0.2997,-5.9129,loss_of_function,-3.76178941985222,0.7584007000167285,Pathogenic,0.9522,pathogenic,https://doi.org/10.1101/2022.10.22.513328
R87L,1.79155,0.02891,-0.9675719433003916,Neutral,Neutral,,,,16.4,,,0.727,cBioPortal,,True,16.4,,,,neutral,neutral,neutral,DOWN,neutral,neutral,neutral,,,,96.46,H,-0.3845,0.2997,-22.2006,loss_of_function,-4.47115325174233,0.8540689868558102,Pathogenic,0.9803,pathogenic,https://doi.org/10.1101/2022.10.22.513328
Y88D,6.39767,5.75374,6.098350659543521,Destabilizing,Destabilizing,,,,2.7,,,0.475,cBioPortal,,True,2.7,,,,uncertain,,,DOWN,neutral,neutral,neutral,,,,97.27,H,-0.364,1.1093,-22.2006,loss_of_function,-6.10425377518732,0.910214351490216,Pathogenic,0.9971,pathogenic,https://doi.org/10.1101/2022.10.22.513328
C91S,-0.04899,0.17109,-0.2999223452730615,Neutral,Neutral,,,Uncertain,50.7,,,0.035,cBioPortal,,True,50.7,,,,neutral,neutral,neutral,DOWN,neutral,neutral,destabilizing,,,,94.94,T,-0.1059,3.0655,-3.5523,loss_of_function,-0.298922835434111,0.0001516877840983,Benign,0.134,benign,https://doi.org/10.1101/2022.10.22.513328
V92I,-0.39559,1.52925,0.2915690313541541,Neutral,Neutral,,,Uncertain,22.4,,,0.061,"cBioPortal,COSMIC",,False,22.4,,,,neutral,neutral,neutral,UP,neutral,neutral,neutral,,,,96.82,S,0.0332,2.5513,-5.588,gain_of_function,-0.886312884168007,0.1667243517387614,Benign,0.1104,benign,https://doi.org/10.1101/2022.10.22.513328
R95G,0.75386,1.26599,1.1528432103495834,Neutral,Neutral,,,Uncertain,78.6,,,0.067,cBioPortal,,False,78.6,,,,neutral,neutral,neutral,DOWN,neutral,neutral,neutral,,,,97.78,-,-0.1361,2.4091,-5.1055,loss_of_function,-0.883478881497333,0.0758316585289785,Benign,0.1155,benign,https://doi.org/10.1101/2022.10.22.513328
R95L,0.21345,-0.02925,0.087710295515056,Neutral,Neutral,,,Uncertain,78.6,,,0.066,cBioPortal,,False,78.6,,,,neutral,neutral,neutral,DOWN,neutral,neutral,neutral,,,,97.78,-,-0.1175,2.4091,-7.9128,loss_of_function,-0.279193989136978,0.031763933356398,Benign,0.281,benign,https://doi.org/10.1101/2022.10.22.513328
R95Q,0.03023,0.20068,0.6209148377234965,Neutral,Neutral,,,Uncertain,78.6,,,0.014,"cBioPortal,COSMIC",,False,78.6,,,,neutral,neutral,neutral,DOWN,neutral,neutral,neutral,,,,97.78,-,-0.0718,2.4091,-4.3893,loss_of_function,0.0210190708927177,0.005490922697607,Benign,0.1029,benign,https://doi.org/10.1101/2022.10.22.513328
L99F,-0.98177,4.36224,1.369173523694674,Uncertain,Neutral,,,,7.4,,,0.292,cBioPortal,,False,7.4,,,,neutral,neutral,neutral,UP,neutral,neutral,neutral,,,,98.22,H,-0.2487,0.265,-6.5909,loss_of_function,-1.21819180991209,0.2308914400674609,Benign,0.7418,pathogenic,https://doi.org/10.1101/2022.10.22.513328
A104T,2.84686,1.8949,1.514624222758976,Uncertain,Uncertain,,,,0.0,,,0.160,COSMIC,,False,0.0,,,,neutral,neutral,neutral,UP,neutral,neutral,neutral,,,,98.82,H,-0.106,1.1427,-2.6151,loss_of_function,-0.0950553653018527,0.0219630564536316,Benign,0.1984,benign,https://doi.org/10.1101/2022.10.22.513328
V105D,6.38453,5.46939,4.566678090799032,Destabilizing,Destabilizing,-0.04628,0.04128,Neutral,0.0,,,0.521,"cBioPortal,COSMIC",,False,0.0,,,,neutral,neutral,neutral,DOWN,neutral,neutral,neutral,,,,98.84,H,-0.3835,1.4554,-22.2066,loss_of_function,-5.07460549886084,0.9593041836237016,Pathogenic,0.9895,pathogenic,https://doi.org/10.1101/2022.10.22.513328
V105I,1.30504,1.19422,0.978717096926269,Neutral,Neutral,0.0491,0.02163,Neutral,0.0,,,0.097,cBioPortal,,False,0.0,,,,neutral,neutral,neutral,UP,neutral,neutral,neutral,,,,98.84,H,-0.1524,1.4554,-22.2066,loss_of_function,-3.11186074234947,0.8748231452266702,Pathogenic,0.3993,ambiguous,https://doi.org/10.1101/2022.10.22.513328
M107L,0.13446,-0.06259,0.0899693350957181,Neutral,Neutral,,,,0.0,,7.954436985e-06,0.204,COSMIC,,False,0.0,,,,neutral,neutral,neutral,-,uncertain,uncertain,uncertain,,,,98.78,H,-0.088,1.0312,-2.0392,loss_of_function,-0.108147315213643,0.0194423696216583,Benign,0.1628,benign,https://doi.org/10.1101/2022.10.22.513328
L109M,-0.20086,2.16361,1.6112708277615575,Uncertain,Neutral,0.55644,0.08553,Neutral,2.4,,,0.301,COSMIC,,False,2.4,,,,neutral,neutral,neutral,-,uncertain,uncertain,uncertain,,,,98.83,H,-0.1642,0.8329,-7.3368,loss_of_function,-2.02719767008355,0.7202908739623057,Pathogenic,0.5054,ambiguous,https://doi.org/10.1101/2022.10.22.513328
L109P,7.26418,7.93639,9.100507755974846,Destabilizing,Destabilizing,0.5831,0.41908,Neutral,2.4,,,0.645,COSMIC,,False,2.4,,,,neutral,neutral,neutral,DOWN,neutral,neutral,neutral,,,,98.83,H,-0.4261,0.8329,-22.2096,loss_of_function,-6.1000879991331,0.9826357308546472,Pathogenic,0.9919,pathogenic,https://doi.org/10.1101/2022.10.22.513328
S111Y,12.0211,3.94082,4.919270041357778,Destabilizing,Destabilizing,0.08518,-0.04266,Neutral,0.0,,,0.417,cBioPortal,,False,0.0,,,,uncertain,,,UP,neutral,neutral,neutral,,,,98.36,H,-0.3447,0.2005,-22.2066,loss_of_function,-6.34761924860504,0.98266964270257,Pathogenic,0.9947,pathogenic,https://doi.org/10.1101/2022.10.22.513328
R114L,1.04891,0.80544,0.0834334165256994,Neutral,Neutral,-0.34332,0.01766,Neutral,28.9,,,0.111,"cBioPortal,COSMIC",,True,28.9,,,,neutral,neutral,neutral,DOWN,neutral,neutral,neutral,,,,95.68,H,-0.23,1.1318,-6.9218,loss_of_function,-3.37695516740584,0.2725852139236586,Benign,0.8426,pathogenic,https://doi.org/10.1101/2022.10.22.513328
E115K,-1.93294,1.10272,0.972282847214119,Neutral,Neutral,0.2979,0.0414,Neutral,11.4,,3.9775665248e-06,0.465,"cBioPortal,COSMIC",,True,11.4,,,,neutral,neutral,neutral,UP,neutral,neutral,neutral,,,,92.72,-,-0.1666,1.1196,-7.9218,loss_of_function,-4.3718203626829,0.9369010548156992,Pathogenic,0.9705,pathogenic,https://doi.org/10.1101/2022.10.22.513328
E115Q,-0.7717,-0.05918,0.0880940357517628,Neutral,Neutral,0.3972,-0.05928,Neutral,11.4,,,0.393,"cBioPortal,COSMIC",,True,11.4,,,,neutral,neutral,neutral,UP,neutral,neutral,neutral,,,,92.72,-,-0.0952,1.1196,-3.6364,loss_of_function,-1.62567231518533,0.0883921918779859,Benign,0.6578,pathogenic,https://doi.org/10.1101/2022.10.22.513328
T116I,-0.0284,0.23844,-0.0404958434174951,Neutral,Neutral,0.0038,-0.00315,Neutral,84.2,,,0.213,cBioPortal,,True,84.2,,,,uncertain,,,UP,neutral,neutral,destabilizing,,,,91.18,S,-0.1329,1.5511,-7.9218,loss_of_function,-1.63398011919384,0.7567734320234187,Pathogenic,0.6219,pathogenic,https://doi.org/10.1101/2022.10.22.513328
P118S,1.52605,1.95578,0.2265470264259755,Neutral,Neutral,0.84836,0.17262,Neutral,34.4,,3.9774399605e-06,0.511,cBioPortal,,True,34.4,,,,neutral,neutral,neutral,DOWN,neutral,neutral,neutral,,,,96.36,-,-0.1676,0.7867,-5.1145,loss_of_function,-1.84000837991093,0.5816814393967655,Uncertain,0.6859,pathogenic,https://doi.org/10.1101/2022.10.22.513328
I121M,0.18368,0.77245,1.1531946819181669,Neutral,Neutral,-0.42804,0.22309,Neutral,16.0,,1.98862506463e-05,0.074,"cBioPortal,COSMIC",,True,16.0,,,,neutral,neutral,neutral,-,uncertain,uncertain,uncertain,,,,98.29,H,-0.0952,1.6184,-7.9218,loss_of_function,-0.114507899717612,0.0064240295840143,Benign,0.1172,benign,https://doi.org/10.1101/2022.10.22.513328
E122G,2.12223,0.97279,1.1898894254811123,Uncertain,Uncertain,0.00676,0.09403,Neutral,72.8,6.39018467634e-05,8.75008948955e-05,0.264,"cBioPortal,clinvar",,True,72.8,,,,neutral,neutral,neutral,DOWN,neutral,neutral,neutral,2351779,Uncertain significance,1,97.82,H,-0.2137,1.4403,-22.2096,loss_of_function,-2.59521999041501,0.4339271518563258,Uncertain,0.329,benign,https://doi.org/10.1101/2022.10.22.513328
E122K,1.27938,0.18707,0.4420481013137478,Neutral,Neutral,-0.00068,0.0243,Neutral,72.8,,,0.139,COSMIC,,True,72.8,,,,neutral,neutral,neutral,UP,neutral,neutral,neutral,,,,97.82,H,-0.1245,1.4403,-5.4624,loss_of_function,-1.45009300262851,0.0731847510445451,Benign,0.385,ambiguous,https://doi.org/10.1101/2022.10.22.513328
K123N,0.6386,0.62619,0.4033472530873339,Neutral,Neutral,-0.00566,-0.0505,Neutral,53.9,,,"0.135, 0.136",cBioPortal,,False,53.9,,,,neutral,neutral,neutral,DOWN,neutral,neutral,neutral,,,,97.47,H,-0.1232,1.515,-6.9218,loss_of_function,-0.666201485108276,0.544092442572533,Uncertain,0.8578,pathogenic,https://doi.org/10.1101/2022.10.22.513328
K123Q,-0.14469,-0.83571,0.2843734524580815,Neutral,Neutral,-0.00998,-0.05116,Neutral,53.9,,,0.231,cBioPortal,,False,53.9,,,,neutral,neutral,neutral,DOWN,neutral,neutral,neutral,,,,97.47,H,-0.0991,1.515,-5.9218,loss_of_function,-1.12081460118012,0.5379064134605769,Uncertain,0.516,ambiguous,https://doi.org/10.1101/2022.10.22.513328
I126F,-0.15064,0.44898,0.0712050876541586,Neutral,Neutral,,,Uncertain,73.7,,,0.232,cBioPortal,,False,73.7,,,,neutral,neutral,neutral,UP,neutral,neutral,neutral,,,,98.27,H,-0.1092,1.9826,-3.4956,loss_of_function,-0.945433200620272,0.1236241355638113,Benign,0.3714,ambiguous,https://doi.org/10.1101/2022.10.22.513328
I126M,-0.85934,0.20306,0.1937490908090405,Neutral,Neutral,,,Uncertain,73.7,,,0.108,"cBioPortal,COSMIC",,False,73.7,,,,neutral,neutral,neutral,-,uncertain,uncertain,uncertain,,,,98.27,H,-0.0396,1.9826,-3.5999,loss_of_function,-1.15168362590977,0.0393814114533519,Benign,0.3693,ambiguous,https://doi.org/10.1101/2022.10.22.513328
H130Q,-0.3987,0.46837,0.1641671556678481,Neutral,Neutral,,,Uncertain,73.2,,,0.049,COSMIC,,True,73.2,,,,neutral,neutral,neutral,DOWN,neutral,neutral,neutral,,,,96.17,T,-0.0663,1.3126,-6.9218,loss_of_function,0.472708762491868,0.0775843811133692,Benign,0.3876,ambiguous,https://doi.org/10.1101/2022.10.22.513328
A131T,0.28382,0.15204,0.4194085748342396,Neutral,Neutral,,,Uncertain,74.9,,3.9802579207e-06,0.061,cBioPortal,,True,74.9,,,,neutral,neutral,neutral,UP,neutral,neutral,neutral,,,,96.24,S,-0.1618,0.7018,-5.5999,loss_of_function,-1.21111163577452,0.0020060632458941,Benign,0.1922,benign,https://doi.org/10.1101/2022.10.22.513328
A131V,0.20287,0.09694,0.098797338087001,Neutral,Neutral,,,Uncertain,74.9,,0.0001472601649314,0.228,COSMIC,,True,74.9,,,,neutral,neutral,neutral,UP,neutral,neutral,neutral,,,,96.24,S,-0.2436,0.7018,-22.2096,loss_of_function,-4.39810548449822,0.0563651573719554,Benign,0.4658,ambiguous,https://doi.org/10.1101/2022.10.22.513328
P134A,1.67775,0.2,-0.1864434644022866,Neutral,Neutral,-0.07192,-0.01674,Neutral,47.7,,,0.092,"cBioPortal,COSMIC",,True,47.7,,,,neutral,neutral,neutral,DOWN,neutral,neutral,neutral,,,,98.3,H,-0.0206,2.3874,-5.1175,loss_of_function,-0.551053985338127,0.0401136356416838,Benign,0.0801,benign,https://doi.org/10.1101/2022.10.22.513328
P134L,0.58853,-0.3068,-0.9765614485530166,Neutral,Neutral,-0.1633,0.1271,Neutral,47.7,,3.9801945519e-06,0.156,"cBioPortal,COSMIC",,True,47.7,,,,neutral,neutral,neutral,UP,neutral,neutral,neutral,,,,98.3,H,-0.0588,2.3874,-3.0422,loss_of_function,-1.02976046339245,0.0022276186850404,Benign,0.1742,benign,https://doi.org/10.1101/2022.10.22.513328
P134S,2.52212,0.88367,0.1093496687097844,Uncertain,Uncertain,0.01124,-0.05845,Neutral,47.7,0.0069152326322498,0.0020940490787776,0.076,cBioPortal,,True,47.7,,,,neutral,neutral,neutral,DOWN,neutral,neutral,neutral,,,,98.3,H,-0.0185,2.3874,-4.7549,loss_of_function,-0.959003679669097,0.0344764105669643,Benign,0.1344,benign,https://doi.org/10.1101/2022.10.22.513328
R135C,0.33224,1.45714,1.0782686080081307,Neutral,Neutral,0.5068,-0.03886,Neutral,90.1,,7.96172005e-06,0.122,cBioPortal,,True,90.1,,,,neutral,neutral,neutral,DOWN,neutral,neutral,neutral,,,,98.17,H,-0.0462,3.1431,-5.9189,loss_of_function,-0.0851212265230672,0.0862481716653881,Benign,0.1188,benign,https://doi.org/10.1101/2022.10.22.513328
R135G,0.28088,1.12551,0.973793040992153,Neutral,Neutral,0.56286,0.01267,Neutral,90.1,3.18796225453e-05,,0.059,COSMIC,,True,90.1,,,,neutral,neutral,neutral,DOWN,neutral,neutral,neutral,,,,98.17,H,-0.0672,3.1431,-4.8314,loss_of_function,-0.578997712849299,0.0029514238569056,Benign,0.0797,benign,https://doi.org/10.1101/2022.10.22.513328
R135L,-0.42235,0.47823,-0.1986340182766127,Neutral,Neutral,0.31676,-0.00727,Neutral,90.1,,,0.089,"cBioPortal,COSMIC",,True,90.1,,,,neutral,neutral,neutral,DOWN,neutral,neutral,neutral,,,,98.17,H,-0.0471,3.1431,-7.3339,loss_of_function,-1.47757680851216,0.0202416870718961,Benign,0.1041,benign,https://doi.org/10.1101/2022.10.22.513328
L137V,1.10535,2.63673,1.921336027213597,Uncertain,Neutral,0.09634,-0.08884,Neutral,0.0,,,0.145,"cBioPortal,COSMIC",,False,0.0,,,,neutral,neutral,neutral,DOWN,neutral,neutral,neutral,,,,98.44,H,-0.1673,0.8383,-5.486,loss_of_function,-0.611760338352422,0.3228224176909779,Uncertain,0.1456,benign,https://doi.org/10.1101/2022.10.22.513328
R138Q,-0.04195,0.10068,0.8048088065033728,Neutral,Neutral,1.49834,0.38717,Uncertain,66.2,,,0.100,cBioPortal,,False,66.2,,,,neutral,neutral,neutral,DOWN,neutral,neutral,neutral,,,,98.4,H,-0.1143,2.0241,-5.7638,loss_of_function,-2.19216568044827,0.0080363433799916,Benign,0.0937,benign,https://doi.org/10.1101/2022.10.22.513328
D139A,-0.11652,0.37925,-0.2412046332176559,Neutral,Neutral,0.1052,-0.2549,Neutral,73.0,,,0.156,cBioPortal,,True,73.0,,,,neutral,neutral,neutral,DOWN,neutral,neutral,neutral,,,,98.39,H,0.0005,2.8408,-5.0356,gain_of_function,-1.32268960792459,0.0271778364606996,Benign,0.1565,benign,https://doi.org/10.1101/2022.10.22.513328
E141D,1.38542,1.43605,0.8656410795910437,Neutral,Neutral,-0.44392,0.84176,Neutral,19.3,,,0.510,cBioPortal,,True,19.3,,,,neutral,neutral,neutral,DOWN,neutral,neutral,neutral,,,,98.57,H,-0.2844,0.0212,-22.2332,loss_of_function,-5.75333699847839,0.9888731872056616,Pathogenic,0.9896,pathogenic,https://doi.org/10.1101/2022.10.22.513328
L145I,2.57142,0.42993,1.1709037242074587,Uncertain,Uncertain,0.97492,0.48684,Neutral,10.0,,,0.327,cBioPortal,,True,10.0,,,,neutral,neutral,neutral,-,uncertain,uncertain,uncertain,,,,98.18,H,-0.1457,0.8148,-7.9483,loss_of_function,-2.8722352753271,0.6203817756608527,Uncertain,0.4514,ambiguous,https://doi.org/10.1101/2022.10.22.513328
G146E,-0.85804,-1.47279,-0.2715622158301678,Neutral,Neutral,-0.70216,-0.58957,Neutral,74.2,,,0.096,COSMIC,,True,74.2,,,,neutral,neutral,neutral,UP,neutral,neutral,neutral,,,,98.38,H,-0.1258,2.4157,-3.5908,loss_of_function,-0.279972360736162,0.0023105911262027,Benign,0.4018,ambiguous,https://doi.org/10.1101/2022.10.22.513328
L148V,2.65934,2.57891,2.1324360489140983,Uncertain,Uncertain,0.12942,0.08605,Neutral,3.4,,,0.417,cBioPortal,,True,3.4,,,,neutral,neutral,neutral,DOWN,neutral,neutral,neutral,,,,96.88,T,-0.3241,0.0632,-22.2361,loss_of_function,-4.59203079095769,0.9074957390932392,Pathogenic,0.848,pathogenic,https://doi.org/10.1101/2022.10.22.513328
D151H,3.09914,2.09694,0.1333136792381678,Uncertain,Uncertain,3.90502,-0.95831,Uncertain,28.8,,,0.271,cBioPortal,,False,28.8,,,,neutral,neutral,neutral,UP,neutral,neutral,neutral,,,,96.57,-,-0.1489,1.4802,-7.9483,loss_of_function,-2.05031608058167,0.9067024603226728,Pathogenic,0.9503,pathogenic,https://doi.org/10.1101/2022.10.22.513328
A153T,1.44158,0.83163,-0.0334950683785234,Neutral,Neutral,0.87134,0.74964,Neutral,85.2,,,0.187,COSMIC,,False,85.2,,,,neutral,neutral,neutral,UP,neutral,neutral,stabilizing,,,,95.34,-,-0.0917,1.5063,-6.3634,loss_of_function,-2.14702088317521,0.309906912158493,Benign,0.2465,benign,https://doi.org/10.1101/2022.10.22.513328
A153V,1.31455,0.55,-0.3809807920389391,Neutral,Neutral,-0.7701,0.1174,Neutral,85.2,,,0.119,cBioPortal,,False,85.2,,,,neutral,neutral,neutral,UP,neutral,neutral,stabilizing,,,,95.34,-,-0.0743,1.5063,-3.5561,loss_of_function,-1.41442254461454,0.125953084253467,Benign,0.4015,ambiguous,https://doi.org/10.1101/2022.10.22.513328
A154S,2.07605,1.38299,1.3555714207078946,Uncertain,Uncertain,-0.00012,0.01752,Neutral,0.0,,,,clinvar,,False,0.0,,,,neutral,neutral,neutral,-,uncertain,uncertain,uncertain,2309336,Uncertain significance,1,95.82,-,-0.0754,1.3621,-1.7389,loss_of_function,-0.438622346984484,0.0026390124306532,Benign,0.1569,benign,https://doi.org/10.1101/2022.10.22.513328
H158Q,1.14802,0.18639,1.4858330311312302,Neutral,Neutral,,,,8.5,,7.9527289789e-06,0.077,COSMIC,,False,8.5,,,,neutral,neutral,neutral,DOWN,neutral,neutral,neutral,,,,97.46,H,0.0427,2.4252,-5.6235,gain_of_function,-1.27486035981908,0.0387572782528064,Benign,0.362,ambiguous,https://doi.org/10.1101/2022.10.22.513328
D159N,0.56842,1.48912,1.9005081859809696,Neutral,Neutral,0.30534,0.0257,Neutral,22.3,,3.9764909853e-06,0.340,"cBioPortal,COSMIC",,True,22.3,,,,neutral,neutral,neutral,-,uncertain,uncertain,uncertain,,,,96.09,H,-0.2227,0.2703,-8.9453,loss_of_function,-3.56600574289507,0.9613064867314414,Pathogenic,0.9506,pathogenic,https://doi.org/10.1101/2022.10.22.513328
L161V,1.58368,1.21735,1.5637380440243844,Neutral,Neutral,,,,0.4,,,0.097,COSMIC,,True,0.4,,,,neutral,neutral,neutral,DOWN,neutral,neutral,neutral,,,,96.19,H,-0.1093,1.3672,-3.6571,loss_of_function,-1.17915859305821,0.0106991369760013,Benign,0.1781,benign,https://doi.org/10.1101/2022.10.22.513328
A162T,1.01985,0.5034,-0.1244601554618363,Neutral,Neutral,,,Uncertain,56.1,,7.9528554728e-06,0.042,cBioPortal,,True,56.1,,,,neutral,neutral,neutral,UP,neutral,neutral,neutral,,,,93.46,H,-0.0911,2.3928,-22.2332,loss_of_function,-2.61074657792715,0.0591737860736605,Benign,0.084,benign,https://doi.org/10.1101/2022.10.22.513328
R167L,2.09827,0.1085,-0.1924400597270043,Uncertain,Uncertain,,,Uncertain,25.3,,,0.086,COSMIC,,True,25.3,,,,neutral,neutral,neutral,DOWN,neutral,neutral,neutral,,,,92.24,H,-0.1438,2.0053,-5.7784,loss_of_function,-0.995163881117822,0.0763881937781053,Benign,0.3888,ambiguous,https://doi.org/10.1101/2022.10.22.513328
R167W,2.73201,-0.29796,-0.547158393019726,Uncertain,Uncertain,,,Uncertain,25.3,6.37470516989e-05,4.77159944013e-05,0.115,"cBioPortal,COSMIC",,True,25.3,,,,neutral,neutral,neutral,UP,neutral,neutral,neutral,,,,92.24,H,-0.1672,2.0053,-7.3634,loss_of_function,-1.76806555176022,0.5689818629296858,Uncertain,0.3123,benign,https://doi.org/10.1101/2022.10.22.513328
S169F,0.01774,-0.58741,-0.1611298728380927,Neutral,Neutral,,,Uncertain,90.7,0.0001274209989806,0.0001192909346842,0.120,"cBioPortal,COSMIC",,True,90.7,,,,uncertain,,,UP,neutral,neutral,neutral,,,,83.53,T,-0.186,1.8727,-22.2006,loss_of_function,-2.65884192723381,0.0550815650806345,Benign,0.2233,benign,https://doi.org/10.1101/2022.10.22.513328
P171A,1.73286,1.32449,-0.2669464373119606,Neutral,Neutral,,,Uncertain,60.9,,,0.137,"cBioPortal,COSMIC",,True,60.9,,,,neutral,neutral,neutral,DOWN,neutral,neutral,neutral,,,,88.92,-,0.0021,2.5539,-3.665,gain_of_function,-0.598263534112672,0.0493275062974883,Benign,0.1299,benign,https://doi.org/10.1101/2022.10.22.513328
R172C,0.37688,1.94864,1.0273239549567943,Neutral,Neutral,,,Uncertain,102.6,,1.98818224474e-05,0.078,"cBioPortal,COSMIC",,False,102.6,,,,neutral,neutral,neutral,DOWN,neutral,neutral,neutral,,,,86.48,H,-0.033,3.3972,-7.9128,loss_of_function,-0.266728795853654,0.0461202444744686,Benign,0.108,benign,https://doi.org/10.1101/2022.10.22.513328
R172H,0.31373,0.59898,-0.0788987639141813,Neutral,Neutral,,,Uncertain,102.6,,3.18111689014e-05,0.034,"cBioPortal,COSMIC",,False,102.6,,,,neutral,neutral,neutral,DOWN,neutral,neutral,neutral,,,,86.48,H,0.0198,3.3972,-5.2124,gain_of_function,-0.0376536292547634,0.0080822984463405,Benign,0.0788,benign,https://doi.org/10.1101/2022.10.22.513328
R172S,0.14373,1.11293,0.1161214443218838,Neutral,Neutral,,,Uncertain,102.6,,,0.049,cBioPortal,,False,102.6,,,,neutral,neutral,neutral,DOWN,neutral,neutral,neutral,,,,86.48,H,-0.0025,3.3972,-3.5553,loss_of_function,-0.0114464386807108,0.0005071475990851,Benign,0.095,benign,https://doi.org/10.1101/2022.10.22.513328
D173A,1.74471,0.79762,0.4192796939897197,Neutral,Neutral,,,Uncertain,91.5,3.18613394507e-05,1.59052049783e-05,0.084,COSMIC,,False,91.5,,,,neutral,neutral,neutral,DOWN,neutral,neutral,destabilizing,,,,87.6,H,-0.0346,2.4903,-5.5969,loss_of_function,-0.919211536719026,0.0077057808104546,Benign,0.126,benign,https://doi.org/10.1101/2022.10.22.513328
D173E,0.10664,0.53061,-0.0418894570203881,Neutral,Neutral,,,Uncertain,91.5,,,0.084,cBioPortal,,False,91.5,,,,neutral,neutral,neutral,UP,neutral,neutral,stabilizing,,,,87.6,H,0.0382,2.4903,-2.1115,gain_of_function,-0.031955817119481,0.0002344833181447,Benign,0.0777,benign,https://doi.org/10.1101/2022.10.22.513328
D173N,1.94207,0.75986,0.2737311833264372,Neutral,Neutral,,,Uncertain,91.5,3.18593092902e-05,,0.124,cBioPortal,,False,91.5,,,,neutral,neutral,neutral,-,uncertain,uncertain,uncertain,,,,87.6,H,0.0012,2.4903,-5.1115,gain_of_function,-0.543154159718898,0.0429778096481995,Benign,0.1313,benign,https://doi.org/10.1101/2022.10.22.513328
R174P,1.2484,5.49252,4.86113276809281,Uncertain,Uncertain,,,Uncertain,51.2,,,0.124,cBioPortal,,False,51.2,,,,neutral,neutral,neutral,DOWN,neutral,neutral,neutral,,,,91.41,H,-0.1991,3.0077,-7.3309,loss_of_function,-1.39273370866057,,,0.6097,pathogenic,https://doi.org/10.1101/2022.10.22.513328
R174Q,0.41548,0.04932,0.966769303502894,Neutral,Neutral,,,Uncertain,51.2,3.18654005481e-05,3.1811421891e-05,0.077,"cBioPortal,COSMIC,clinvar",,False,51.2,,,,neutral,neutral,neutral,DOWN,neutral,neutral,neutral,2393012,Uncertain significance,1,91.41,H,-0.0245,3.0077,-5.9159,loss_of_function,-1.18086595804948,,,0.0763,benign,https://doi.org/10.1101/2022.10.22.513328
L177F,0.85365,1.3881,0.4725521351485595,Neutral,Neutral,,,Uncertain,67.9,,,0.174,cBioPortal,,False,67.9,,,,neutral,neutral,neutral,UP,neutral,neutral,stabilizing,,,,94.47,H,-0.1448,2.2595,-22.1976,loss_of_function,-2.97557705193885,,,0.3965,ambiguous,https://doi.org/10.1101/2022.10.22.513328
T184N,0.69538,0.59014,0.0603050656685172,Neutral,Neutral,,,Uncertain,68.3,6.37023824691e-05,2.38589459118e-05,0.357,cBioPortal,,True,68.3,,,,uncertain,,,-,uncertain,uncertain,uncertain,,,,95.64,H,-0.2513,0.6431,-8.9276,loss_of_function,-3.19271424709733,0.7127586534979842,Pathogenic,0.8917,pathogenic,https://doi.org/10.1101/2022.10.22.513328
F185C,2.96678,3.0449,3.97955809904524,Uncertain,Uncertain,,,,3.6,,,0.694,cBioPortal,,True,3.6,,,,neutral,neutral,neutral,DOWN,neutral,neutral,neutral,,,,97.45,H,-0.3548,0.6792,-22.2155,loss_of_function,-3.9653808551405,0.8855294531783643,Pathogenic,0.9788,pathogenic,https://doi.org/10.1101/2022.10.22.513328
F185L,0.8788,0.69286,1.921797628748616,Neutral,Neutral,,,,3.6,,,0.432,cBioPortal,,True,3.6,,,,neutral,neutral,neutral,DOWN,neutral,neutral,neutral,,,,97.45,H,-0.2009,0.6792,-4.2273,loss_of_function,-1.59660807019366,0.1627924434238813,Benign,0.9917,pathogenic,https://doi.org/10.1101/2022.10.22.513328
A187T,-0.26499,0.33639,1.235523502259233,Neutral,Neutral,,,Uncertain,24.9,,,0.207,"cBioPortal,COSMIC",,True,24.9,,,,neutral,neutral,neutral,UP,neutral,neutral,neutral,,,,96.94,H,-0.1331,0.9509,-4.4683,loss_of_function,-1.50741914189972,0.1852799868127881,Benign,0.2927,benign,https://doi.org/10.1101/2022.10.22.513328
A187V,0.07109,-0.6568,0.7686727243699989,Neutral,Neutral,,,Uncertain,24.9,,,0.370,cBioPortal,,True,24.9,,,,neutral,neutral,neutral,UP,neutral,neutral,neutral,,,,96.94,H,-0.1427,0.9509,-6.9277,loss_of_function,-3.09673120374059,0.4258864893439236,Uncertain,0.4668,ambiguous,https://doi.org/10.1101/2022.10.22.513328
L188F,1.19576,1.26939,1.2313589802034963,Neutral,Neutral,,,,16.7,,,0.367,cBioPortal,,True,16.7,,,,neutral,neutral,neutral,UP,neutral,neutral,neutral,,,,96.51,H,-0.2334,0.4507,-6.9277,loss_of_function,-3.82137718305593,0.7835092507019633,Pathogenic,0.8453,pathogenic,https://doi.org/10.1101/2022.10.22.513328
T191I,-2.90468,-1.79082,-1.056708838201909,Uncertain,Uncertain,,,,3.1,,,0.556,cBioPortal,,True,3.1,,,,uncertain,,,UP,neutral,neutral,neutral,,,,95.82,H,-0.1774,0.9006,-4.9159,loss_of_function,-1.3223871767816,0.1190588352620819,Benign,0.8817,pathogenic,https://doi.org/10.1101/2022.10.22.513328
D192Y,0.04401,0.02517,-0.3468599189769961,Neutral,Neutral,,,Uncertain,36.7,,,0.704,"cBioPortal,COSMIC",,True,36.7,,,,neutral,neutral,neutral,UP,neutral,neutral,neutral,,,,94.07,S,-0.315,0.8498,-22.1519,loss_of_function,-3.94599305678972,0.905056986159268,Pathogenic,0.948,pathogenic,https://doi.org/10.1101/2022.10.22.513328
A196V,1.44519,0.98673,0.4255750126154412,Neutral,Neutral,,,,13.8,,,0.124,cBioPortal,,True,13.8,,,,neutral,neutral,neutral,UP,neutral,neutral,neutral,,,,92.72,G,-0.0092,2.3091,-5.2605,loss_of_function,-0.155994458417879,0.0083108854667192,Benign,0.2852,benign,https://doi.org/10.1101/2022.10.22.513328
Y198C,1.35606,2.70918,2.128630753667904,Uncertain,Uncertain,,,Uncertain,27.3,3.18979266348e-05,,0.415,cBioPortal,,True,27.3,,,,uncertain,,,DOWN,neutral,neutral,destabilizing,,,,94.51,S,-0.1503,2.0738,-6.2542,loss_of_function,-1.65678137374312,0.1215392450537359,Benign,0.84,pathogenic,https://doi.org/10.1101/2022.10.22.513328
P199L,1.47823,0.23776,-1.2521793896289273,Neutral,Neutral,,,Uncertain,40.5,,,0.585,cBioPortal,,True,40.5,,,,neutral,neutral,neutral,UP,neutral,neutral,neutral,,,,95.0,-,-0.1431,1.529,-4.0906,loss_of_function,-1.74560581940854,0.1067963011811993,Benign,0.6576,pathogenic,https://doi.org/10.1101/2022.10.22.513328
P199S,2.17038,1.69184,0.5908849621730972,Uncertain,Uncertain,,,Uncertain,40.5,,3.9820013539e-06,0.410,"cBioPortal,COSMIC",,True,40.5,,,,neutral,neutral,neutral,DOWN,neutral,neutral,neutral,,,,95.0,-,-0.0941,1.529,-4.0906,loss_of_function,-2.0192082481777,0.0918226397894097,Benign,0.6178,pathogenic,https://doi.org/10.1101/2022.10.22.513328
S201Y,4.86071,4.71224,0.6853135917644859,Destabilizing,Uncertain,,,,2.7,,,0.784,"cBioPortal,COSMIC",,False,2.7,,,,uncertain,,,UP,neutral,neutral,neutral,,,,97.03,H,-0.3367,0.2842,-22.1301,loss_of_function,-8.32646732748335,0.9827545790183968,Pathogenic,0.9908,pathogenic,https://doi.org/10.1101/2022.10.22.513328
M202I,1.81806,0.4983,-0.0537905970361846,Neutral,Neutral,,,,15.4,,,0.386,COSMIC,,False,15.4,,,,neutral,neutral,neutral,-,uncertain,uncertain,uncertain,,,,97.14,H,-0.1021,1.3971,-4.9292,loss_of_function,-1.66451706985278,0.1960702013749243,Benign,0.9723,pathogenic,https://doi.org/10.1101/2022.10.22.513328
M202T,2.72708,1.46395,1.4053773863544987,Uncertain,Uncertain,,,,15.4,,,0.560,COSMIC,,False,15.4,,,,neutral,neutral,neutral,DOWN,neutral,neutral,neutral,,,,97.14,H,-0.1489,1.3971,-3.5507,loss_of_function,-2.02034616782262,0.0442740476737025,Benign,0.8469,pathogenic,https://doi.org/10.1101/2022.10.22.513328
A204T,3.26906,2.78095,2.059448328502348,Uncertain,Uncertain,,,,0.0,,,0.796,cBioPortal,,True,0.0,,,,neutral,neutral,neutral,UP,neutral,neutral,neutral,,,,98.12,H,-0.2144,0.3085,-8.8296,loss_of_function,-2.93571594874349,0.5721385158433642,Uncertain,0.7898,pathogenic,https://doi.org/10.1101/2022.10.22.513328
T205M,1.78695,1.72959,0.7982722119903942,Neutral,Neutral,,,,0.0,,3.9801311851e-06,0.536,"cBioPortal,COSMIC",,True,0.0,,,,uncertain,,,UP,neutral,neutral,neutral,,,,97.52,H,-0.1977,1.8392,-22.1174,loss_of_function,-5.55404529674079,0.5759454770394513,Uncertain,0.35,ambiguous,https://doi.org/10.1101/2022.10.22.513328
I208T,3.12886,2.68095,2.8578114596928814,Uncertain,Uncertain,,,,0.0,3.18451054073e-05,0.0001949643493761,0.383,cBioPortal,,True,0.0,,,,neutral,neutral,neutral,DOWN,neutral,neutral,neutral,,,,97.54,H,-0.168,1.6004,-8.8232,loss_of_function,-2.44009740311824,0.5288862046135473,Uncertain,0.5575,ambiguous,https://doi.org/10.1101/2022.10.22.513328
G209R,2.40696,2.04762,7.724413008897515,Uncertain,Uncertain,,,,0.0,,,0.190,COSMIC,,True,0.0,,,,neutral,neutral,neutral,UP,neutral,neutral,neutral,,,,96.41,H,-0.2703,2.0573,-22.1206,loss_of_function,-2.6960207087441,0.558849893977477,Uncertain,0.9476,pathogenic,https://doi.org/10.1101/2022.10.22.513328
A210V,-0.99399,-1.17347,0.4647745297171118,Neutral,Neutral,,,,0.3,,,0.452,cBioPortal,,False,0.3,,,,neutral,neutral,neutral,UP,neutral,neutral,neutral,,,,95.91,H,-0.1511,0.8541,-6.8329,loss_of_function,-2.11943718003081,0.2068828391664474,Benign,0.7218,pathogenic,https://doi.org/10.1101/2022.10.22.513328
G214C,-1.2982,-1.02755,-0.1105612445544351,Neutral,Neutral,,,Uncertain,96.1,,,0.564,cBioPortal,,False,96.1,,,,neutral,neutral,neutral,UP,neutral,neutral,neutral,,,,91.44,H,-0.3798,0.6845,-22.1111,loss_of_function,-2.4701418452429,0.8787330336478463,Pathogenic,0.9616,pathogenic,https://doi.org/10.1101/2022.10.22.513328
G214S,-0.58674,-0.96803,-0.0064832096670336,Neutral,Neutral,,,Uncertain,96.1,,,0.438,"cBioPortal,COSMIC",,False,96.1,,,,neutral,neutral,neutral,UP,neutral,neutral,neutral,,,,91.44,H,-0.25,0.6845,-7.2384,loss_of_function,-1.54243673114115,0.873643347090165,Pathogenic,0.9162,pathogenic,https://doi.org/10.1101/2022.10.22.513328
L215M,1.17509,1.41259,1.4245440056319203,Neutral,Neutral,,,Uncertain,27.1,,,0.387,"cBioPortal,COSMIC",,False,27.1,,,,neutral,neutral,neutral,-,uncertain,uncertain,uncertain,,,,92.16,T,-0.2179,0.3322,-8.8232,loss_of_function,-2.57515891210107,0.5651586313183428,Uncertain,0.4643,ambiguous,https://doi.org/10.1101/2022.10.22.513328
G216D,1.17968,0.82347,0.4302966641760503,Neutral,Neutral,,,Uncertain,101.4,,,0.063,"cBioPortal,COSMIC",,False,101.4,,,,neutral,neutral,neutral,UP,neutral,neutral,neutral,,,,90.42,T,-0.04,3.3711,-3.8745,loss_of_function,-0.175714701406966,0.0013421499249394,Benign,0.1746,benign,https://doi.org/10.1101/2022.10.22.513328
A217T,2.24585,2.44286,1.1657503947931551,Uncertain,Uncertain,,,,7.1,,,0.063,"cBioPortal,COSMIC",,False,7.1,,,,neutral,neutral,neutral,UP,neutral,neutral,neutral,,,,87.27,-,0.0939,3.4896,-5.7682,gain_of_function,-0.387103688756633,0.0011194560625589,Benign,0.0773,benign,https://doi.org/10.1101/2022.10.22.513328
M220T,2.83835,1.99218,0.9894395514468765,Uncertain,Uncertain,,,Uncertain,37.1,,,0.033,COSMIC,,False,37.1,,,,neutral,neutral,neutral,DOWN,neutral,neutral,destabilizing,,,,88.38,S,0.0218,3.2493,-3.4969,gain_of_function,-0.134679519343913,,,0.0757,benign,https://doi.org/10.1101/2022.10.22.513328
M220V,1.43006,2.52279,0.4964512577550983,Uncertain,Neutral,,,Uncertain,37.1,,,0.030,COSMIC,,False,37.1,,,,neutral,neutral,neutral,DOWN,neutral,neutral,destabilizing,,,,88.38,S,0.0388,3.2493,-4.4229,gain_of_function,-0.295632601749656,,,0.0613,benign,https://doi.org/10.1101/2022.10.22.513328
S221Y,1.99114,1.6,0.7429105521662277,Neutral,Neutral,,,Uncertain,70.9,,,0.122,"cBioPortal,COSMIC",,False,70.9,,,,uncertain,,,UP,neutral,neutral,neutral,,,,91.16,-,-0.05,2.6029,-7.7615,loss_of_function,-1.73463802466041,,,0.2711,benign,https://doi.org/10.1101/2022.10.22.513328
G222R,-0.22392,-1.1381,-0.5374743724309178,Neutral,Neutral,,,Uncertain,54.0,,,0.050,cBioPortal,,False,54.0,,,,neutral,neutral,neutral,UP,neutral,neutral,neutral,,,,89.9,H,-0.1008,2.8844,-3.821,loss_of_function,-0.390320123325942,,,0.1944,benign,https://doi.org/10.1101/2022.10.22.513328
D223N,1.02046,0.45918,0.2706520027368675,Neutral,Neutral,,,Uncertain,77.0,,,0.044,"cBioPortal,COSMIC",,False,77.0,,,,neutral,neutral,neutral,-,uncertain,uncertain,uncertain,,,,92.4,H,0.0271,2.783,-5.2988,gain_of_function,-0.771942541575683,0.0039917364609706,Benign,0.1013,benign,https://doi.org/10.1101/2022.10.22.513328
E224A,0.67458,1.10612,0.1394986080514454,Neutral,Neutral,,,Uncertain,65.6,,,0.090,cBioPortal,,True,65.6,,,,neutral,neutral,neutral,DOWN,neutral,neutral,neutral,,,,94.38,H,0.0928,3.4199,-2.8822,gain_of_function,-0.294686222026113,0.0001274821590624,Benign,0.0749,benign,https://doi.org/10.1101/2022.10.22.513328
E224K,0.37187,1.4017,0.1878761392060018,Neutral,Neutral,,,Uncertain,65.6,,,0.104,"cBioPortal,COSMIC",,True,65.6,,,,neutral,neutral,neutral,UP,neutral,neutral,neutral,,,,94.38,H,0.0642,3.4199,-4.1799,gain_of_function,-0.795277894749135,0.0005736206861293,Benign,0.103,benign,https://doi.org/10.1101/2022.10.22.513328
A230E,4.63939,7.86122,3.088938913013962,Destabilizing,Destabilizing,,,,3.2,,,0.463,cBioPortal,,True,3.2,,,,neutral,neutral,neutral,UP,neutral,neutral,neutral,,,,96.3,H,-0.142,2.0334,-6.7813,loss_of_function,-1.59767339890243,0.344410828508807,Uncertain,0.9154,pathogenic,https://doi.org/10.1101/2022.10.22.513328
T233I,-0.0595,0.4034,0.1411687706495312,Neutral,Neutral,,,,0.0,,,0.173,cBioPortal,,True,0.0,,,,uncertain,,,UP,neutral,neutral,neutral,,,,93.65,H,-0.1228,1.362,-2.5269,loss_of_function,-1.69480925629139,0.0066103430158296,Benign,0.8752,pathogenic,https://doi.org/10.1101/2022.10.22.513328
E236A,1.17321,0.87959,0.7211423746128903,Neutral,Neutral,,,Uncertain,89.6,,,0.215,COSMIC,,True,89.6,,,,neutral,neutral,neutral,DOWN,neutral,neutral,destabilizing,,,,95.15,-,-0.1215,1.418,-8.7779,loss_of_function,-1.90334582295835,0.3517358855815292,Uncertain,0.8098,pathogenic,https://doi.org/10.1101/2022.10.22.513328
E236K,2.78736,0.43163,0.5078598867935341,Uncertain,Uncertain,,,Uncertain,89.6,,,0.180,"cBioPortal,COSMIC",,True,89.6,,,,neutral,neutral,neutral,UP,neutral,neutral,neutral,,,,95.15,-,-0.1354,1.418,-7.1931,loss_of_function,-1.86140187234867,0.1786222523181259,Benign,0.9097,pathogenic,https://doi.org/10.1101/2022.10.22.513328
D238G,0.01115,1.17653,0.9337365967383104,Neutral,Neutral,,,Uncertain,92.2,3.189996172e-05,,0.419,COSMIC,,True,92.2,,,,neutral,neutral,neutral,DOWN,neutral,neutral,neutral,,,,95.94,H,-0.1621,1.3415,-7.6724,loss_of_function,-1.80603057264215,0.4208442725231791,Uncertain,0.8038,pathogenic,https://doi.org/10.1101/2022.10.22.513328
D238N,0.41025,0.24626,0.1057814311841004,Neutral,Neutral,,,Uncertain,92.2,,,0.311,COSMIC,,True,92.2,,,,neutral,neutral,neutral,-,uncertain,uncertain,uncertain,,,,95.94,H,-0.1044,1.3415,-5.0875,loss_of_function,-1.37188443137707,0.2275934107263249,Benign,0.8717,pathogenic,https://doi.org/10.1101/2022.10.22.513328
C239R,-0.8083,-0.91088,-0.934499073682426,Neutral,Neutral,,,Uncertain,56.4,,,0.445,COSMIC,,True,56.4,,,,neutral,neutral,neutral,UP,neutral,neutral,neutral,,,,95.85,H,-0.2838,2.0284,-7.6653,loss_of_function,-1.15398079308107,0.7669226828813119,Pathogenic,0.9476,pathogenic,https://doi.org/10.1101/2022.10.22.513328
R241Q,0.26607,1.17585,1.3528442051699223,Neutral,Neutral,,,Uncertain,39.1,,1.29771256532e-05,0.100,"cBioPortal,COSMIC",,True,39.1,,,,neutral,neutral,neutral,DOWN,neutral,neutral,neutral,,,,95.89,H,-0.0693,2.3766,-3.3042,loss_of_function,-1.0697501615961,0.0325420365960998,Benign,0.1305,benign,https://doi.org/10.1101/2022.10.22.513328
R241W,0.22313,0.40714,0.3844786121213134,Neutral,Neutral,,,Uncertain,39.1,,8.6517913534e-06,0.069,"cBioPortal,COSMIC",,True,39.1,,,,neutral,neutral,neutral,UP,neutral,neutral,neutral,,,,95.89,H,-0.2074,2.3766,-21.9495,loss_of_function,-2.1954544269308,0.797336391674039,Pathogenic,0.31,benign,https://doi.org/10.1101/2022.10.22.513328
A242P,2.92711,7.84252,6.830347001248344,Uncertain,Uncertain,,,Uncertain,62.7,,,0.169,cBioPortal,,True,62.7,,,,neutral,neutral,neutral,UP,neutral,neutral,neutral,,,,95.9,H,-0.1485,2.5988,-7.6581,loss_of_function,-1.28092011902654,0.2835935679053048,Benign,0.9729,pathogenic,https://doi.org/10.1101/2022.10.22.513328
C243F,2.98647,3.67041,0.9707040782336008,Uncertain,Uncertain,,,,0.0,,,0.606,COSMIC,,True,0.0,,,,neutral,neutral,neutral,UP,neutral,neutral,neutral,,,,96.12,H,-0.3749,0.4598,-8.6581,loss_of_function,-3.59014299775391,0.9486853586689816,Pathogenic,0.9546,pathogenic,https://doi.org/10.1101/2022.10.22.513328
C243R,1.12226,7.89388,3.522686510291383,Uncertain,Uncertain,,,,0.0,,,0.558,"cBioPortal,COSMIC",,True,0.0,,,,neutral,neutral,neutral,UP,neutral,neutral,neutral,,,,96.12,H,-0.501,0.4598,-21.9459,loss_of_function,-3.43085076776818,0.9788502080374584,Pathogenic,0.9933,pathogenic,https://doi.org/10.1101/2022.10.22.513328
Q244R,-0.47314,0.96939,0.0971856270560911,Neutral,Neutral,,,,5.9,,,0.172,"cBioPortal,COSMIC",,True,5.9,,,,neutral,neutral,neutral,UP,neutral,neutral,neutral,,,,95.62,H,-0.077,1.8575,-5.8508,loss_of_function,-1.7295393680727,0.5841617213205637,Uncertain,0.3549,ambiguous,https://doi.org/10.1101/2022.10.22.513328
E245D,0.3759,0.3898,0.3829575063101692,Neutral,Neutral,,,Uncertain,73.4,,,0.048,cBioPortal,,True,73.4,,,,neutral,neutral,neutral,DOWN,neutral,neutral,neutral,,,,95.16,H,-0.0581,1.4768,-4.1347,loss_of_function,-1.03132592668839,0.0392840017047725,Benign,0.4347,ambiguous,https://doi.org/10.1101/2022.10.22.513328
E245K,-0.18715,0.01395,-0.017445745974709,Neutral,Neutral,,,Uncertain,73.4,,,0.232,COSMIC,,True,73.4,,,,neutral,neutral,neutral,UP,neutral,neutral,neutral,,,,95.16,H,-0.1231,1.4768,-5.8508,loss_of_function,-1.34817890010156,0.5066242571783738,Uncertain,0.6653,pathogenic,https://doi.org/10.1101/2022.10.22.513328
E248K,-0.46877,0.09048,0.7185415166648043,Neutral,Neutral,,,Uncertain,31.0,,,0.400,cBioPortal,,False,31.0,,,,neutral,neutral,neutral,UP,neutral,neutral,neutral,,,,94.51,H,-0.2006,0.6794,-6.6474,loss_of_function,-2.66613653462964,0.8949776175532921,Pathogenic,0.9183,pathogenic,https://doi.org/10.1101/2022.10.22.513328
L251I,0.87399,3.5949,1.167788859043514,Uncertain,Neutral,,,Uncertain,30.7,,,0.169,cBioPortal,,False,30.7,,,,neutral,neutral,neutral,-,uncertain,uncertain,uncertain,,,,92.76,H,-0.0948,1.1556,-4.1058,loss_of_function,-1.35361687078591,0.2130289416578751,Benign,0.5071,ambiguous,https://doi.org/10.1101/2022.10.22.513328
E253D,0.46788,0.1983,0.3577528545740671,Neutral,Neutral,,,Uncertain,76.7,0.0076878907745311,0.011774060123202,0.210,COSMIC,,False,76.7,,,,neutral,neutral,neutral,DOWN,neutral,neutral,neutral,,,,91.87,H,0.0895,3.117,-4.7926,gain_of_function,-0.238530678206509,0.0137802751941733,Benign,0.098,benign,https://doi.org/10.1101/2022.10.22.513328
E253K,-0.36476,-0.20952,0.0089953556234523,Neutral,Neutral,,,Uncertain,76.7,,,0.112,cBioPortal,,False,76.7,,,,neutral,neutral,neutral,UP,neutral,neutral,neutral,,,,91.87,H,0.0307,3.117,-5.278,gain_of_function,-0.742289820914637,0.0074616914666028,Benign,0.2544,benign,https://doi.org/10.1101/2022.10.22.513328
S254N,-0.8334,0.03844,-0.2650214000815298,Neutral,Neutral,,,Uncertain,32.9,,,0.064,cBioPortal,,False,32.9,,,,uncertain,,,UP,neutral,neutral,stabilizing,,,,88.75,H,-0.0236,1.966,-2.9815,loss_of_function,-0.765900664360704,0.001375129425436,Benign,0.2,benign,https://doi.org/10.1101/2022.10.22.513328
R256K,0.43121,-0.19796,0.3341710248385338,Neutral,Neutral,,,Uncertain,81.1,,,,"cBioPortal,COSMIC",,False,81.1,,,,neutral,neutral,neutral,-,uncertain,uncertain,uncertain,,,,91.94,H,0.0499,2.7222,-2.7304,gain_of_function,-0.24218802886997,0.0006250319766795,Benign,0.1006,benign,https://doi.org/10.1101/2022.10.22.513328
S259A,0.35452,-0.15238,-0.5019077540322869,Neutral,Neutral,,,Uncertain,78.1,0.6189012677679601,0.5381585070363774,0.023,"cBioPortal,COSMIC",,False,78.1,,,,uncertain,,,-,uncertain,uncertain,uncertain,,,,85.77,H,0.1029,3.1116,-3.2115,gain_of_function,-0.0143087827886731,,,0.0609,benign,https://doi.org/10.1101/2022.10.22.513328
S259F,-0.06297,0.15272,-0.6262834130575257,Neutral,Neutral,,,Uncertain,78.1,,,0.042,cBioPortal,,False,78.1,,,,uncertain,,,UP,neutral,neutral,neutral,,,,85.77,H,0.0134,3.1116,-5.4594,gain_of_function,-1.26432309155808,,,0.1926,benign,https://doi.org/10.1101/2022.10.22.513328
Q260E,0.63098,-0.28265,-0.4193233160482917,Neutral,Neutral,,,Uncertain,85.2,,,0.032,"cBioPortal,COSMIC",,False,85.2,,,,neutral,neutral,neutral,DOWN,neutral,neutral,neutral,,,,82.39,H,-0.0079,2.2547,-4.6765,loss_of_function,-0.497918228323166,0.0592388516395898,Benign,0.0909,benign,https://doi.org/10.1101/2022.10.22.513328
T261S,-0.06029,-0.35816,0.1965209498356424,Neutral,Neutral,,,Uncertain,90.3,,,0.076,"cBioPortal,COSMIC",P,True,90.3,1.262,,,neutral,neutral,potentially_damaging,DOWN,neutral,neutral,neutral,,,,73.45,H,0.1223,3.3732,-2.9542,gain_of_function,-0.0260790613905554,6.555269319745621e-05,Benign,0.0665,benign,https://doi.org/10.1101/2022.10.22.513328
S262I,0.94034,0.14898,-0.2031274401472144,Neutral,Neutral,,,Uncertain,86.0,,,0.022,COSMIC,,True,86.0,,,,uncertain,,,UP,neutral,neutral,stabilizing,,,,63.08,H,0.0311,3.3911,-6.4136,gain_of_function,-0.300137142717045,0.0045875229991215,Benign,0.1148,benign,https://doi.org/10.1101/2022.10.22.513328
S263C,0.23491,0.44456,0.4309892124630093,Neutral,Neutral,,,Uncertain,82.1,,,0.030,"cBioPortal,COSMIC",P,True,82.1,1.17,,,damaging,neutral,potentially_damaging,UP,neutral,neutral,neutral,,,,51.95,H,0.063,3.5141,-8.4093,gain_of_function,-0.555589254871401,0.0572581117694489,Benign,0.0713,benign,https://doi.org/10.1101/2022.10.22.513328
S263F,-0.14447,0.08027,-0.1776261627253272,Neutral,Neutral,,,Uncertain,82.1,,,0.030,cBioPortal,P,True,82.1,1.17,,,damaging,neutral,potentially_damaging,UP,neutral,neutral,neutral,,,,51.95,H,0.0354,3.5141,-8.4093,gain_of_function,-0.61852510688315,0.0157425283291075,Benign,0.1188,benign,https://doi.org/10.1101/2022.10.22.513328
