Mutation,Relative Side Chain Solvent Accessibility in wild-type,gnomAD genome allele frequency,gnomAD exome allele frequency,REVEL score,Mutation sources,PTMs,is site part of phospho-SLiM,PTM residue SASA (%),"Change in stability with PTM (FoldX5, kcal/mol)","Change in binding with PTM (FoldX5, kcal/mol)","Change in binding with mutation (FoldX5, kcal/mol)",PTM effect in regulation,PTM effect in stability,PTM effect in function,ClinVar Variation ID,ClinVar Interpretation,ClinVar Review Status,AlphaFold2 model pLDDT score,AlphaFold2 model secondary structure,DeMaSk delta fitness,DeMaSk Shannon entropy,DeMaSk log2 variant frequency,DeMaSk predicted consequence,AlphaMissense pathogenicity score,AlphaMissense classification,References
M1T,58.8,,,,clinvar,,False,58.8,,,,neutral,neutral,neutral,2627007,Likely pathogenic,1,62.98,-,-0.3713,0.0001,-21.9352,loss_of_function,0.9359,pathogenic,https://doi.org/10.1101/2022.10.22.513328
K4M,101.2,,,0.109,cBioPortal,,True,101.2,,,,neutral,neutral,neutral,,,,80.85,H,-0.2272,1.1287,-21.9388,loss_of_function,0.4912,ambiguous,https://doi.org/10.1101/2022.10.22.513328
R6L,81.3,,,0.683,COSMIC,,True,81.3,,,,neutral,neutral,neutral,,,,89.69,H,-0.4108,0.0001,-21.9388,loss_of_function,0.9739,pathogenic,https://doi.org/10.1101/2022.10.22.513328
E22D,111.9,,,0.041,cBioPortal,,False,111.9,,,,neutral,neutral,neutral,,,,83.52,T,-0.0297,1.7979,-4.3576,loss_of_function,0.0807,benign,https://doi.org/10.1101/2022.10.22.513328
S23R,90.1,,,0.049,"cBioPortal,COSMIC",,False,90.1,,,,uncertain,,,,,,86.95,T,-0.153,1.5984,-7.6829,loss_of_function,0.23,benign,https://doi.org/10.1101/2022.10.22.513328
L25M,69.0,,,0.166,COSMIC,,False,69.0,,,,neutral,neutral,neutral,,,,93.75,-,-0.1213,1.1967,-5.479,loss_of_function,0.1423,benign,https://doi.org/10.1101/2022.10.22.513328
L31V,29.3,,,0.385,cBioPortal,,True,29.3,,,,neutral,neutral,neutral,,,,97.12,H,-0.249,0.1344,-8.804,loss_of_function,0.298,benign,https://doi.org/10.1101/2022.10.22.513328
C41S,13.7,,,0.504,COSMIC,,True,13.7,,,,neutral,neutral,neutral,,,,94.06,H,-0.4623,0.22,-22.0918,loss_of_function,0.8516,pathogenic,https://doi.org/10.1101/2022.10.22.513328
S44L,44.5,,0.0,0.374,"cBioPortal,clinvar",,False,44.5,,,,uncertain,,,1342319,Uncertain significance,1,78.94,T,-0.3245,0.3556,-22.0918,loss_of_function,0.2465,benign,https://doi.org/10.1101/2022.10.22.513328
A45T,58.1,,,0.098,cBioPortal,,False,58.1,,,,neutral,neutral,neutral,,,,80.28,T,-0.1899,0.4864,-7.2191,loss_of_function,0.1048,benign,https://doi.org/10.1101/2022.10.22.513328
R47C,61.8,,8.7995635416e-06,0.483,"cBioPortal,COSMIC",,True,61.8,,,,neutral,neutral,neutral,,,,88.75,G,-0.3501,0.7378,-22.0918,loss_of_function,0.6628,pathogenic,https://doi.org/10.1101/2022.10.22.513328
D49N,60.4,,,0.142,cBioPortal,,False,60.4,,,,neutral,neutral,neutral,,,,88.48,S,-0.1892,0.6258,-8.804,loss_of_function,0.7038,pathogenic,https://doi.org/10.1101/2022.10.22.513328
K50R,73.6,,,,clinvar,,False,73.6,,,,neutral,neutral,neutral,1806676,Uncertain significance,1,88.41,H,-0.1379,0.2963,-4.4118,loss_of_function,0.0785,benign,https://doi.org/10.1101/2022.10.22.513328
Y51H,88.2,,,,clinvar,,True,88.2,,,,uncertain,,,2470966,Uncertain significance,1,93.93,H,-0.1239,1.447,-2.1037,loss_of_function,0.3149,benign,https://doi.org/10.1101/2022.10.22.513328
E57K,96.3,,0.0,0.08,cBioPortal,,False,96.3,,,,neutral,neutral,neutral,,,,93.98,H,-0.2056,0.7448,-8.8104,loss_of_function,0.3037,benign,https://doi.org/10.1101/2022.10.22.513328
K60T,59.4,,,0.218,"cBioPortal,COSMIC",,False,59.4,,,,neutral,neutral,neutral,,,,95.09,H,-0.3315,0.137,-22.1612,loss_of_function,0.5403,ambiguous,https://doi.org/10.1101/2022.10.22.513328
Q70H,32.2,,,0.204,COSMIC,,False,32.2,,,,neutral,neutral,neutral,,,,92.29,S,-0.2414,0.6453,-22.2125,loss_of_function,0.4478,ambiguous,https://doi.org/10.1101/2022.10.22.513328
R73Q,40.9,,3.9796876741e-06,0.276,"cBioPortal,COSMIC",,False,40.9,,,,neutral,neutral,neutral,,,,94.28,G,-0.291,1.016,-22.2125,loss_of_function,0.1601,benign,https://doi.org/10.1101/2022.10.22.513328
D75E,49.3,,,0.413,"cBioPortal,COSMIC",,True,49.3,,,,neutral,neutral,neutral,,,,94.82,G,-0.2935,0.0001,-22.2125,loss_of_function,0.9252,pathogenic,https://doi.org/10.1101/2022.10.22.513328
D75N,49.3,,,0.443,"cBioPortal,COSMIC",,True,49.3,,,,neutral,neutral,neutral,,,,94.82,G,-0.3152,0.0001,-22.2125,loss_of_function,0.7606,pathogenic,https://doi.org/10.1101/2022.10.22.513328
D75Y,49.3,,,0.657,cBioPortal,,True,49.3,,,,neutral,neutral,neutral,,,,94.82,G,-0.3935,0.0001,-22.2125,loss_of_function,0.939,pathogenic,https://doi.org/10.1101/2022.10.22.513328
G83E,82.4,,,0.932,COSMIC,,False,82.4,,,,neutral,neutral,neutral,,,,83.07,E,-0.443,0.0001,-22.2006,loss_of_function,0.9997,pathogenic,https://doi.org/10.1101/2022.10.22.513328
G85R,96.3,,,0.949,"cBioPortal,COSMIC",,False,96.3,,,,neutral,neutral,neutral,,,,72.55,E,-0.458,0.0216,-22.2006,loss_of_function,0.9994,pathogenic,https://doi.org/10.1101/2022.10.22.513328
A86D,72.0,,,0.81,cBioPortal,,False,72.0,,,,neutral,neutral,neutral,,,,71.55,T,-0.4201,0.0216,-22.2006,loss_of_function,0.9969,pathogenic,https://doi.org/10.1101/2022.10.22.513328
G88R,33.9,,,0.769,COSMIC,,False,33.9,,,,neutral,neutral,neutral,,,,83.62,E,-0.46,0.0001,-22.2036,loss_of_function,0.9995,pathogenic,https://doi.org/10.1101/2022.10.22.513328
A91S,0.0,,,0.249,COSMIC,,True,0.0,,,,neutral,neutral,neutral,,,,93.94,E,-0.2967,0.0926,-22.2155,loss_of_function,0.3969,ambiguous,https://doi.org/10.1101/2022.10.22.513328
A91T,0.0,,,0.235,"cBioPortal,COSMIC",,True,0.0,,,,neutral,neutral,neutral,,,,93.94,E,-0.2267,0.0926,-7.3428,loss_of_function,0.5361,ambiguous,https://doi.org/10.1101/2022.10.22.513328
K96N,46.9,,,0.318,"cBioPortal,COSMIC",,True,46.9,,,,neutral,neutral,neutral,,,,93.36,T,-0.322,0.2027,-22.2273,loss_of_function,0.7918,pathogenic,https://doi.org/10.1101/2022.10.22.513328
T98I,46.4,,,0.514,cBioPortal,,True,46.4,,,,uncertain,,,,,,91.9,S,-0.2486,1.087,-22.2273,loss_of_function,0.8321,pathogenic,https://doi.org/10.1101/2022.10.22.513328
R100Q,73.4,,3.9774083207e-06,0.161,"cBioPortal,COSMIC",,True,73.4,,,,neutral,neutral,neutral,,,,94.2,-,-0.1891,1.2199,-5.9337,loss_of_function,0.0823,benign,https://doi.org/10.1101/2022.10.22.513328
I101M,10.7,,,0.346,"cBioPortal,COSMIC",,True,10.7,,,,neutral,neutral,neutral,,,,96.76,E,-0.2518,0.7096,-22.2214,loss_of_function,0.4481,ambiguous,https://doi.org/10.1101/2022.10.22.513328
A103V,14.8,,,0.794,COSMIC,,False,14.8,,,,neutral,neutral,neutral,,,,96.37,E,-0.3062,0.0213,-22.2214,loss_of_function,0.9813,pathogenic,https://doi.org/10.1101/2022.10.22.513328
M104I,0.1,,,0.528,cBioPortal,,False,0.1,,,,neutral,neutral,neutral,,,,96.94,E,-0.3189,0.0001,-22.2214,loss_of_function,0.9873,pathogenic,https://doi.org/10.1101/2022.10.22.513328
K105E,12.6,,,0.938,cBioPortal,,True,12.6,,,,neutral,neutral,neutral,,,,95.3,E,-0.3453,0.0213,-22.2214,loss_of_function,0.9991,pathogenic,https://doi.org/10.1101/2022.10.22.513328
N108K,16.0,,,,clinvar,,True,16.0,,,,neutral,neutral,neutral,2505845,Uncertain significance,1,91.03,E,-0.3246,0.0805,-22.2273,loss_of_function,0.9171,pathogenic,https://doi.org/10.1101/2022.10.22.513328
E111A,6.6,,,,clinvar,,False,6.6,,,,neutral,neutral,neutral,1314181,Uncertain significance,1,87.68,H,-0.3076,0.1413,-22.2273,loss_of_function,0.9022,pathogenic,https://doi.org/10.1101/2022.10.22.513328
A119V,1.7,,,0.497,COSMIC,,False,1.7,,,,neutral,neutral,neutral,,,,79.34,-,-0.3047,0.0382,-22.2332,loss_of_function,0.9483,pathogenic,https://doi.org/10.1101/2022.10.22.513328
R122Q,60.4,,,0.369,"cBioPortal,COSMIC",,False,60.4,,,,neutral,neutral,neutral,,,,91.62,H,-0.3791,0.0592,-22.2332,loss_of_function,0.1069,benign,https://doi.org/10.1101/2022.10.22.513328
E123K,30.0,,,0.507,cBioPortal,,False,30.0,,,,neutral,neutral,neutral,,,,93.19,H,-0.3407,0.0212,-22.2332,loss_of_function,0.9753,pathogenic,https://doi.org/10.1101/2022.10.22.513328
E124K,3.4,,,0.879,cBioPortal,,False,3.4,,,,neutral,neutral,neutral,,,,94.46,H,-0.3426,0.0001,-22.2302,loss_of_function,0.995,pathogenic,https://doi.org/10.1101/2022.10.22.513328
R125C,5.3,,,0.683,"cBioPortal,COSMIC",,False,5.3,,,,neutral,neutral,neutral,,,,94.93,H,-0.4187,0.0001,-22.2302,loss_of_function,0.9707,pathogenic,https://doi.org/10.1101/2022.10.22.513328
R125H,5.3,,,0.664,cBioPortal,,False,5.3,,,,neutral,neutral,neutral,,,,94.93,H,-0.3796,0.0001,-22.2302,loss_of_function,0.9682,pathogenic,https://doi.org/10.1101/2022.10.22.513328
D126N,43.3,9.55414012739e-05,2.44933949478e-05,0.278,"cBioPortal,COSMIC,clinvar",,False,43.3,,,,neutral,neutral,neutral,2465931,Uncertain significance,1,93.28,H,-0.1669,0.5668,-3.3576,loss_of_function,0.085,benign,https://doi.org/10.1101/2022.10.22.513328
L128M,0.4,,,0.344,"cBioPortal,COSMIC",,False,0.4,,,,neutral,neutral,neutral,,,,95.74,H,-0.3169,0.0001,-22.2302,loss_of_function,0.7483,pathogenic,https://doi.org/10.1101/2022.10.22.513328
G131S,0.5,,0.0,0.491,"cBioPortal,COSMIC",,False,0.5,,,,neutral,neutral,neutral,,,,91.29,S,-0.3841,0.0591,-22.2361,loss_of_function,0.7047,pathogenic,https://doi.org/10.1101/2022.10.22.513328
C133Y,69.8,,,0.179,"cBioPortal,COSMIC",,False,69.8,,,,neutral,neutral,neutral,,,,88.26,T,-0.2672,1.6183,-6.6264,loss_of_function,0.193,benign,https://doi.org/10.1101/2022.10.22.513328
A142T,0.0,,,,clinvar,,True,0.0,,,,neutral,neutral,neutral,694461,Likely pathogenic,1,97.36,E,-0.2299,0.0915,-7.9483,loss_of_function,0.5858,pathogenic,https://doi.org/10.1101/2022.10.22.513328
A142V,0.0,,0.0,0.697,"cBioPortal,COSMIC",,True,0.0,,,,neutral,neutral,neutral,,,,97.36,E,-0.2998,0.0915,-22.2361,loss_of_function,0.8304,pathogenic,https://doi.org/10.1101/2022.10.22.513328
Q144E,17.3,,0.0,0.47,"cBioPortal,COSMIC",,True,17.3,,,,neutral,neutral,neutral,,,,96.16,E,-0.3049,0.0001,-22.2302,loss_of_function,0.6694,pathogenic,https://doi.org/10.1101/2022.10.22.513328
H148Q,29.3,,,,clinvar,,False,29.3,,,,neutral,neutral,neutral,2524208,Uncertain significance,1,94.03,E,-0.1354,1.4106,-22.2302,loss_of_function,0.2938,benign,https://doi.org/10.1101/2022.10.22.513328
L149M,0.0,,,0.539,"cBioPortal,COSMIC",,False,0.0,,,,neutral,neutral,neutral,,,,95.84,E,-0.3169,0.0001,-22.2302,loss_of_function,0.8167,pathogenic,https://doi.org/10.1101/2022.10.22.513328
D154G,43.2,,,0.841,COSMIC,,False,43.2,,,,neutral,neutral,neutral,,,,96.13,E,-0.3544,0.0589,-22.2419,loss_of_function,0.9667,pathogenic,https://doi.org/10.1101/2022.10.22.513328
Y155D,2.2,,,0.741,COSMIC,,False,2.2,,,,uncertain,,,,,,96.66,-,-0.4608,0.0589,-22.2419,loss_of_function,0.9982,pathogenic,https://doi.org/10.1101/2022.10.22.513328
Y156C,7.7,,,,clinvar,,True,7.7,,,,uncertain,,,1804279,Uncertain significance,1,96.02,-,-0.4173,0.0589,-22.2419,loss_of_function,0.8212,pathogenic,https://doi.org/10.1101/2022.10.22.513328
G158C,0.0,,,0.623,"cBioPortal,COSMIC",,True,0.0,,,,neutral,neutral,neutral,,,,93.21,T,-0.4434,0.0001,-22.2419,loss_of_function,0.9941,pathogenic,https://doi.org/10.1101/2022.10.22.513328
L164M,0.8,,,0.528,"cBioPortal,COSMIC",,True,0.8,,,,neutral,neutral,neutral,,,,94.82,H,-0.3134,0.038,-22.2419,loss_of_function,0.73,pathogenic,https://doi.org/10.1101/2022.10.22.513328
K167T,38.6,,,0.433,cBioPortal,,True,38.6,,,,neutral,neutral,neutral,,,,91.45,T,-0.341,0.038,-22.2419,loss_of_function,0.9712,pathogenic,https://doi.org/10.1101/2022.10.22.513328
F168S,36.6,,,0.563,COSMIC,,True,36.6,,,,neutral,neutral,neutral,,,,93.07,T,-0.4263,0.0211,-22.239,loss_of_function,0.9768,pathogenic,https://doi.org/10.1101/2022.10.22.513328
D170E,68.1,,,0.216,COSMIC,,True,68.1,,,,neutral,neutral,neutral,,,,91.59,T,-0.2936,0.0001,-22.2419,loss_of_function,0.9197,pathogenic,https://doi.org/10.1101/2022.10.22.513328
P173T,58.4,,,0.401,COSMIC,,False,58.4,,,,neutral,neutral,neutral,,,,95.59,-,-0.2663,0.0589,-8.9541,loss_of_function,0.8361,pathogenic,https://doi.org/10.1101/2022.10.22.513328
D175Y,87.3,,,,clinvar,,False,87.3,,,,neutral,neutral,neutral,694462,Likely pathogenic,2,94.71,H,-0.3446,0.5338,-22.2419,loss_of_function,0.4392,ambiguous,https://doi.org/10.1101/2022.10.22.513328
M176T,12.9,,,,clinvar,,False,12.9,,,,neutral,neutral,neutral,1703937,Uncertain significance,1,96.63,H,-0.3674,0.0588,-22.2448,loss_of_function,0.8128,pathogenic,https://doi.org/10.1101/2022.10.22.513328
F179L,7.9,,,0.63,COSMIC,,False,7.9,,,,neutral,neutral,neutral,,,,97.79,H,-0.3519,0.038,-22.2419,loss_of_function,0.9967,pathogenic,https://doi.org/10.1101/2022.10.22.513328
F179V,7.9,,,0.803,COSMIC,,False,7.9,,,,neutral,neutral,neutral,,,,97.79,H,-0.3841,0.038,-22.2419,loss_of_function,0.959,pathogenic,https://doi.org/10.1101/2022.10.22.513328
H192L,7.5,,,0.977,cBioPortal,,False,7.5,,,,neutral,neutral,neutral,,,,95.74,H,-0.3468,0.0001,-22.2361,loss_of_function,0.9835,pathogenic,https://doi.org/10.1101/2022.10.22.513328
H192N,7.5,,,0.849,cBioPortal,,False,7.5,,,,neutral,neutral,neutral,,,,95.74,H,-0.3038,0.0001,-22.2361,loss_of_function,0.9799,pathogenic,https://doi.org/10.1101/2022.10.22.513328
Y196C,11.2,,,0.727,"cBioPortal,COSMIC",,True,11.2,,,,uncertain,,,,,,95.44,E,-0.4173,0.0589,-22.2419,loss_of_function,0.8968,pathogenic,https://doi.org/10.1101/2022.10.22.513328
Y196H,11.2,,,0.763,COSMIC,,True,11.2,,,,uncertain,,,,,,95.44,E,-0.3544,0.0589,-22.2419,loss_of_function,0.9776,pathogenic,https://doi.org/10.1101/2022.10.22.513328
V197M,0.0,,0.0,0.355,"cBioPortal,COSMIC",,True,0.0,,,,neutral,neutral,neutral,,,,95.05,E,-0.3081,0.5713,-22.2419,loss_of_function,0.9046,pathogenic,https://doi.org/10.1101/2022.10.22.513328
K202T,16.8,,,0.945,COSMIC,,False,16.8,,,,neutral,neutral,neutral,,,,95.2,S,-0.3445,0.0001,-22.2419,loss_of_function,0.9957,pathogenic,https://doi.org/10.1101/2022.10.22.513328
P203H,0.1,,,0.709,cBioPortal,,False,0.1,,,,neutral,neutral,neutral,,,,95.4,G,-0.3664,0.0001,-22.2419,loss_of_function,0.9994,pathogenic,https://doi.org/10.1101/2022.10.22.513328
V206L,0.1,,,0.236,cBioPortal,,False,0.1,,,,neutral,neutral,neutral,,,,97.43,E,-0.181,1.0293,-7.3721,loss_of_function,0.542,ambiguous,https://doi.org/10.1101/2022.10.22.513328
D209E,19.9,,,0.486,cBioPortal,,False,19.9,,,,neutral,neutral,neutral,,,,94.78,-,-0.222,0.0419,-8.957,loss_of_function,0.9667,pathogenic,https://doi.org/10.1101/2022.10.22.513328
R215C,17.2,,3.9786426463e-06,0.649,"cBioPortal,COSMIC",,False,17.2,,,,neutral,neutral,neutral,,,,97.69,E,-0.4168,0.021,-22.2448,loss_of_function,0.5421,ambiguous,https://doi.org/10.1101/2022.10.22.513328
R215L,17.2,,,0.501,cBioPortal,,False,17.2,,,,neutral,neutral,neutral,,,,97.69,E,-0.4104,0.021,-22.2448,loss_of_function,0.9282,pathogenic,https://doi.org/10.1101/2022.10.22.513328
D218G,54.1,,,0.964,COSMIC,,False,54.1,,,,neutral,neutral,neutral,,,,91.39,-,-0.3579,0.021,-22.2448,loss_of_function,0.9996,pathogenic,https://doi.org/10.1101/2022.10.22.513328
D218Y,54.1,,,0.95,cBioPortal,,False,54.1,,,,neutral,neutral,neutral,,,,91.39,-,-0.3918,0.021,-22.2448,loss_of_function,0.9976,pathogenic,https://doi.org/10.1101/2022.10.22.513328
L223F,24.6,,,0.426,"cBioPortal,COSMIC",,False,24.6,,,,neutral,neutral,neutral,,,,92.96,E,-0.3511,0.021,-22.2448,loss_of_function,0.9464,pathogenic,https://doi.org/10.1101/2022.10.22.513328
D227G,126.8,,,0.093,"cBioPortal,COSMIC",,False,126.8,,,,neutral,neutral,neutral,,,,89.04,T,-0.2473,1.223,-22.2448,loss_of_function,0.1076,benign,https://doi.org/10.1101/2022.10.22.513328
D227Y,126.8,,,0.217,cBioPortal,,False,126.8,,,,neutral,neutral,neutral,,,,89.04,T,-0.2812,1.223,-22.2448,loss_of_function,0.1876,benign,https://doi.org/10.1101/2022.10.22.513328
D228N,62.4,,3.9811135971e-06,0.159,cBioPortal,,False,62.4,,,,neutral,neutral,neutral,,,,90.69,T,-0.3135,0.021,-22.2448,loss_of_function,0.1176,benign,https://doi.org/10.1101/2022.10.22.513328
S234F,56.7,,,0.614,cBioPortal,,False,56.7,,,,uncertain,,,,,,77.8,-,-0.3567,0.021,-22.2477,loss_of_function,0.8063,pathogenic,https://doi.org/10.1101/2022.10.22.513328
V235A,28.8,,,0.625,cBioPortal,,False,28.8,,,,neutral,neutral,neutral,,,,75.28,S,-0.2794,0.0419,-8.9599,loss_of_function,0.9628,pathogenic,https://doi.org/10.1101/2022.10.22.513328
V235M,28.8,,4.0093337289e-06,0.478,"COSMIC,clinvar",,False,28.8,,,,neutral,neutral,neutral,1708377,Uncertain significance,1,75.28,S,-0.3569,0.0419,-22.2477,loss_of_function,0.8073,pathogenic,https://doi.org/10.1101/2022.10.22.513328
A236V,61.7,,,0.486,COSMIC,,True,61.7,,,,neutral,neutral,neutral,,,,69.07,-,-0.3064,0.021,-22.2477,loss_of_function,0.9501,pathogenic,https://doi.org/10.1101/2022.10.22.513328
V237A,14.1,,,0.768,"cBioPortal,COSMIC",,True,14.1,,,,neutral,neutral,neutral,,,,70.62,-,-0.3491,0.021,-22.2477,loss_of_function,0.9781,pathogenic,https://doi.org/10.1101/2022.10.22.513328
D241H,30.3,,,0.73,cBioPortal,,True,30.3,,,,neutral,neutral,neutral,,,,93.24,G,-0.3561,0.021,-22.2477,loss_of_function,0.9996,pathogenic,https://doi.org/10.1101/2022.10.22.513328
S244L,0.0,,,0.733,cBioPortal,,True,0.0,,,,uncertain,,,,,,94.25,-,-0.356,0.021,-22.2477,loss_of_function,0.994,pathogenic,https://doi.org/10.1101/2022.10.22.513328
S244P,0.0,,,0.632,COSMIC,,True,0.0,,,,uncertain,,,,,,94.25,-,-0.432,0.021,-22.2477,loss_of_function,0.9951,pathogenic,https://doi.org/10.1101/2022.10.22.513328
P245L,12.2,,,0.84,cBioPortal,,True,12.2,,,,neutral,neutral,neutral,,,,93.52,H,-0.3764,0.0001,-22.2448,loss_of_function,0.9918,pathogenic,https://doi.org/10.1101/2022.10.22.513328
I247M,3.3,,,0.541,COSMIC,,False,3.3,,,,neutral,neutral,neutral,,,,91.3,H,-0.3153,0.021,-22.2477,loss_of_function,0.9482,pathogenic,https://doi.org/10.1101/2022.10.22.513328
A250V,0.5,,3.983301998e-06,0.522,COSMIC,,False,0.5,,,,neutral,neutral,neutral,,,,86.34,H,-0.3045,0.0419,-22.2477,loss_of_function,0.9785,pathogenic,https://doi.org/10.1101/2022.10.22.513328
G254S,68.6,,3.981557426e-06,0.427,cBioPortal,,False,68.6,,,,neutral,neutral,neutral,,,,65.77,S,-0.316,0.0627,-8.9599,loss_of_function,0.779,pathogenic,https://doi.org/10.1101/2022.10.22.513328
G259W,4.7,,,0.736,cBioPortal,,False,4.7,,,,neutral,neutral,neutral,,,,92.72,-,-0.4775,0.0419,-22.2477,loss_of_function,0.9946,pathogenic,https://doi.org/10.1101/2022.10.22.513328
D263Y,0.5,,,0.929,"cBioPortal,COSMIC",,False,0.5,,,,neutral,neutral,neutral,,,,97.23,H,-0.3918,0.021,-22.2448,loss_of_function,0.9994,pathogenic,https://doi.org/10.1101/2022.10.22.513328
C270W,0.0,,,0.619,"cBioPortal,COSMIC",,False,0.0,,,,neutral,neutral,neutral,,,,97.78,H,-0.4858,0.0419,-22.2477,loss_of_function,0.998,pathogenic,https://doi.org/10.1101/2022.10.22.513328
E273K,15.5,,,0.739,"cBioPortal,COSMIC",,False,15.5,,,,neutral,neutral,neutral,,,,96.93,H,-0.3388,0.0419,-22.2477,loss_of_function,0.9978,pathogenic,https://doi.org/10.1101/2022.10.22.513328
M274L,0.0,,,0.22,cBioPortal,,False,0.0,,,,neutral,neutral,neutral,,,,96.93,H,-0.2144,0.0419,-8.9599,loss_of_function,0.4006,ambiguous,https://doi.org/10.1101/2022.10.22.513328
M274R,0.0,,,0.785,COSMIC,,False,0.0,,,,neutral,neutral,neutral,,,,96.93,H,-0.4877,0.0419,-22.2477,loss_of_function,0.9976,pathogenic,https://doi.org/10.1101/2022.10.22.513328
F281C,0.9,,,0.757,"cBioPortal,COSMIC",,True,0.9,,,,neutral,neutral,neutral,,,,95.64,T,-0.414,0.0378,-22.2477,loss_of_function,0.9976,pathogenic,https://doi.org/10.1101/2022.10.22.513328
A283V,6.1,,,0.488,"cBioPortal,COSMIC",,True,6.1,,,,neutral,neutral,neutral,,,,91.14,-,-0.3064,0.021,-22.2448,loss_of_function,0.997,pathogenic,https://doi.org/10.1101/2022.10.22.513328
L286V,69.9,,,0.324,cBioPortal,,False,69.9,,,,neutral,neutral,neutral,,,,89.64,H,-0.328,0.021,-22.2448,loss_of_function,0.9653,pathogenic,https://doi.org/10.1101/2022.10.22.513328
I293M,0.0,,,,clinvar,,False,0.0,,,,neutral,neutral,neutral,694463,Likely pathogenic,1,95.48,H,-0.3133,0.0419,-22.2448,loss_of_function,0.949,pathogenic,https://doi.org/10.1101/2022.10.22.513328
E297A,59.8,,,0.312,cBioPortal,,False,59.8,,,,neutral,neutral,neutral,,,,92.6,H,-0.2168,1.1287,-22.2448,loss_of_function,0.5261,ambiguous,https://doi.org/10.1101/2022.10.22.513328
P303L,12.8,,,0.659,cBioPortal,,False,12.8,,,,neutral,neutral,neutral,,,,91.04,-,-0.3764,0.0001,-22.2448,loss_of_function,0.7143,pathogenic,https://doi.org/10.1101/2022.10.22.513328
P303S,12.8,,,0.62,"cBioPortal,COSMIC",,False,12.8,,,,neutral,neutral,neutral,,,,91.04,-,-0.3274,0.0001,-22.2448,loss_of_function,0.7434,pathogenic,https://doi.org/10.1101/2022.10.22.513328
H305Y,84.9,,,0.231,COSMIC,,False,84.9,,,,neutral,neutral,neutral,,,,84.58,T,-0.1627,1.1542,-22.2448,loss_of_function,0.1244,benign,https://doi.org/10.1101/2022.10.22.513328
D308G,93.4,,,0.358,"cBioPortal,COSMIC",,False,93.4,,,,neutral,neutral,neutral,,,,91.68,S,-0.3599,0.0001,-22.2448,loss_of_function,0.211,benign,https://doi.org/10.1101/2022.10.22.513328
S310C,41.8,,,0.61,"cBioPortal,COSMIC",P,False,41.8,1.975,,,damaging,uncertain,uncertain,,,,96.04,-,-0.331,0.0001,-22.2448,loss_of_function,0.3298,benign,https://doi.org/10.1101/2022.10.22.513328
A313V,0.0,,,0.588,cBioPortal,,False,0.0,,,,neutral,neutral,neutral,,,,97.53,H,-0.3064,0.021,-22.2448,loss_of_function,0.8228,pathogenic,https://doi.org/10.1101/2022.10.22.513328
R326C,69.9,,,,clinvar,,True,69.9,,,,neutral,neutral,neutral,2355451,Uncertain significance,1,94.49,G,-0.2333,1.1503,-6.6352,loss_of_function,0.1267,benign,https://doi.org/10.1101/2022.10.22.513328
R326H,69.9,,7.953045221e-06,0.134,cBioPortal,,True,69.9,,,,neutral,neutral,neutral,,,,94.49,G,-0.1642,1.1503,-0.7673,loss_of_function,0.0815,benign,https://doi.org/10.1101/2022.10.22.513328
R327W,0.1,,,0.791,"cBioPortal,COSMIC",,True,0.1,,,,neutral,neutral,neutral,,,,97.33,-,-0.4276,0.0001,-22.2419,loss_of_function,0.9938,pathogenic,https://doi.org/10.1101/2022.10.22.513328
L328P,15.1,,,0.791,cBioPortal,,True,15.1,,,,neutral,neutral,neutral,,,,96.11,T,-0.4908,0.1321,-22.2448,loss_of_function,0.8883,pathogenic,https://doi.org/10.1101/2022.10.22.513328
N331S,87.5,,,0.264,cBioPortal,,False,87.5,,,,neutral,neutral,neutral,,,,84.78,T,-0.2033,0.246,-7.9599,loss_of_function,0.1137,benign,https://doi.org/10.1101/2022.10.22.513328
E334K,63.3,,,0.185,cBioPortal,,False,63.3,,,,neutral,neutral,neutral,,,,94.0,G,-0.1476,1.2549,-6.6381,loss_of_function,0.0864,benign,https://doi.org/10.1101/2022.10.22.513328
F336L,0.0,,,0.372,"cBioPortal,COSMIC",,False,0.0,,,,neutral,neutral,neutral,,,,97.06,G,-0.3554,0.0001,-22.2477,loss_of_function,0.9863,pathogenic,https://doi.org/10.1101/2022.10.22.513328
H339R,5.3,,,,clinvar,,False,5.3,,,,neutral,neutral,neutral,1184434,Uncertain significance,1,97.65,-,-0.3334,0.0001,-22.2477,loss_of_function,0.98,pathogenic,https://doi.org/10.1101/2022.10.22.513328
A340V,66.6,,3.9763961127e-06,0.27,"cBioPortal,COSMIC",,False,66.6,,,,neutral,neutral,neutral,,,,97.32,G,-0.2228,0.9293,-22.2477,loss_of_function,0.0782,benign,https://doi.org/10.1101/2022.10.22.513328
E343D,98.7,,,,clinvar,,False,98.7,,,,neutral,neutral,neutral,2579779,Uncertain significance,1,94.28,T,-0.0512,2.5562,-22.2477,loss_of_function,0.0946,benign,https://doi.org/10.1101/2022.10.22.513328
E348G,85.7,,,0.162,"cBioPortal,COSMIC",,False,85.7,,,,neutral,neutral,neutral,,,,90.98,G,-0.199,0.8654,-8.9599,loss_of_function,0.0871,benign,https://doi.org/10.1101/2022.10.22.513328
N349I,47.5,,,0.262,cBioPortal,,False,47.5,,,,neutral,neutral,neutral,,,,92.79,G,-0.3499,0.3187,-22.2477,loss_of_function,0.3115,benign,https://doi.org/10.1101/2022.10.22.513328
I350M,0.8,,,0.383,"cBioPortal,COSMIC",,False,0.8,,,,neutral,neutral,neutral,,,,94.72,G,-0.3153,0.021,-22.2477,loss_of_function,0.1771,benign,https://doi.org/10.1101/2022.10.22.513328
R351Q,15.7,,7.9532349783e-06,0.343,"cBioPortal,COSMIC,clinvar",,False,15.7,,,,neutral,neutral,neutral,2554233,Uncertain significance,1,92.47,G,-0.2716,0.336,-6.1526,loss_of_function,0.1367,benign,https://doi.org/10.1101/2022.10.22.513328
A355T,0.0,,,0.326,cBioPortal,,False,0.0,,,,neutral,neutral,neutral,,,,95.88,-,-0.3113,0.0001,-22.2477,loss_of_function,0.818,pathogenic,https://doi.org/10.1101/2022.10.22.513328
A355V,0.0,,,0.491,"cBioPortal,COSMIC",,False,0.0,,,,neutral,neutral,neutral,,,,95.88,-,-0.3083,0.0001,-22.2477,loss_of_function,0.8021,pathogenic,https://doi.org/10.1101/2022.10.22.513328
Y357C,20.0,,,0.708,cBioPortal,,True,20.0,,,,uncertain,,,,,,95.05,-,-0.4227,0.0001,-22.2477,loss_of_function,0.6155,pathogenic,https://doi.org/10.1101/2022.10.22.513328
Y357H,20.0,,,0.659,"cBioPortal,COSMIC",,True,20.0,,,,uncertain,,,,,,95.05,-,-0.3598,0.0001,-22.2477,loss_of_function,0.9156,pathogenic,https://doi.org/10.1101/2022.10.22.513328
P359S,0.0,,,0.534,"cBioPortal,COSMIC",,True,0.0,,,,neutral,neutral,neutral,,,,92.43,-,-0.3274,0.0001,-22.2477,loss_of_function,0.9932,pathogenic,https://doi.org/10.1101/2022.10.22.513328
S363C,54.9,,,0.407,"cBioPortal,COSMIC",P,True,54.9,1.123,,,damaging,neutral,potentially_damaging,,,,90.42,S,-0.331,0.0001,-22.2477,loss_of_function,0.3166,benign,https://doi.org/10.1101/2022.10.22.513328
P364L,79.6,,,0.583,"cBioPortal,COSMIC",,True,79.6,,,,neutral,neutral,neutral,,,,89.18,T,-0.3765,0.0001,-22.2477,loss_of_function,0.3776,ambiguous,https://doi.org/10.1101/2022.10.22.513328
P364S,79.6,,,0.344,COSMIC,,True,79.6,,,,neutral,neutral,neutral,,,,89.18,T,-0.3274,0.0001,-22.2477,loss_of_function,0.4738,ambiguous,https://doi.org/10.1101/2022.10.22.513328
S365Y,31.5,,,0.082,"cBioPortal,COSMIC",,True,31.5,,,,uncertain,,,,,,91.11,T,-0.2083,0.8929,-7.9599,loss_of_function,0.4229,ambiguous,https://doi.org/10.1101/2022.10.22.513328
D366G,19.4,,,0.802,"cBioPortal,COSMIC",,False,19.4,,,,neutral,neutral,neutral,,,,91.42,-,-0.3599,0.0001,-22.2477,loss_of_function,0.9944,pathogenic,https://doi.org/10.1101/2022.10.22.513328
D366Y,19.4,,,0.75,"cBioPortal,COSMIC",,False,19.4,,,,neutral,neutral,neutral,,,,91.42,-,-0.3937,0.0001,-22.2477,loss_of_function,0.9887,pathogenic,https://doi.org/10.1101/2022.10.22.513328
S368Y,79.4,,,0.672,"cBioPortal,COSMIC",,False,79.4,,,,uncertain,,,,,,90.43,T,-0.3634,0.0001,-22.2477,loss_of_function,0.9857,pathogenic,https://doi.org/10.1101/2022.10.22.513328
N369S,5.9,,,,clinvar,,False,5.9,,,,neutral,neutral,neutral,2446079,Uncertain significance,1,92.12,T,-0.2988,0.0001,-22.2477,loss_of_function,0.6141,pathogenic,https://doi.org/10.1101/2022.10.22.513328
D371N,112.7,,,0.537,"cBioPortal,COSMIC",,False,112.7,,,,neutral,neutral,neutral,,,,83.62,-,-0.2457,0.021,-8.9599,loss_of_function,0.9239,pathogenic,https://doi.org/10.1101/2022.10.22.513328
V372M,8.1,,3.9786109873e-06,0.268,cBioPortal,,False,8.1,,,,neutral,neutral,neutral,,,,80.87,-,-0.3588,0.021,-22.2477,loss_of_function,0.8548,pathogenic,https://doi.org/10.1101/2022.10.22.513328
D375N,59.7,,3.9794659557e-06,0.197,"COSMIC,clinvar",,False,59.7,,,,neutral,neutral,neutral,1325610,Uncertain significance,1,70.29,-,-0.3105,0.0532,-22.2477,loss_of_function,0.1582,benign,https://doi.org/10.1101/2022.10.22.513328
V376M,91.7,3.1843077315e-05,2.78651327575e-05,0.047,cBioPortal,,False,91.7,,,,neutral,neutral,neutral,,,,67.83,S,-0.1699,1.2086,-6.6381,loss_of_function,0.0773,benign,https://doi.org/10.1101/2022.10.22.513328
E381K,107.9,,,0.161,cBioPortal,,True,107.9,,,,neutral,neutral,neutral,,,,55.67,-,-0.2733,0.7543,-22.239,loss_of_function,0.3107,benign,https://doi.org/10.1101/2022.10.22.513328
I382V,34.4,,,,clinvar,,True,34.4,,,,neutral,neutral,neutral,2530422,Uncertain significance,1,66.47,-,-0.0409,1.5227,-4.4919,loss_of_function,0.0681,benign,https://doi.org/10.1101/2022.10.22.513328
H388Q,55.9,,,,clinvar,,False,55.9,,,,neutral,neutral,neutral,1696964,Uncertain significance,1,74.47,-,-0.2599,0.0588,-22.2448,loss_of_function,0.2944,benign,https://doi.org/10.1101/2022.10.22.513328
H388R,55.9,,,0.362,cBioPortal,,False,55.9,,,,neutral,neutral,neutral,,,,74.47,-,-0.328,0.0588,-22.2448,loss_of_function,0.2516,benign,https://doi.org/10.1101/2022.10.22.513328
T389R,84.3,,7.9546268087e-06,0.298,cBioPortal,,False,84.3,,,,uncertain,,,,,,67.88,S,-0.3004,0.3855,-7.957,loss_of_function,0.2795,benign,https://doi.org/10.1101/2022.10.22.513328
H395R,22.4,,3.9772817665e-06,0.601,cBioPortal,,False,22.4,,,,neutral,neutral,neutral,,,,92.95,T,-0.3261,0.0796,-22.2477,loss_of_function,0.7789,pathogenic,https://doi.org/10.1101/2022.10.22.513328
T405M,24.5,6.36780438105e-05,3.9778196775e-06,0.265,cBioPortal,,False,24.5,,,,uncertain,,,,,,92.97,T,-0.277,0.984,-22.2419,loss_of_function,0.1034,benign,https://doi.org/10.1101/2022.10.22.513328
D411N,14.4,,,0.378,"cBioPortal,COSMIC",,False,14.4,,,,neutral,neutral,neutral,,,,91.93,S,-0.3097,0.0627,-22.2477,loss_of_function,0.4845,ambiguous,https://doi.org/10.1101/2022.10.22.513328
R412Q,25.3,,1.60176835226e-05,0.061,cBioPortal,,False,25.3,,,,neutral,neutral,neutral,,,,90.16,S,-0.2524,0.612,-7.3604,loss_of_function,0.0844,benign,https://doi.org/10.1101/2022.10.22.513328
S414F,22.1,,,0.163,"cBioPortal,clinvar",,False,22.1,,,,uncertain,,,1711899,Uncertain significance,1,82.62,-,-0.2155,1.5539,-22.2302,loss_of_function,0.166,benign,https://doi.org/10.1101/2022.10.22.513328
A1025V,,,,0.513,cBioPortal,,False,,,,,neutral,neutral,neutral,,,,77.82,-,-0.1777,0.6831,-8.9599,loss_of_function,0.1671,benign,https://doi.org/10.1101/2022.10.22.513328
H1026R,,,,0.978,"cBioPortal,COSMIC",,False,,,,,neutral,neutral,neutral,,,,82.33,-,-0.2599,0.0627,-8.9599,loss_of_function,0.9787,pathogenic,https://doi.org/10.1101/2022.10.22.513328
I1030M,,,,0.512,cBioPortal,,False,,,,,neutral,neutral,neutral,,,,89.78,E,-0.2222,1.0329,-22.2506,loss_of_function,0.1451,benign,https://doi.org/10.1101/2022.10.22.513328
I1030S,,,,,clinvar,,False,,,,,neutral,neutral,neutral,2501409,Uncertain significance,1,89.78,E,-0.3719,1.0329,-22.2506,loss_of_function,0.6465,pathogenic,https://doi.org/10.1101/2022.10.22.513328
S1035I,,,,0.717,cBioPortal,,True,,,,,uncertain,,,,,,89.92,S,-0.151,1.4978,-7.9628,loss_of_function,0.1257,benign,https://doi.org/10.1101/2022.10.22.513328
Q1038E,,,,0.494,COSMIC,,False,,,,,neutral,neutral,neutral,,,,91.98,B,-0.1811,1.3478,-22.2535,loss_of_function,0.2376,benign,https://doi.org/10.1101/2022.10.22.513328
S1040I,,,,0.649,COSMIC,,False,,,,,uncertain,,,,,,89.61,T,-0.1875,1.8935,-22.2506,loss_of_function,0.2568,benign,https://doi.org/10.1101/2022.10.22.513328
M1046V,,,,0.931,COSMIC,,False,,,,,neutral,neutral,neutral,,,,92.4,-,-0.3434,0.0834,-22.2506,loss_of_function,0.6762,pathogenic,https://doi.org/10.1101/2022.10.22.513328
I1050L,,,,0.197,"cBioPortal,COSMIC",,False,,,,,neutral,neutral,neutral,,,,91.2,S,-0.1184,1.1573,-5.2596,loss_of_function,0.0628,benign,https://doi.org/10.1101/2022.10.22.513328
R1051L,,,,0.865,"cBioPortal,COSMIC",,False,,,,,neutral,neutral,neutral,,,,91.66,-,-0.3407,0.0418,-8.9628,loss_of_function,0.9583,pathogenic,https://doi.org/10.1101/2022.10.22.513328
R1051Q,,,,0.8,cBioPortal,,False,,,,,neutral,neutral,neutral,,,,91.66,-,-0.3808,0.0418,-22.2506,loss_of_function,0.611,pathogenic,https://doi.org/10.1101/2022.10.22.513328
R1051W,,,,0.758,COSMIC,,False,,,,,neutral,neutral,neutral,,,,91.66,-,-0.4238,0.0418,-22.2506,loss_of_function,0.7432,pathogenic,https://doi.org/10.1101/2022.10.22.513328
A1055G,,,,0.492,"cBioPortal,COSMIC",,False,,,,,neutral,neutral,neutral,,,,92.31,E,-0.0915,1.7083,-5.5006,loss_of_function,0.1295,benign,https://doi.org/10.1101/2022.10.22.513328
A1055T,,,2.01959818075e-05,0.465,COSMIC,,False,,,,,neutral,neutral,neutral,,,,92.31,E,-0.0477,1.7083,-1.3978,loss_of_function,0.0899,benign,https://doi.org/10.1101/2022.10.22.513328
A1055V,,,,0.463,"cBioPortal,COSMIC",,False,,,,,neutral,neutral,neutral,,,,92.31,E,-0.1511,1.7083,-22.2477,loss_of_function,0.1142,benign,https://doi.org/10.1101/2022.10.22.513328
E1057K,,,4.0619364063e-06,0.725,"cBioPortal,COSMIC",,False,,,,,neutral,neutral,neutral,,,,87.39,T,-0.3011,0.4517,-22.2477,loss_of_function,0.4565,ambiguous,https://doi.org/10.1101/2022.10.22.513328
V1058A,,,,,clinvar,,False,,,,,neutral,neutral,neutral,2505222,Uncertain significance,1,84.84,T,-0.2689,0.1004,-7.9599,loss_of_function,0.2519,benign,https://doi.org/10.1101/2022.10.22.513328
S1060F,,,,0.627,cBioPortal,,False,,,,,uncertain,,,,,,85.91,-,-0.2096,1.6192,-22.2477,loss_of_function,0.2153,benign,https://doi.org/10.1101/2022.10.22.513328
S1060P,,,,0.45,cBioPortal,,False,,,,,uncertain,,,,,,85.91,-,-0.2053,1.6192,-6.6381,loss_of_function,0.1082,benign,https://doi.org/10.1101/2022.10.22.513328
C1063F,,,,0.909,COSMIC,,False,,,,,neutral,neutral,neutral,,,,91.15,E,-0.4865,0.0001,-22.2477,loss_of_function,0.9459,pathogenic,https://doi.org/10.1101/2022.10.22.513328
H1064N,,,,0.881,"cBioPortal,COSMIC",,False,,,,,neutral,neutral,neutral,,,,91.45,-,-0.3038,0.0001,-22.2477,loss_of_function,0.9816,pathogenic,https://doi.org/10.1101/2022.10.22.513328
V1065L,,,,0.372,"cBioPortal,COSMIC",,False,,,,,neutral,neutral,neutral,,,,90.17,G,-0.2864,0.7094,-22.2477,loss_of_function,0.2009,benign,https://doi.org/10.1101/2022.10.22.513328
V1065M,,,4.2920665442e-06,0.513,"cBioPortal,COSMIC",,False,,,,,neutral,neutral,neutral,,,,90.17,G,-0.2955,0.7094,-22.2477,loss_of_function,0.1779,benign,https://doi.org/10.1101/2022.10.22.513328
S1066Y,,,,0.688,"cBioPortal,COSMIC",,False,,,,,uncertain,,,,,,88.67,G,-0.2477,1.2574,-22.2477,loss_of_function,0.1334,benign,https://doi.org/10.1101/2022.10.22.513328
I1077L,,,,0.194,cBioPortal,,False,,,,,neutral,neutral,neutral,,,,74.79,-,-0.147,0.9081,-6.375,loss_of_function,0.0974,benign,https://doi.org/10.1101/2022.10.22.513328
K1083R,,,,0.066,"cBioPortal,COSMIC",,True,,,,,neutral,neutral,neutral,,,,63.11,-,-0.1583,0.142,-5.6381,loss_of_function,0.0802,benign,https://doi.org/10.1101/2022.10.22.513328
V1088M,,,2.80208475105e-05,0.148,cBioPortal,,False,,,,,neutral,neutral,neutral,,,,76.64,-,-0.2919,0.7478,-22.2477,loss_of_function,0.6761,pathogenic,https://doi.org/10.1101/2022.10.22.513328
V1090M,,3.1849162367e-05,4.0025936807e-06,0.145,cBioPortal,,False,,,,,neutral,neutral,neutral,,,,73.15,T,-0.2702,0.9841,-22.2477,loss_of_function,0.5734,pathogenic,https://doi.org/10.1101/2022.10.22.513328
Q1091H,,,,0.234,cBioPortal,,False,,,,,neutral,neutral,neutral,,,,70.14,T,-0.1998,0.1639,-5.375,loss_of_function,0.3476,ambiguous,https://doi.org/10.1101/2022.10.22.513328
R1092G,,,,0.442,cBioPortal,,False,,,,,neutral,neutral,neutral,,,,72.72,T,-0.3535,0.9971,-22.2477,loss_of_function,0.7831,pathogenic,https://doi.org/10.1101/2022.10.22.513328
G1093D,,,,0.679,"cBioPortal,COSMIC",,False,,,,,neutral,neutral,neutral,,,,74.75,T,-0.444,0.0001,-22.2535,loss_of_function,0.993,pathogenic,https://doi.org/10.1101/2022.10.22.513328
I1094S,,,,0.409,cBioPortal,,False,,,,,neutral,neutral,neutral,,,,82.37,B,-0.4218,0.4901,-22.2535,loss_of_function,0.6534,pathogenic,https://doi.org/10.1101/2022.10.22.513328
G1095I,,,,,COSMIC,,False,,,,,neutral,neutral,neutral,,,,87.43,S,-0.5238,0.0377,-22.2535,loss_of_function,0.9983,pathogenic,https://doi.org/10.1101/2022.10.22.513328
H1101Y,,,,0.113,"cBioPortal,COSMIC",,True,,,,,neutral,neutral,neutral,,,,92.46,E,-0.0396,1.3498,-1.6529,loss_of_function,0.0343,benign,https://doi.org/10.1101/2022.10.22.513328
V1102I,,,,,clinvar,,True,,,,,neutral,neutral,neutral,2429896,Uncertain significance,1,94.15,E,-0.2058,0.053,-7.3808,loss_of_function,0.2001,benign,https://doi.org/10.1101/2022.10.22.513328
P1105A,,,,0.619,COSMIC,,False,,,,,neutral,neutral,neutral,,,,89.45,E,-0.3258,0.0209,-22.2506,loss_of_function,0.9325,pathogenic,https://doi.org/10.1101/2022.10.22.513328
P1105L,,,,,"cBioPortal,COSMIC",,False,,,,,neutral,neutral,neutral,,,,89.45,E,-0.3746,0.0209,-22.2506,loss_of_function,0.9814,pathogenic,https://doi.org/10.1101/2022.10.22.513328
K1112N,,,,0.437,cBioPortal,,False,,,,,neutral,neutral,neutral,,,,85.58,G,-0.3373,0.0378,-22.2506,loss_of_function,0.985,pathogenic,https://doi.org/10.1101/2022.10.22.513328
W1114S,,,,0.777,"cBioPortal,COSMIC",,False,,,,,neutral,neutral,neutral,,,,89.43,E,-0.5748,0.0001,-22.2506,loss_of_function,0.9995,pathogenic,https://doi.org/10.1101/2022.10.22.513328
Y1118N,,,,0.36,"cBioPortal,COSMIC",P,False,,,,,???,,uncertain,,,,94.13,E,-0.2676,1.9316,-22.2506,loss_of_function,0.5117,ambiguous,https://doi.org/10.1101/2022.10.22.513328
A1119T,,,,0.324,cBioPortal,,False,,,,,neutral,neutral,neutral,,,,94.79,E,-0.3094,0.0209,-22.2506,loss_of_function,0.6732,pathogenic,https://doi.org/10.1101/2022.10.22.513328
V1121I,,3.1847133758e-05,1.99403385072e-05,0.151,cBioPortal,,False,,,,,neutral,neutral,neutral,,,,93.8,E,-0.1107,0.7926,-2.0681,loss_of_function,0.1244,benign,https://doi.org/10.1101/2022.10.22.513328
D1123H,,,,,clinvar,,False,,,,,neutral,neutral,neutral,2132251,Uncertain significance,1,88.55,T,-0.358,0.0001,-22.2477,loss_of_function,0.9865,pathogenic,https://doi.org/10.1101/2022.10.22.513328
C1124R,,,,0.402,COSMIC,,False,,,,,neutral,neutral,neutral,,,,87.45,T,-0.4543,0.9841,-22.2477,loss_of_function,0.8854,pathogenic,https://doi.org/10.1101/2022.10.22.513328
D1130E,,,,0.06,COSMIC,,True,,,,,neutral,neutral,neutral,,,,88.58,E,-0.1228,0.747,-2.2321,loss_of_function,0.2023,benign,https://doi.org/10.1101/2022.10.22.513328
E1133K,,,,0.187,cBioPortal,,True,,,,,neutral,neutral,neutral,,,,68.27,S,-0.3427,0.0001,-22.2477,loss_of_function,0.577,pathogenic,https://doi.org/10.1101/2022.10.22.513328
Q1138H,,,,0.237,"cBioPortal,COSMIC",,False,,,,,neutral,neutral,neutral,,,,79.13,-,-0.2821,0.205,-22.2477,loss_of_function,0.2255,benign,https://doi.org/10.1101/2022.10.22.513328
P1139H,,,,0.386,cBioPortal,,False,,,,,neutral,neutral,neutral,,,,85.61,-,-0.3541,0.1341,-22.2477,loss_of_function,0.6605,pathogenic,https://doi.org/10.1101/2022.10.22.513328
G1140D,,,,0.164,cBioPortal,,False,,,,,neutral,neutral,neutral,,,,84.85,-,-0.3323,1.2138,-22.2477,loss_of_function,0.3482,ambiguous,https://doi.org/10.1101/2022.10.22.513328
G1140S,,,,0.074,COSMIC,,False,,,,,neutral,neutral,neutral,,,,84.85,-,-0.1686,1.2138,-0.8205,loss_of_function,0.0689,benign,https://doi.org/10.1101/2022.10.22.513328
A1143V,,3.1847133758e-05,,0.116,"cBioPortal,COSMIC",,False,,,,,neutral,neutral,neutral,,,,91.79,-,-0.0635,1.4849,-1.05,loss_of_function,0.1555,benign,https://doi.org/10.1101/2022.10.22.513328
S1144N,,,,,clinvar,,True,,,,,uncertain,,,2532690,Uncertain significance,1,90.97,S,-0.1998,0.2542,-6.6409,loss_of_function,0.2624,benign,https://doi.org/10.1101/2022.10.22.513328
D1151E,,,,0.199,COSMIC,,True,,,,,neutral,neutral,neutral,,,,82.41,-,-0.2173,0.0378,-7.9599,loss_of_function,0.7667,pathogenic,https://doi.org/10.1101/2022.10.22.513328
D1151N,,,,,clinvar,,True,,,,,neutral,neutral,neutral,2439852,Uncertain significance,1,82.41,-,-0.3119,0.0378,-22.2477,loss_of_function,0.5176,ambiguous,https://doi.org/10.1101/2022.10.22.513328
D1152E,,,2.40076824584e-05,0.125,"cBioPortal,COSMIC",,True,,,,,neutral,neutral,neutral,,,,78.55,T,-0.1638,0.1796,-0.0352,loss_of_function,0.059,benign,https://doi.org/10.1101/2022.10.22.513328
S1155F,,,,0.399,"cBioPortal,COSMIC",,False,,,,,uncertain,,,,,,89.22,E,-0.3242,0.3734,-22.2477,loss_of_function,0.2022,benign,https://doi.org/10.1101/2022.10.22.513328
V1156M,,,,0.327,cBioPortal,,False,,,,,neutral,neutral,neutral,,,,91.59,E,-0.3607,0.0001,-22.2477,loss_of_function,0.9339,pathogenic,https://doi.org/10.1101/2022.10.22.513328
S1158L,,,,,clinvar,,False,,,,,uncertain,,,2579875,Uncertain significance,1,89.34,E,-0.3526,0.0587,-22.2477,loss_of_function,0.3424,ambiguous,https://doi.org/10.1101/2022.10.22.513328
S1162L,,,,0.386,"cBioPortal,COSMIC",,False,,,,,uncertain,,,,,,82.19,T,-0.3531,0.0532,-22.2477,loss_of_function,0.6369,pathogenic,https://doi.org/10.1101/2022.10.22.513328
R1169C,,,1.19976004799e-05,0.371,"cBioPortal,COSMIC",,True,,,,,neutral,neutral,neutral,,,,84.6,T,-0.3936,0.2735,-22.2448,loss_of_function,0.2589,benign,https://doi.org/10.1101/2022.10.22.513328
R1169H,,,2.39957767433e-05,0.232,"cBioPortal,COSMIC",,True,,,,,neutral,neutral,neutral,,,,84.6,T,-0.2786,0.2735,-7.3721,loss_of_function,0.143,benign,https://doi.org/10.1101/2022.10.22.513328
R1169S,,,,0.235,"cBioPortal,COSMIC",,True,,,,,neutral,neutral,neutral,,,,84.6,T,-0.3853,0.2735,-22.2448,loss_of_function,0.6334,pathogenic,https://doi.org/10.1101/2022.10.22.513328
D1171G,,,,0.743,cBioPortal,,True,,,,,neutral,neutral,neutral,,,,89.97,T,-0.3599,0.0001,-22.2448,loss_of_function,0.9881,pathogenic,https://doi.org/10.1101/2022.10.22.513328
I1172V,,,,0.018,cBioPortal,,True,,,,,neutral,neutral,neutral,,,,90.04,G,-0.1222,0.5541,-2.9571,loss_of_function,0.0919,benign,https://doi.org/10.1101/2022.10.22.513328
R1177M,,,,0.478,cBioPortal,,True,,,,,neutral,neutral,neutral,,,,93.73,E,-0.2925,0.1947,-8.9599,loss_of_function,0.8081,pathogenic,https://doi.org/10.1101/2022.10.22.513328
T1179M,,,8.0083927956e-06,0.444,"cBioPortal,COSMIC",,True,,,,,uncertain,,,,,,89.09,E,-0.3546,0.1416,-22.2448,loss_of_function,0.1756,benign,https://doi.org/10.1101/2022.10.22.513328
L1182F,,3.1867431485e-05,,0.212,COSMIC,,True,,,,,neutral,neutral,neutral,,,,79.25,E,-0.2477,1.1442,-22.2448,loss_of_function,0.1159,benign,https://doi.org/10.1101/2022.10.22.513328
G1184D,,,,,clinvar,,False,,,,,neutral,neutral,neutral,1334671,Uncertain significance,1,60.1,E,-0.2304,1.5841,-8.9541,loss_of_function,0.2769,benign,https://doi.org/10.1101/2022.10.22.513328
S1190G,,,,,clinvar,,True,,,,,uncertain,,,2623840,Likely benign,1,79.48,E,-0.0222,2.1701,-8.9628,loss_of_function,0.0821,benign,https://doi.org/10.1101/2022.10.22.513328
S1190N,,,,0.102,cBioPortal,,True,,,,,uncertain,,,,,,79.48,E,-0.0303,2.1701,-7.9628,loss_of_function,0.1469,benign,https://doi.org/10.1101/2022.10.22.513328
S1191L,,,3.9994880655e-06,0.184,"cBioPortal,COSMIC",,True,,,,,uncertain,,,,,,84.99,E,-0.3372,0.226,-22.2506,loss_of_function,0.1946,benign,https://doi.org/10.1101/2022.10.22.513328
L1195M,,,,0.146,cBioPortal,,True,,,,,neutral,neutral,neutral,,,,94.52,E,-0.315,0.021,-22.2477,loss_of_function,0.3705,ambiguous,https://doi.org/10.1101/2022.10.22.513328
N1198T,,,,,clinvar,,True,,,,,neutral,neutral,neutral,2504156,Uncertain significance,1,92.01,S,-0.1239,1.5272,-5.7901,loss_of_function,0.1891,benign,https://doi.org/10.1101/2022.10.22.513328
K1202N,,,,0.299,"cBioPortal,COSMIC",,False,,,,,neutral,neutral,neutral,,,,93.22,H,-0.2865,0.5903,-22.2506,loss_of_function,0.9936,pathogenic,https://doi.org/10.1101/2022.10.22.513328
R1203K,,,3.9982727462e-06,0.08,COSMIC,,False,,,,,neutral,neutral,neutral,,,,91.41,H,-0.0349,1.8888,-4.319,loss_of_function,0.108,benign,https://doi.org/10.1101/2022.10.22.513328
L1209I,,,,0.279,"cBioPortal,COSMIC",,True,,,,,neutral,neutral,neutral,,,,91.62,H,-0.2937,0.0001,-22.2506,loss_of_function,0.6405,pathogenic,https://doi.org/10.1101/2022.10.22.513328
S1214F,,,,0.136,cBioPortal,,False,,,,,uncertain,,,,,,81.64,H,-0.1705,2.0446,-22.2506,loss_of_function,0.196,benign,https://doi.org/10.1101/2022.10.22.513328
N1219Y,,,,0.56,cBioPortal,,False,,,,,neutral,neutral,neutral,,,,69.34,T,-0.3588,0.1186,-22.2506,loss_of_function,0.4784,ambiguous,https://doi.org/10.1101/2022.10.22.513328
R1222M,,,,0.159,cBioPortal,,False,,,,,neutral,neutral,neutral,,,,57.06,-,-0.2875,0.986,-22.2506,loss_of_function,0.2126,benign,https://doi.org/10.1101/2022.10.22.513328
V1225F,,,,0.102,"cBioPortal,COSMIC",,False,,,,,neutral,neutral,neutral,,,,83.52,-,-0.1334,2.1405,-3.0803,loss_of_function,0.1351,benign,https://doi.org/10.1101/2022.10.22.513328
P1229A,,,,0.088,cBioPortal,,False,,,,,neutral,neutral,neutral,,,,89.45,E,-0.1577,0.935,-5.793,loss_of_function,0.0827,benign,https://doi.org/10.1101/2022.10.22.513328
Y1233F,,,,0.189,COSMIC,,True,,,,,uncertain,,,,,,80.91,E,-0.2896,0.0001,-22.2506,loss_of_function,0.1785,benign,https://doi.org/10.1101/2022.10.22.513328
D1234G,,,,0.707,cBioPortal,,True,,,,,neutral,neutral,neutral,,,,76.21,-,-0.3564,0.0378,-22.2506,loss_of_function,0.8959,pathogenic,https://doi.org/10.1101/2022.10.22.513328
D1234N,,3.18511912346e-05,1.20026886022e-05,0.583,"cBioPortal,COSMIC,clinvar",,True,,,,,neutral,neutral,neutral,2230982,Uncertain significance,1,76.21,-,-0.2391,0.0378,-7.9628,loss_of_function,0.5342,ambiguous,https://doi.org/10.1101/2022.10.22.513328
S1236L,,,,0.102,"cBioPortal,COSMIC",,True,,,,,uncertain,,,,,,70.83,T,-0.2565,1.1034,-22.2506,loss_of_function,0.1235,benign,https://doi.org/10.1101/2022.10.22.513328
P1238H,,,4.0012483895e-06,0.591,"cBioPortal,COSMIC",,True,,,,,neutral,neutral,neutral,,,,73.26,T,-0.3665,0.0001,-22.2506,loss_of_function,0.8018,pathogenic,https://doi.org/10.1101/2022.10.22.513328
L1239F,,,4.0012483895e-06,0.058,"cBioPortal,COSMIC",,True,,,,,neutral,neutral,neutral,,,,82.69,T,-0.1672,1.1267,-6.1555,loss_of_function,0.1636,benign,https://doi.org/10.1101/2022.10.22.513328
L1239P,,,,0.443,cBioPortal,,True,,,,,neutral,neutral,neutral,,,,82.69,T,-0.3993,1.1267,-22.2506,loss_of_function,0.4944,ambiguous,https://doi.org/10.1101/2022.10.22.513328
I1240M,,,,0.575,"cBioPortal,COSMIC",,True,,,,,neutral,neutral,neutral,,,,85.63,G,-0.3089,0.0907,-22.2506,loss_of_function,0.1612,benign,https://doi.org/10.1101/2022.10.22.513328
T1245A,,,,0.191,"cBioPortal,COSMIC",,True,,,,,uncertain,,,,,,93.87,E,-0.0882,1.4148,-1.783,loss_of_function,0.0535,benign,https://doi.org/10.1101/2022.10.22.513328
I1248S,,,,0.391,"cBioPortal,COSMIC",,True,,,,,neutral,neutral,neutral,,,,92.22,E,-0.3957,0.7738,-22.2506,loss_of_function,0.6038,pathogenic,https://doi.org/10.1101/2022.10.22.513328
I1248V,,,,0.028,cBioPortal,,True,,,,,neutral,neutral,neutral,,,,92.22,E,-0.0982,0.7738,-2.208,loss_of_function,0.0612,benign,https://doi.org/10.1101/2022.10.22.513328
V1249M,,,,,clinvar,,True,,,,,neutral,neutral,neutral,2515266,Uncertain significance,1,89.58,E,-0.2371,1.3441,-22.2506,loss_of_function,0.2537,benign,https://doi.org/10.1101/2022.10.22.513328
D1250N,,,,0.326,"cBioPortal,COSMIC",,False,,,,,neutral,neutral,neutral,,,,87.83,E,-0.3154,0.0001,-22.2506,loss_of_function,0.4339,ambiguous,https://doi.org/10.1101/2022.10.22.513328
G1257D,,,,0.667,COSMIC,,False,,,,,neutral,neutral,neutral,,,,92.49,E,-0.444,0.0001,-22.2506,loss_of_function,0.9973,pathogenic,https://doi.org/10.1101/2022.10.22.513328
E1259K,,,,0.438,cBioPortal,,False,,,,,neutral,neutral,neutral,,,,88.72,T,-0.3392,0.0378,-22.2506,loss_of_function,0.8248,pathogenic,https://doi.org/10.1101/2022.10.22.513328
E1259Q,,,,0.393,cBioPortal,,False,,,,,neutral,neutral,neutral,,,,88.72,T,-0.2897,0.0378,-22.2506,loss_of_function,0.6078,pathogenic,https://doi.org/10.1101/2022.10.22.513328
G1261A,,,,0.568,COSMIC,,False,,,,,neutral,neutral,neutral,,,,87.94,E,-0.3837,0.0001,-22.2506,loss_of_function,0.7747,pathogenic,https://doi.org/10.1101/2022.10.22.513328
L1262F,,,0.0001198753296572,0.397,"cBioPortal,clinvar",,False,,,,,neutral,neutral,neutral,2359760,Likely benign,1,90.64,E,-0.353,0.0001,-22.2506,loss_of_function,0.5164,ambiguous,https://doi.org/10.1101/2022.10.22.513328
E1266D,,,,0.156,"cBioPortal,COSMIC",,True,,,,,neutral,neutral,neutral,,,,87.69,E,-0.1157,1.0302,-7.3779,loss_of_function,0.2077,benign,https://doi.org/10.1101/2022.10.22.513328
E1266Q,,,,,clinvar,,True,,,,,neutral,neutral,neutral,2272722,Uncertain significance,1,87.69,E,-0.1984,1.0302,-22.2506,loss_of_function,0.4174,ambiguous,https://doi.org/10.1101/2022.10.22.513328
D1270Y,,,,0.396,cBioPortal,,True,,,,,neutral,neutral,neutral,,,,76.84,T,-0.3918,0.0209,-22.2506,loss_of_function,0.9056,pathogenic,https://doi.org/10.1101/2022.10.22.513328
V1271L,,,,0.207,"cBioPortal,COSMIC",,True,,,,,neutral,neutral,neutral,,,,82.25,E,-0.2406,1.2071,-22.2506,loss_of_function,0.3551,ambiguous,https://doi.org/10.1101/2022.10.22.513328
A1275D,,,,0.212,COSMIC,,False,,,,,neutral,neutral,neutral,,,,86.25,E,-0.337,0.9274,-22.2506,loss_of_function,0.9874,pathogenic,https://doi.org/10.1101/2022.10.22.513328
A1275V,,,,,"cBioPortal,COSMIC",,False,,,,,neutral,neutral,neutral,,,,86.25,E,-0.1125,0.9274,-0.6053,loss_of_function,0.1225,benign,https://doi.org/10.1101/2022.10.22.513328
A1276T,,0.000223086238766,9.76093835154e-05,0.181,COSMIC,,False,,,,,neutral,neutral,neutral,,,,81.75,E,-0.1975,1.2369,-22.2506,loss_of_function,0.1493,benign,https://doi.org/10.1101/2022.10.22.513328
A1276V,,,,0.307,cBioPortal,,False,,,,,neutral,neutral,neutral,,,,81.75,E,-0.105,1.2369,-4.715,loss_of_function,0.1912,benign,https://doi.org/10.1101/2022.10.22.513328
K1279N,,,,0.29,COSMIC,,False,,,,,neutral,neutral,neutral,,,,78.41,S,-0.3389,0.0209,-22.2506,loss_of_function,0.9962,pathogenic,https://doi.org/10.1101/2022.10.22.513328
V1281G,,,,0.468,cBioPortal,,False,,,,,neutral,neutral,neutral,,,,92.23,E,-0.4111,0.7145,-22.2506,loss_of_function,0.8728,pathogenic,https://doi.org/10.1101/2022.10.22.513328
E1285K,,,4.037043915e-06,0.211,"cBioPortal,COSMIC",,False,,,,,neutral,neutral,neutral,,,,91.48,E,-0.265,0.8448,-22.2506,loss_of_function,0.3654,ambiguous,https://doi.org/10.1101/2022.10.22.513328
P1288L,,,,0.251,"cBioPortal,COSMIC",,False,,,,,neutral,neutral,neutral,,,,86.49,T,-0.2393,0.4767,-3.9629,loss_of_function,0.1319,benign,https://doi.org/10.1101/2022.10.22.513328
R1289W,,,,0.157,"cBioPortal,COSMIC",,False,,,,,neutral,neutral,neutral,,,,85.43,T,-0.2128,2.3347,-22.2506,loss_of_function,0.1456,benign,https://doi.org/10.1101/2022.10.22.513328
I1292V,,,,,clinvar,,True,,,,,neutral,neutral,neutral,2531514,Likely benign,1,88.81,E,-0.0309,1.5736,-3.4393,loss_of_function,0.0778,benign,https://doi.org/10.1101/2022.10.22.513328
I1294T,,,,0.203,"cBioPortal,COSMIC",,True,,,,,neutral,neutral,neutral,,,,92.6,E,-0.2891,1.0289,-22.2506,loss_of_function,0.7042,pathogenic,https://doi.org/10.1101/2022.10.22.513328
I1294V,,,,0.087,"cBioPortal,COSMIC",,True,,,,,neutral,neutral,neutral,,,,92.6,E,-0.0796,1.0289,-3.1555,loss_of_function,0.0976,benign,https://doi.org/10.1101/2022.10.22.513328
L1295I,,,,,clinvar,,True,,,,,neutral,neutral,neutral,2353808,Likely benign,1,93.09,E,-0.1256,1.0348,-7.9628,loss_of_function,0.1592,benign,https://doi.org/10.1101/2022.10.22.513328
L1295V,,,,0.102,cBioPortal,,True,,,,,neutral,neutral,neutral,,,,93.09,E,-0.1253,1.0348,-0.798,loss_of_function,0.1257,benign,https://doi.org/10.1101/2022.10.22.513328
G1298D,,,,0.744,cBioPortal,,False,,,,,neutral,neutral,neutral,,,,87.74,T,-0.444,0.0001,-22.2506,loss_of_function,0.9922,pathogenic,https://doi.org/10.1101/2022.10.22.513328
R1299Q,,,,,clinvar,,False,,,,,neutral,neutral,neutral,694468,Likely pathogenic,1,86.27,T,-0.3846,0.0001,-22.2506,loss_of_function,0.8838,pathogenic,https://doi.org/10.1101/2022.10.22.513328
H1301N,,,,0.265,"cBioPortal,COSMIC",,False,,,,,neutral,neutral,neutral,,,,90.8,T,-0.2404,0.6896,-22.2506,loss_of_function,0.2246,benign,https://doi.org/10.1101/2022.10.22.513328
H1304Y,,,,,clinvar,,False,,,,,neutral,neutral,neutral,2397031,Uncertain significance,1,92.29,E,-0.1783,0.9846,-22.2506,loss_of_function,0.3442,ambiguous,https://doi.org/10.1101/2022.10.22.513328
Y1306C,,,1.20218316463e-05,0.221,"cBioPortal,COSMIC",,False,,,,,uncertain,,,,,,87.72,E,-0.1664,1.7525,-3.6025,loss_of_function,0.1052,benign,https://doi.org/10.1101/2022.10.22.513328
P1307L,,3.18451054073e-05,,0.351,"cBioPortal,COSMIC",,True,,,,,neutral,neutral,neutral,,,,85.57,E,-0.2747,0.3142,-7.9628,loss_of_function,0.3008,benign,https://doi.org/10.1101/2022.10.22.513328
P1307S,,3.1843077315e-05,,0.312,cBioPortal,,True,,,,,neutral,neutral,neutral,,,,85.57,E,-0.2145,0.3142,-5.793,loss_of_function,0.2009,benign,https://doi.org/10.1101/2022.10.22.513328
D1312N,,,,0.323,"cBioPortal,COSMIC",,False,,,,,neutral,neutral,neutral,,,,79.9,T,-0.2524,0.6853,-22.2506,loss_of_function,0.1949,benign,https://doi.org/10.1101/2022.10.22.513328
A1314V,,,8.81134901753e-05,0.092,cBioPortal,,True,,,,,neutral,neutral,neutral,,,,64.15,-,-0.0773,1.5898,-5.641,loss_of_function,0.0822,benign,https://doi.org/10.1101/2022.10.22.513328
E1315K,,,,0.393,COSMIC,,True,,,,,neutral,neutral,neutral,,,,54.21,-,-0.3267,0.1743,-22.2506,loss_of_function,0.7378,pathogenic,https://doi.org/10.1101/2022.10.22.513328
S1317C,,,,,clinvar,,True,,,,,uncertain,,,2311382,Uncertain significance,1,54.57,-,-0.1105,2.3972,-22.2506,loss_of_function,0.0775,benign,https://doi.org/10.1101/2022.10.22.513328
D1319N,,,,0.168,COSMIC,,False,,,,,neutral,neutral,neutral,,,,75.79,-,-0.1528,0.9194,-6.9599,loss_of_function,0.4229,ambiguous,https://doi.org/10.1101/2022.10.22.513328
K1321E,,,,0.58,COSMIC,,False,,,,,neutral,neutral,neutral,,,,89.16,E,-0.3474,0.0001,-22.2506,loss_of_function,0.9959,pathogenic,https://doi.org/10.1101/2022.10.22.513328
P1323Q,,,,0.235,"cBioPortal,COSMIC",,False,,,,,neutral,neutral,neutral,,,,85.29,G,-0.2197,1.4835,-22.2506,loss_of_function,0.2902,benign,https://doi.org/10.1101/2022.10.22.513328
P1323S,,,,0.1,"cBioPortal,COSMIC",,False,,,,,neutral,neutral,neutral,,,,85.29,G,-0.1231,1.4835,-8.9628,loss_of_function,0.136,benign,https://doi.org/10.1101/2022.10.22.513328
E1324K,,,,0.331,COSMIC,,False,,,,,neutral,neutral,neutral,,,,88.88,G,-0.305,0.4098,-22.2506,loss_of_function,0.9012,pathogenic,https://doi.org/10.1101/2022.10.22.513328
C1328Y,,,,0.745,cBioPortal,,False,,,,,neutral,neutral,neutral,,,,92.62,-,-0.4959,0.0001,-22.2506,loss_of_function,0.9747,pathogenic,https://doi.org/10.1101/2022.10.22.513328
T1333M,,,0.0002199947201267,0.165,COSMIC,,True,,,,,uncertain,,,,,,90.39,E,-0.1709,1.4014,-8.9628,loss_of_function,0.0883,benign,https://doi.org/10.1101/2022.10.22.513328
A1334G,,,,0.174,"cBioPortal,COSMIC",,True,,,,,neutral,neutral,neutral,,,,87.63,E,-0.1739,0.5166,-0.1555,loss_of_function,0.0822,benign,https://doi.org/10.1101/2022.10.22.513328
K1337Q,,,1.99849713016e-05,0.074,COSMIC,,True,,,,,neutral,neutral,neutral,,,,71.76,T,-0.2394,0.8952,-22.2506,loss_of_function,0.0938,benign,https://doi.org/10.1101/2022.10.22.513328
R1338T,,,,0.103,cBioPortal,,False,,,,,neutral,neutral,neutral,,,,65.22,T,-0.2277,2.034,-22.2506,loss_of_function,0.132,benign,https://doi.org/10.1101/2022.10.22.513328
S1340C,,,,0.141,"cBioPortal,COSMIC",,False,,,,,uncertain,,,,,,68.55,E,-0.1692,1.7584,-22.2506,loss_of_function,0.0764,benign,https://doi.org/10.1101/2022.10.22.513328
G1341V,,,,0.169,"cBioPortal,COSMIC",,False,,,,,neutral,neutral,neutral,,,,77.27,E,-0.1849,2.2558,-6.9629,loss_of_function,0.0845,benign,https://doi.org/10.1101/2022.10.22.513328
A1347T,,,,0.362,COSMIC,,True,,,,,neutral,neutral,neutral,,,,94.39,E,-0.2823,0.3157,-22.2506,loss_of_function,0.4206,ambiguous,https://doi.org/10.1101/2022.10.22.513328
V1348M,,3.1849162367e-05,4.79313622892e-05,0.133,"cBioPortal,COSMIC",,True,,,,,neutral,neutral,neutral,,,,93.27,E,-0.1332,1.2836,-0.803,loss_of_function,0.1582,benign,https://doi.org/10.1101/2022.10.22.513328
R1350P,,,,,clinvar,,True,,,,,neutral,neutral,neutral,694469,Likely pathogenic,1,92.51,T,-0.4467,0.4072,-8.9628,loss_of_function,0.9314,pathogenic,https://doi.org/10.1101/2022.10.22.513328
E1356D,,,,0.255,cBioPortal,,True,,,,,neutral,neutral,neutral,,,,90.57,E,-0.2864,0.0001,-22.2506,loss_of_function,0.2502,benign,https://doi.org/10.1101/2022.10.22.513328
E1356K,,,,0.391,"cBioPortal,COSMIC",,True,,,,,neutral,neutral,neutral,,,,90.57,E,-0.3427,0.0001,-22.2506,loss_of_function,0.3346,benign,https://doi.org/10.1101/2022.10.22.513328
T1360M,,,3.993036145e-06,0.197,"cBioPortal,COSMIC",,False,,,,,uncertain,,,,,,78.01,S,-0.2178,1.6279,-22.2506,loss_of_function,0.1244,benign,https://doi.org/10.1101/2022.10.22.513328
P1362L,,,,0.259,"cBioPortal,COSMIC",,False,,,,,neutral,neutral,neutral,,,,73.05,S,-0.2173,1.7299,-22.2506,loss_of_function,0.4605,ambiguous,https://doi.org/10.1101/2022.10.22.513328
F1367L,,,,0.077,cBioPortal,,False,,,,,neutral,neutral,neutral,,,,89.75,E,-0.0618,2.0415,-1.5283,loss_of_function,0.4734,ambiguous,https://doi.org/10.1101/2022.10.22.513328
I1370V,,,,0.08,"cBioPortal,COSMIC",,False,,,,,neutral,neutral,neutral,,,,90.5,E,-0.0267,1.5415,-2.044,loss_of_function,0.0823,benign,https://doi.org/10.1101/2022.10.22.513328
P1373L,,,,0.504,cBioPortal,,False,,,,,neutral,neutral,neutral,,,,88.55,S,-0.1727,1.206,-4.056,loss_of_function,0.1206,benign,https://doi.org/10.1101/2022.10.22.513328
G1374S,,,1.59812061016e-05,0.221,"cBioPortal,COSMIC",,False,,,,,neutral,neutral,neutral,,,,88.96,S,-0.2347,0.891,-7.9628,loss_of_function,0.1152,benign,https://doi.org/10.1101/2022.10.22.513328
Q1377R,,,,,clinvar,,False,,,,,neutral,neutral,neutral,2443331,Likely benign,1,92.03,S,-0.3316,0.0001,-22.2506,loss_of_function,0.4982,ambiguous,https://doi.org/10.1101/2022.10.22.513328
A1380V,,,1.19895451167e-05,0.222,COSMIC,,False,,,,,neutral,neutral,neutral,,,,89.92,E,-0.1453,1.7722,-22.2506,loss_of_function,0.1175,benign,https://doi.org/10.1101/2022.10.22.513328
V1381M,,,,0.028,cBioPortal,,False,,,,,neutral,neutral,neutral,,,,88.19,E,-0.0633,2.1313,-2.393,loss_of_function,0.1138,benign,https://doi.org/10.1101/2022.10.22.513328
R1385G,,,,0.187,"cBioPortal,COSMIC",,False,,,,,neutral,neutral,neutral,,,,88.2,E,-0.3395,1.1496,-22.2506,loss_of_function,0.1896,benign,https://doi.org/10.1101/2022.10.22.513328
R1385K,,,,0.048,cBioPortal,,False,,,,,neutral,neutral,neutral,,,,88.2,E,-0.0961,1.1496,-2.9856,loss_of_function,0.0811,benign,https://doi.org/10.1101/2022.10.22.513328
G1389D,,,,0.615,cBioPortal,,False,,,,,neutral,neutral,neutral,,,,93.76,E,-0.444,0.0001,-22.2448,loss_of_function,0.9965,pathogenic,https://doi.org/10.1101/2022.10.22.513328
Y1390H,,,,,clinvar,,False,,,,,uncertain,,,1703058,Uncertain significance,1,92.98,E,-0.2165,0.765,-7.957,loss_of_function,0.3938,ambiguous,https://doi.org/10.1101/2022.10.22.513328
S1392F,,,,0.576,COSMIC,,True,,,,,uncertain,,,,,,91.38,T,-0.3337,0.2705,-22.2448,loss_of_function,0.5601,ambiguous,https://doi.org/10.1101/2022.10.22.513328
G1393R,,,,0.653,COSMIC,,True,,,,,neutral,neutral,neutral,,,,92.11,E,-0.4602,0.0001,-22.2448,loss_of_function,0.8103,pathogenic,https://doi.org/10.1101/2022.10.22.513328
G1401E,,,,0.738,"cBioPortal,COSMIC",,False,,,,,neutral,neutral,neutral,,,,67.64,S,-0.424,0.21,-22.2448,loss_of_function,0.2374,benign,https://doi.org/10.1101/2022.10.22.513328
P1405L,,,,0.233,cBioPortal,,False,,,,,neutral,neutral,neutral,,,,82.73,-,-0.2944,0.8913,-22.2448,loss_of_function,0.0859,benign,https://doi.org/10.1101/2022.10.22.513328
N1412S,,,,,clinvar,,False,,,,,neutral,neutral,neutral,2550990,Uncertain significance,1,85.93,T,0.0227,2.5213,-4.7063,gain_of_function,0.0503,benign,https://doi.org/10.1101/2022.10.22.513328
P1414H,,,,0.244,"cBioPortal,COSMIC",,True,,,,,neutral,neutral,neutral,,,,85.75,T,-0.1526,1.1347,-0.8095,loss_of_function,0.1572,benign,https://doi.org/10.1101/2022.10.22.513328
S1415L,,,,0.306,"cBioPortal,COSMIC",,True,,,,,uncertain,,,,,,86.66,T,-0.2676,0.9822,-22.2419,loss_of_function,0.1978,benign,https://doi.org/10.1101/2022.10.22.513328
A1417V,,,3.9873362202e-06,0.093,"cBioPortal,COSMIC",,True,,,,,neutral,neutral,neutral,,,,87.37,G,-0.1656,1.5503,-22.2419,loss_of_function,0.0865,benign,https://doi.org/10.1101/2022.10.22.513328
Q1421L,,,,0.311,cBioPortal,,False,,,,,neutral,neutral,neutral,,,,83.63,T,-0.262,0.6182,-22.2419,loss_of_function,0.1537,benign,https://doi.org/10.1101/2022.10.22.513328
E1433K,,,3.9904229848e-06,0.06,"cBioPortal,COSMIC",,False,,,,,neutral,neutral,neutral,,,,75.59,T,-0.1086,1.5161,-3.7121,loss_of_function,0.0682,benign,https://doi.org/10.1101/2022.10.22.513328
E1433Q,,,,0.026,cBioPortal,,False,,,,,neutral,neutral,neutral,,,,75.59,T,-0.074,1.5161,-6.6381,loss_of_function,0.0705,benign,https://doi.org/10.1101/2022.10.22.513328
S1434N,,,,0.035,cBioPortal,,False,,,,,uncertain,,,,,,71.59,T,-0.0395,1.7021,-1.3453,loss_of_function,0.0724,benign,https://doi.org/10.1101/2022.10.22.513328
E1435K,,,3.9915060751e-06,0.078,COSMIC,,False,,,,,neutral,neutral,neutral,,,,78.67,S,-0.0609,1.8706,-0.7603,loss_of_function,0.0888,benign,https://doi.org/10.1101/2022.10.22.513328
Y1437C,,,,0.186,"cBioPortal,COSMIC",,True,,,,,uncertain,,,,,,91.73,E,-0.2925,1.4154,-22.2477,loss_of_function,0.2595,benign,https://doi.org/10.1101/2022.10.22.513328
L1438V,,,,0.512,COSMIC,,True,,,,,neutral,neutral,neutral,,,,93.88,E,-0.3299,0.0001,-22.2477,loss_of_function,0.2557,benign,https://doi.org/10.1101/2022.10.22.513328
M1444I,,,,0.078,"cBioPortal,COSMIC",,False,,,,,neutral,neutral,neutral,,,,92.91,E,-0.0297,2.0225,-2.0175,loss_of_function,0.4383,ambiguous,https://doi.org/10.1101/2022.10.22.513328
M1444T,,,,0.247,cBioPortal,,False,,,,,neutral,neutral,neutral,,,,92.91,E,-0.1868,2.0225,-22.2477,loss_of_function,0.2745,benign,https://doi.org/10.1101/2022.10.22.513328
M1444V,,,,,clinvar,,False,,,,,neutral,neutral,neutral,2319401,Uncertain significance,1,92.91,E,-0.0596,2.0225,-1.585,loss_of_function,0.0877,benign,https://doi.org/10.1101/2022.10.22.513328
G1445R,,,,0.696,COSMIC,,False,,,,,neutral,neutral,neutral,,,,93.59,E,-0.454,0.0675,-22.2477,loss_of_function,0.9965,pathogenic,https://doi.org/10.1101/2022.10.22.513328
V1448M,,,,,clinvar,,True,,,,,neutral,neutral,neutral,2571924,Uncertain significance,1,93.61,E,-0.2842,0.831,-22.2448,loss_of_function,0.7565,pathogenic,https://doi.org/10.1101/2022.10.22.513328
D1449Y,,,,0.686,cBioPortal,,True,,,,,neutral,neutral,neutral,,,,91.29,-,-0.3742,0.2126,-22.2477,loss_of_function,0.7219,pathogenic,https://doi.org/10.1101/2022.10.22.513328
Q1451H,,,,0.076,cBioPortal,,False,,,,,neutral,neutral,neutral,,,,88.67,T,-0.1789,0.4465,-6.375,loss_of_function,0.1517,benign,https://doi.org/10.1101/2022.10.22.513328
G1452D,,,,0.708,"cBioPortal,COSMIC",,False,,,,,neutral,neutral,neutral,,,,89.27,S,-0.4421,0.021,-22.2477,loss_of_function,0.9938,pathogenic,https://doi.org/10.1101/2022.10.22.513328
G1452S,,,,0.763,"cBioPortal,COSMIC",,False,,,,,neutral,neutral,neutral,,,,89.27,S,-0.3877,0.021,-22.2477,loss_of_function,0.8938,pathogenic,https://doi.org/10.1101/2022.10.22.513328
R1453Q,,3.1849162367e-05,2.80574616815e-05,0.347,"COSMIC,clinvar",,True,,,,,neutral,neutral,neutral,2616106,Uncertain significance,1,91.01,S,-0.3717,0.1399,-22.2448,loss_of_function,0.0875,benign,https://doi.org/10.1101/2022.10.22.513328
A1455E,,,,0.289,COSMIC,,True,,,,,neutral,neutral,neutral,,,,91.46,-,-0.3845,0.2556,-22.2448,loss_of_function,0.4466,ambiguous,https://doi.org/10.1101/2022.10.22.513328
A1455V,,,,0.241,cBioPortal,,True,,,,,neutral,neutral,neutral,,,,91.46,-,-0.2848,0.2556,-22.2448,loss_of_function,0.129,benign,https://doi.org/10.1101/2022.10.22.513328
R1456C,,,0.0,0.546,"cBioPortal,COSMIC",,True,,,,,neutral,neutral,neutral,,,,90.2,-,-0.4188,0.0001,-22.2448,loss_of_function,0.5474,ambiguous,https://doi.org/10.1101/2022.10.22.513328
R1456G,,,,0.539,"cBioPortal,COSMIC",,True,,,,,neutral,neutral,neutral,,,,90.2,-,-0.4453,0.0001,-22.2448,loss_of_function,0.8058,pathogenic,https://doi.org/10.1101/2022.10.22.513328
R1456H,,,8.0283883813e-06,0.548,"cBioPortal,COSMIC",,True,,,,,neutral,neutral,neutral,,,,90.2,-,-0.3796,0.0001,-22.2448,loss_of_function,0.3594,ambiguous,https://doi.org/10.1101/2022.10.22.513328
A1457T,,3.18511912346e-05,4.41728040093e-05,0.063,"cBioPortal,COSMIC",,False,,,,,neutral,neutral,neutral,,,,85.77,S,-0.0489,1.7426,-2.2567,loss_of_function,0.062,benign,https://doi.org/10.1101/2022.10.22.513328
Q1458H,,,,0.21,"cBioPortal,COSMIC",,False,,,,,neutral,neutral,neutral,,,,87.55,-,-0.2158,0.1328,-7.957,loss_of_function,0.2858,benign,https://doi.org/10.1101/2022.10.22.513328
E1459V,,,,0.563,COSMIC,,False,,,,,neutral,neutral,neutral,,,,90.49,-,-0.332,0.021,-22.2448,loss_of_function,0.9434,pathogenic,https://doi.org/10.1101/2022.10.22.513328
L1460F,,,,0.321,cBioPortal,,False,,,,,neutral,neutral,neutral,,,,92.73,E,-0.3511,0.021,-22.2448,loss_of_function,0.7732,pathogenic,https://doi.org/10.1101/2022.10.22.513328
A1465V,,,,,clinvar,,False,,,,,neutral,neutral,neutral,2318311,Uncertain significance,1,92.33,-,-0.0236,1.9925,-2.3873,loss_of_function,0.063,benign,https://doi.org/10.1101/2022.10.22.513328
V1467I,,,,0.044,cBioPortal,,False,,,,,neutral,neutral,neutral,,,,90.66,S,0.0035,2.1433,-4.0502,gain_of_function,0.0738,benign,https://doi.org/10.1101/2022.10.22.513328
T1474I,,,5.4542281176e-06,0.068,cBioPortal,,True,,,,,uncertain,,,,,,84.86,S,-0.197,1.6481,-22.2214,loss_of_function,0.1538,benign,https://doi.org/10.1101/2022.10.22.513328
S1480C,,,,0.52,COSMIC,,False,,,,,uncertain,,,,,,92.94,-,-0.31,0.227,-22.2302,loss_of_function,0.3534,ambiguous,https://doi.org/10.1101/2022.10.22.513328
S1480N,,,,0.27,cBioPortal,,False,,,,,uncertain,,,,,,92.94,-,-0.206,0.227,-7.3575,loss_of_function,0.8287,pathogenic,https://doi.org/10.1101/2022.10.22.513328
S1480T,,,,0.297,"cBioPortal,COSMIC",,False,,,,,neutral,,,,,,92.94,-,-0.1773,0.227,-7.9424,loss_of_function,0.3049,benign,https://doi.org/10.1101/2022.10.22.513328
Y1482N,,,,0.162,"cBioPortal,COSMIC",,False,,,,,uncertain,,,,,,89.06,S,-0.2357,1.0868,-0.7676,loss_of_function,0.2514,benign,https://doi.org/10.1101/2022.10.22.513328
V1484M,,,,0.228,cBioPortal,,False,,,,,neutral,neutral,neutral,,,,93.8,E,-0.2677,1.0103,-22.2273,loss_of_function,0.2249,benign,https://doi.org/10.1101/2022.10.22.513328
D1485E,,,,0.358,"cBioPortal,COSMIC",,False,,,,,neutral,neutral,neutral,,,,94.17,E,-0.2873,0.0683,-22.2273,loss_of_function,0.8548,pathogenic,https://doi.org/10.1101/2022.10.22.513328
R1490C,,,2.7492920573e-05,0.203,"cBioPortal,COSMIC",,False,,,,,neutral,neutral,neutral,,,,87.11,T,-0.2035,1.458,-6.3487,loss_of_function,0.0855,benign,https://doi.org/10.1101/2022.10.22.513328
R1490H,,,,,clinvar,,False,,,,,neutral,neutral,neutral,2276774,Uncertain significance,1,87.11,T,-0.143,1.458,-2.1523,loss_of_function,0.0673,benign,https://doi.org/10.1101/2022.10.22.513328
R1490L,,,,0.135,COSMIC,,False,,,,,neutral,neutral,neutral,,,,87.11,T,-0.2103,1.458,-8.9336,loss_of_function,0.1263,benign,https://doi.org/10.1101/2022.10.22.513328
M1492T,,,,,clinvar,,False,,,,,neutral,neutral,neutral,2442087,Uncertain significance,1,88.54,-,-0.1836,0.9632,-2.5243,loss_of_function,0.0638,benign,https://doi.org/10.1101/2022.10.22.513328
E1493K,,,,0.44,COSMIC,,False,,,,,neutral,neutral,neutral,,,,88.03,-,-0.3173,0.2741,-22.2214,loss_of_function,0.2971,benign,https://doi.org/10.1101/2022.10.22.513328
G1499S,,6.37064407212e-05,2.66915788069e-05,0.093,cBioPortal,,True,,,,,neutral,neutral,neutral,,,,87.81,-,-0.1541,1.4542,-2.3249,loss_of_function,0.0821,benign,https://doi.org/10.1101/2022.10.22.513328
L1500M,,,,0.256,cBioPortal,,True,,,,,neutral,neutral,neutral,,,,87.36,-,-0.2782,0.4204,-22.2273,loss_of_function,0.1921,benign,https://doi.org/10.1101/2022.10.22.513328
R1501Q,,3.18552497452e-05,4.3918978269e-06,0.21,COSMIC,,True,,,,,neutral,neutral,neutral,,,,87.09,T,-0.2807,1.1286,-22.2273,loss_of_function,0.152,benign,https://doi.org/10.1101/2022.10.22.513328
I1503M,,,,0.254,COSMIC,,True,,,,,neutral,neutral,neutral,,,,92.11,E,-0.0844,1.5277,-4.1847,loss_of_function,0.1564,benign,https://doi.org/10.1101/2022.10.22.513328
R1504M,,,,0.226,"cBioPortal,COSMIC",,True,,,,,neutral,neutral,neutral,,,,92.83,E,-0.368,0.1104,-22.2302,loss_of_function,0.4876,ambiguous,https://doi.org/10.1101/2022.10.22.513328
P1505S,,,,0.374,"cBioPortal,COSMIC",,True,,,,,neutral,neutral,neutral,,,,94.06,E,-0.3215,0.0634,-22.2302,loss_of_function,0.6762,pathogenic,https://doi.org/10.1101/2022.10.22.513328
N1507H,,,,0.332,"cBioPortal,COSMIC",,True,,,,,neutral,neutral,neutral,,,,90.39,S,-0.3171,0.1812,-22.2273,loss_of_function,0.5435,ambiguous,https://doi.org/10.1101/2022.10.22.513328
S1508C,,,,0.048,cBioPortal,,True,,,,,uncertain,,,,,,83.61,T,-0.0904,2.6138,-22.2273,loss_of_function,0.0807,benign,https://doi.org/10.1101/2022.10.22.513328
E1509K,,,,0.115,"cBioPortal,COSMIC",,True,,,,,neutral,neutral,neutral,,,,83.76,T,-0.2515,0.99,-22.2273,loss_of_function,0.1327,benign,https://doi.org/10.1101/2022.10.22.513328
G1510S,,,,0.592,cBioPortal,,True,,,,,neutral,neutral,neutral,,,,88.43,-,-0.3821,0.0804,-22.2302,loss_of_function,0.9002,pathogenic,https://doi.org/10.1101/2022.10.22.513328
L1515F,,,3.9816525451e-06,0.239,"cBioPortal,COSMIC",,True,,,,,neutral,neutral,neutral,,,,90.51,E,-0.2494,0.2037,-5.6088,loss_of_function,0.2034,benign,https://doi.org/10.1101/2022.10.22.513328
N1516K,,,,0.128,"cBioPortal,COSMIC",,False,,,,,neutral,neutral,neutral,,,,85.95,-,-0.2092,1.335,-22.2214,loss_of_function,0.4272,ambiguous,https://doi.org/10.1101/2022.10.22.513328
C1517F,,,,0.043,cBioPortal,,False,,,,,neutral,neutral,neutral,,,,78.0,S,-0.3366,1.6278,-22.2214,loss_of_function,0.12,benign,https://doi.org/10.1101/2022.10.22.513328
R1521C,,,7.9627978086e-06,0.413,COSMIC,,True,,,,,neutral,neutral,neutral,,,,87.96,E,-0.4007,0.1955,-22.2214,loss_of_function,0.1476,benign,https://doi.org/10.1101/2022.10.22.513328
S1527R,,,,0.094,COSMIC,,True,,,,,uncertain,,,,,,83.03,E,-0.3151,0.6435,-22.2214,loss_of_function,0.4458,ambiguous,https://doi.org/10.1101/2022.10.22.513328
F1529L,,,,0.053,cBioPortal,,False,,,,,neutral,neutral,neutral,,,,68.3,S,-0.0934,1.9984,-6.9395,loss_of_function,0.3514,ambiguous,https://doi.org/10.1101/2022.10.22.513328
S1530L,,,3.9836193572e-06,0.157,cBioPortal,P,False,,,,,???,,uncertain,,,,62.6,S,-0.2386,1.2966,-22.2302,loss_of_function,0.0826,benign,https://doi.org/10.1101/2022.10.22.513328
A1532V,,0.0002866972477064,0.0001075303076163,0.129,"cBioPortal,clinvar",,False,,,,,neutral,neutral,neutral,2346723,Likely benign,1,60.55,-,-0.0474,2.0419,-7.9424,loss_of_function,0.0849,benign,https://doi.org/10.1101/2022.10.22.513328
V1536M,,3.18593092902e-05,1.9904617075e-05,0.151,"cBioPortal,COSMIC",,False,,,,,neutral,neutral,neutral,,,,76.72,-,-0.2108,0.8917,-8.9394,loss_of_function,0.339,benign,https://doi.org/10.1101/2022.10.22.513328
P1537T,,,,0.395,cBioPortal,,True,,,,,neutral,neutral,neutral,,,,67.83,-,-0.3394,0.0001,-22.2125,loss_of_function,0.5585,ambiguous,https://doi.org/10.1101/2022.10.22.513328
T1539A,,3.186336987e-05,1.19371627752e-05,0.231,"cBioPortal,COSMIC",,True,,,,,uncertain,,,,,,52.47,-,-0.3106,0.1312,-22.2125,loss_of_function,0.1168,benign,https://doi.org/10.1101/2022.10.22.513328
T1539S,,,,0.211,cBioPortal,,True,,,,,neutral,,,,,,52.47,-,-0.2743,0.1312,-22.2125,loss_of_function,0.1974,benign,https://doi.org/10.1101/2022.10.22.513328
S1540F,,,,0.274,"cBioPortal,COSMIC",,True,,,,,uncertain,,,,,,44.08,-,-0.2433,0.4582,-7.9247,loss_of_function,0.2786,benign,https://doi.org/10.1101/2022.10.22.513328
D1541N,,,3.9786109873e-06,0.215,"cBioPortal,COSMIC",,True,,,,,neutral,neutral,neutral,,,,47.41,-,-0.2995,0.1716,-22.2125,loss_of_function,0.1605,benign,https://doi.org/10.1101/2022.10.22.513328
D1541Y,,,,0.501,cBioPortal,,True,,,,,neutral,neutral,neutral,,,,47.41,-,-0.3778,0.1716,-22.2125,loss_of_function,0.3879,ambiguous,https://doi.org/10.1101/2022.10.22.513328
Q1546H,,,,0.154,"cBioPortal,COSMIC",,False,,,,,neutral,neutral,neutral,,,,58.39,E,-0.2152,0.9316,-22.2302,loss_of_function,0.4711,ambiguous,https://doi.org/10.1101/2022.10.22.513328
L1548M,,,,0.083,"cBioPortal,COSMIC",,True,,,,,neutral,neutral,neutral,,,,61.89,E,-0.1701,0.7706,-7.3575,loss_of_function,0.1742,benign,https://doi.org/10.1101/2022.10.22.513328
R1549H,,,7.9546900853e-06,0.452,"cBioPortal,COSMIC",,True,,,,,neutral,neutral,neutral,,,,64.74,E,-0.3689,0.1162,-22.2302,loss_of_function,0.8084,pathogenic,https://doi.org/10.1101/2022.10.22.513328
R1549L,,,,0.423,"cBioPortal,COSMIC",,True,,,,,neutral,neutral,neutral,,,,64.74,E,-0.4016,0.1162,-22.2302,loss_of_function,0.9451,pathogenic,https://doi.org/10.1101/2022.10.22.513328
R1555Q,,,,0.341,cBioPortal,,True,,,,,neutral,neutral,neutral,,,,79.11,E,-0.2936,0.9872,-22.2125,loss_of_function,0.2755,benign,https://doi.org/10.1101/2022.10.22.513328
R1555W,,,,0.221,"cBioPortal,COSMIC",,True,,,,,neutral,neutral,neutral,,,,79.11,E,-0.2607,0.9872,-7.3398,loss_of_function,0.345,ambiguous,https://doi.org/10.1101/2022.10.22.513328
P1561L,,,,,clinvar,,False,,,,,neutral,neutral,neutral,2528808,Uncertain significance,1,66.07,-,-0.3599,0.1779,-22.2125,loss_of_function,0.4952,ambiguous,https://doi.org/10.1101/2022.10.22.513328
P1561S,,,,0.279,cBioPortal,,False,,,,,neutral,neutral,neutral,,,,66.07,-,-0.2242,0.1779,-5.2244,loss_of_function,0.2645,benign,https://doi.org/10.1101/2022.10.22.513328
E1562D,,,,0.15,cBioPortal,,False,,,,,neutral,neutral,neutral,,,,64.69,H,-0.2043,0.0984,-7.9247,loss_of_function,0.3473,ambiguous,https://doi.org/10.1101/2022.10.22.513328
E1562K,,,,0.203,"cBioPortal,COSMIC",,False,,,,,neutral,neutral,neutral,,,,64.69,H,-0.3335,0.0984,-22.2125,loss_of_function,0.7663,pathogenic,https://doi.org/10.1101/2022.10.22.513328
E1562Q,,,,0.23,"cBioPortal,COSMIC,clinvar",,False,,,,,neutral,neutral,neutral,2112242,Uncertain significance,1,64.69,H,-0.284,0.0984,-22.2125,loss_of_function,0.6292,pathogenic,https://doi.org/10.1101/2022.10.22.513328
E1563K,,,,0.21,"cBioPortal,COSMIC",,False,,,,,neutral,neutral,neutral,,,,67.05,H,-0.3286,0.1514,-22.2125,loss_of_function,0.822,pathogenic,https://doi.org/10.1101/2022.10.22.513328
E1564D,,,,0.103,"cBioPortal,COSMIC",,False,,,,,neutral,neutral,neutral,,,,61.89,H,-0.2843,0.0214,-22.2125,loss_of_function,0.4677,ambiguous,https://doi.org/10.1101/2022.10.22.513328
E1564Q,,,,0.144,"cBioPortal,COSMIC",,False,,,,,neutral,neutral,neutral,,,,61.89,H,-0.2911,0.0214,-22.2125,loss_of_function,0.675,pathogenic,https://doi.org/10.1101/2022.10.22.513328
R1570Q,,,3.9771552204e-06,0.306,"cBioPortal,COSMIC",,False,,,,,neutral,neutral,neutral,,,,73.31,H,-0.381,0.0383,-22.2273,loss_of_function,0.4752,ambiguous,https://doi.org/10.1101/2022.10.22.513328
D1575N,,,,0.119,COSMIC,,False,,,,,neutral,neutral,neutral,,,,58.81,S,-0.3095,0.0634,-22.2302,loss_of_function,0.5424,ambiguous,https://doi.org/10.1101/2022.10.22.513328
P1576S,,,,0.297,cBioPortal,,False,,,,,neutral,neutral,neutral,,,,59.2,H,-0.3234,0.0423,-22.2302,loss_of_function,0.8138,pathogenic,https://doi.org/10.1101/2022.10.22.513328
L1578F,,,,0.144,"cBioPortal,COSMIC",,False,,,,,neutral,neutral,neutral,,,,56.39,H,-0.2533,1.0827,-22.2302,loss_of_function,0.279,benign,https://doi.org/10.1101/2022.10.22.513328
K1581N,,,,0.269,cBioPortal,,False,,,,,neutral,neutral,neutral,,,,50.77,T,-0.3105,0.3278,-22.2302,loss_of_function,0.9344,pathogenic,https://doi.org/10.1101/2022.10.22.513328
K1581R,,,,0.166,COSMIC,,False,,,,,neutral,neutral,neutral,,,,50.77,T,-0.1338,0.3278,-4.1876,loss_of_function,0.0667,benign,https://doi.org/10.1101/2022.10.22.513328
