Mutation,"Stability (FoldX5, alphafold, kcal/mol)","Stability (Rosetta Cartddg2020, alphafold, kcal/mol)","Stability (RaSP, alphafold, kcal/mol)","Stability classification, alphafold, (Rosetta, FoldX)","Stability classification, alphafold, (RaSP, FoldX)",Relative Side Chain Solvent Accessibility in wild-type,gnomAD genome allele frequency,gnomAD exome allele frequency,REVEL score,Mutation sources,PTMs,is site part of phospho-SLiM,PTM residue SASA (%),"Change in stability with PTM (FoldX5, kcal/mol)","Change in binding with PTM (FoldX5, kcal/mol)","Change in binding with mutation (FoldX5, kcal/mol)",PTM effect in regulation,PTM effect in stability,PTM effect in function,AlloSigma2 mutation type,AlloSigma2 predicted consequence - active sites,AlloSigma2 predicted consequence - cofactor sites,AlloSigma2 predicted consequence - pockets and interfaces,AlphaFold2 model pLDDT score,AlphaFold2 model secondary structure,DeMaSk delta fitness,DeMaSk Shannon entropy,DeMaSk log2 variant frequency,DeMaSk predicted consequence,GEMME Score,AlphaMissense pathogenicity score,AlphaMissense classification,References
A9D,0.01464,-0.32619,-0.1127024201155674,Neutral,Neutral,110.7,,,0.194,cBioPortal,,False,110.7,,,,neutral,neutral,neutral,UP,neutral,neutral,neutral,60.65,-,-0.0425,3.2429,-6.273,loss_of_function,-0.20596807544949,0.5479,ambiguous,https://doi.org/10.1101/2022.10.22.513328
E10D,0.17431,-0.48333,0.3713387392158584,Neutral,Neutral,69.9,,,0.187,cBioPortal,,False,69.9,,,,neutral,neutral,neutral,DOWN,neutral,neutral,stabilizing,79.52,-,-0.0865,1.0854,-2.6516,loss_of_function,-0.0833995574432828,0.1573,benign,https://doi.org/10.1101/2022.10.22.513328
F11L,1.11705,1.55714,0.490217068447944,Neutral,Neutral,21.4,,,0.254,cBioPortal,,False,21.4,,,,neutral,neutral,neutral,DOWN,neutral,neutral,mixed_effects,91.73,-,-0.0835,1.7822,-1.1025,loss_of_function,0.0466991335834353,0.9776,pathogenic,https://doi.org/10.1101/2022.10.22.513328
V20A,1.55641,1.85816,1.4916318734738456,Neutral,Neutral,41.1,,,0.207,cBioPortal,,True,41.1,,,,neutral,neutral,neutral,DOWN,neutral,neutral,mixed_effects,96.29,E,-0.1685,1.9808,-22.1946,loss_of_function,-0.638901816636239,0.7567,pathogenic,https://doi.org/10.1101/2022.10.22.513328
R21L,0.79436,-0.06259,-0.0956057829943085,Neutral,Neutral,78.2,,,0.458,"cBioPortal,COSMIC",,True,78.2,,,,neutral,neutral,neutral,DOWN,neutral,neutral,destabilizing,95.89,E,-0.3777,0.3733,-22.1946,loss_of_function,-2.27319473441991,0.9866,pathogenic,https://doi.org/10.1101/2022.10.22.513328
R21W,2.20011,0.43401,-0.6081298153171816,Uncertain,Uncertain,78.2,,4.0078875226e-06,0.366,cBioPortal,,True,78.2,,,,neutral,neutral,neutral,UP,neutral,neutral,stabilizing,95.89,E,-0.312,0.3733,-6.3219,loss_of_function,-2.23336652171683,0.9885,pathogenic,https://doi.org/10.1101/2022.10.22.513328
K22T,0.95046,0.72891,0.9617100484895488,Neutral,Neutral,46.8,,,0.448,cBioPortal,,True,46.8,,,,neutral,neutral,neutral,DOWN,neutral,neutral,neutral,95.68,E,-0.3115,0.3558,-22.1946,loss_of_function,-2.52372496695703,0.9863,pathogenic,https://doi.org/10.1101/2022.10.22.513328
G24A,2.0158,-0.29524,0.224753663941763,Uncertain,Uncertain,87.4,3.186336987e-05,,0.931,cBioPortal,,True,87.4,,,,neutral,neutral,neutral,UP,neutral,neutral,neutral,89.41,E,-0.3715,0.13,-22.1946,loss_of_function,-2.77821714949836,0.9934,pathogenic,https://doi.org/10.1101/2022.10.22.513328
G24R,1.30597,0.35136,-0.2454872230161514,Neutral,Neutral,87.4,,,"0.878, 0.886",cBioPortal,,True,87.4,,,,neutral,neutral,neutral,UP,neutral,neutral,neutral,89.41,E,-0.3802,0.13,-8.9068,loss_of_function,-3.62477638967694,0.9997,pathogenic,https://doi.org/10.1101/2022.10.22.513328
S25P,2.37905,1.18503,1.3202582727353955,Uncertain,Uncertain,53.6,,,0.576,COSMIC,,True,53.6,,,,uncertain,,,UP,neutral,neutral,neutral,86.62,E,-0.3704,0.6882,-22.1916,loss_of_function,-5.96182867003081,0.9974,pathogenic,https://doi.org/10.1101/2022.10.22.513328
S25Y,0.89595,-0.33571,-0.4540336917992776,Neutral,Neutral,53.6,,,,cBioPortal,,True,53.6,,,,uncertain,,,UP,neutral,neutral,neutral,86.62,E,-0.232,0.6882,-8.9037,loss_of_function,-2.03940559206536,0.9385,pathogenic,https://doi.org/10.1101/2022.10.22.513328
G26D,2.47248,2.01735,0.2591205791797751,Uncertain,Uncertain,44.3,,,0.894,cBioPortal,,True,44.3,,,,neutral,neutral,neutral,UP,neutral,neutral,neutral,74.29,E,-0.4437,0.0001,-22.1946,loss_of_function,-5.26945171703603,0.9999,pathogenic,https://doi.org/10.1101/2022.10.22.513328
S27C,0.2853,0.50612,0.3066192875622309,Neutral,Neutral,27.6,,,0.517,"cBioPortal,COSMIC",,True,27.6,,,,uncertain,,,UP,neutral,neutral,stabilizing,69.19,T,-0.3236,0.0779,-22.1946,loss_of_function,-2.40265544003841,0.9813,pathogenic,https://doi.org/10.1101/2022.10.22.513328
S27F,-1.44267,-0.72245,-0.5624681247583696,Neutral,Neutral,27.6,,,0.589,"cBioPortal,COSMIC",,True,27.6,,,,uncertain,,,UP,neutral,neutral,stabilizing,69.19,T,-0.3511,0.0779,-22.1946,loss_of_function,-3.24238192652583,0.9973,pathogenic,https://doi.org/10.1101/2022.10.22.513328
G29E,10.18572,4.71531,3.1631313981464606,Destabilizing,Destabilizing,34.4,,,0.830,COSMIC,,False,34.4,,,,neutral,neutral,neutral,UP,neutral,neutral,neutral,85.48,E,-0.443,0.0001,-22.1946,loss_of_function,-3.17324610397264,0.9999,pathogenic,https://doi.org/10.1101/2022.10.22.513328
D30Y,0.51072,-0.18197,0.279618263453063,Neutral,Neutral,41.7,,,0.697,COSMIC,,True,41.7,,,,neutral,neutral,neutral,UP,neutral,neutral,neutral,93.54,E,-0.3252,0.7419,-22.1976,loss_of_function,-2.03359498693948,0.9854,pathogenic,https://doi.org/10.1101/2022.10.22.513328
I31F,-0.1558,0.34286,0.1119312595353344,Neutral,Neutral,26.2,,,0.795,cBioPortal,,True,26.2,,,,neutral,neutral,neutral,UP,neutral,neutral,neutral,95.54,E,-0.351,0.3917,-22.1976,loss_of_function,-3.50901201625903,0.9984,pathogenic,https://doi.org/10.1101/2022.10.22.513328
I31N,2.82664,2.76871,2.120338561756666,Uncertain,Uncertain,26.2,,,0.822,"cBioPortal,COSMIC",,True,26.2,,,,neutral,neutral,neutral,DOWN,neutral,neutral,neutral,95.54,E,-0.3594,0.3917,-8.9098,loss_of_function,-3.81589124392689,0.9987,pathogenic,https://doi.org/10.1101/2022.10.22.513328
Y32C,2.8473,2.88299,3.653613738795306,Uncertain,Uncertain,27.7,,0.0,0.537,cBioPortal,P,True,27.7,-0.559,,,damaging,uncertain,potentially_damaging,DOWN,neutral,neutral,neutral,97.47,E,-0.3139,0.3559,-7.3249,loss_of_function,-2.70286131491116,0.8856,pathogenic,https://doi.org/10.1101/2022.10.22.513328
A34V,1.23296,4.28027,1.128539996704276,Uncertain,Neutral,0.0,,,0.477,cBioPortal,,True,0.0,,,,neutral,neutral,neutral,UP,neutral,neutral,neutral,98.13,E,-0.2205,0.9512,-22.1976,loss_of_function,-1.42871274121711,0.9969,pathogenic,https://doi.org/10.1101/2022.10.22.513328
N39K,-0.20555,0.08061,0.4290122920411177,Neutral,Neutral,63.6,,,0.108,COSMIC,,True,63.6,,,,neutral,neutral,neutral,UP,neutral,neutral,neutral,96.99,T,-0.0756,1.9926,-7.9068,loss_of_function,-0.778954334335227,0.9648,pathogenic,https://doi.org/10.1101/2022.10.22.513328
N39T,0.24401,-0.52347,0.1528764584999181,Neutral,Neutral,63.6,,,0.135,cBioPortal,,True,63.6,,,,neutral,neutral,neutral,-,uncertain,uncertain,uncertain,96.99,T,-0.0603,1.9926,-1.7171,loss_of_function,-0.0113679571439093,0.1954,benign,https://doi.org/10.1101/2022.10.22.513328
E41K,-0.07253,0.62823,0.3066794462133082,Neutral,Neutral,47.7,,,0.495,"cBioPortal,COSMIC",,True,47.7,,,,neutral,neutral,neutral,UP,neutral,neutral,neutral,96.9,-,-0.2362,0.3075,-6.9188,loss_of_function,-1.14535729761489,0.9578,pathogenic,https://doi.org/10.1101/2022.10.22.513328
E42A,0.64952,0.1517,0.1933661988636714,Neutral,Neutral,58.5,,,0.351,cBioPortal,,True,58.5,,,,neutral,neutral,neutral,DOWN,neutral,neutral,destabilizing,97.75,E,-0.305,0.1684,-22.2096,loss_of_function,-1.76697054141829,0.9314,pathogenic,https://doi.org/10.1101/2022.10.22.513328
L47P,7.02382,5.55272,7.647923432465065,Destabilizing,Destabilizing,6.8,,,0.695,"cBioPortal,COSMIC",,False,6.8,,,,neutral,neutral,neutral,DOWN,neutral,neutral,neutral,96.45,E,-0.4322,0.7671,-22.2066,loss_of_function,-4.37117590594969,0.9996,pathogenic,https://doi.org/10.1101/2022.10.22.513328
E48D,3.42239,2.38163,0.7981790634223818,Uncertain,Uncertain,1.5,,,0.565,cBioPortal,,False,1.5,,,,neutral,neutral,neutral,DOWN,neutral,neutral,neutral,95.7,E,-0.2842,0.0215,-22.2066,loss_of_function,-0.255132294460797,0.9976,pathogenic,https://doi.org/10.1101/2022.10.22.513328
E48K,2.83005,6.35612,1.0323690103266376,Uncertain,Uncertain,1.5,,,0.675,"cBioPortal,COSMIC",,False,1.5,,,,neutral,neutral,neutral,UP,neutral,neutral,neutral,95.7,E,-0.3405,0.0215,-22.2066,loss_of_function,-4.37339404343251,0.9992,pathogenic,https://doi.org/10.1101/2022.10.22.513328
S49P,-2.6271,0.95646,1.2850698266250948,Uncertain,Uncertain,50.1,,,0.386,"cBioPortal,COSMIC",,False,50.1,,,,uncertain,,,UP,neutral,neutral,neutral,94.57,E,-0.1631,1.9579,-4.4624,loss_of_function,-0.361042328701894,0.3348,benign,https://doi.org/10.1101/2022.10.22.513328
Q50E,0.04076,1.10374,0.1945290603908012,Neutral,Neutral,33.3,,,0.258,cBioPortal,,False,33.3,,,,neutral,neutral,neutral,DOWN,neutral,neutral,destabilizing,93.45,T,0.0084,2.5799,-7.3339,gain_of_function,-0.0362192002497522,0.286,benign,https://doi.org/10.1101/2022.10.22.513328
A52D,0.81613,0.08265,0.1445408842349987,Neutral,Neutral,41.6,,,0.444,"cBioPortal,COSMIC",,False,41.6,,,,neutral,neutral,neutral,UP,neutral,neutral,neutral,91.15,-,-0.3006,1.3211,-22.2155,loss_of_function,-2.44593178349493,0.9946,pathogenic,https://doi.org/10.1101/2022.10.22.513328
R53W,0.34153,0.43912,-0.5499429072175693,Neutral,Neutral,96.9,,,0.588,COSMIC,,False,96.9,,,,neutral,neutral,neutral,UP,neutral,neutral,neutral,89.14,S,-0.321,1.157,-22.2155,loss_of_function,-4.21938975472583,0.9861,pathogenic,https://doi.org/10.1101/2022.10.22.513328
H54L,0.01297,0.77653,-0.1505312797500418,Neutral,Neutral,77.0,,,0.477,cBioPortal,,False,77.0,,,,neutral,neutral,neutral,UP,neutral,neutral,neutral,86.64,S,-0.3188,0.3033,-22.2155,loss_of_function,-2.13762636928261,0.9658,pathogenic,https://doi.org/10.1101/2022.10.22.513328
P55L,0.88302,1.52245,-0.911957840162158,Neutral,Neutral,46.7,,,0.625,"cBioPortal,COSMIC",,False,46.7,,,,neutral,neutral,neutral,UP,neutral,neutral,neutral,90.36,-,-0.2908,0.1922,-8.9276,loss_of_function,-2.88971579674937,0.9917,pathogenic,https://doi.org/10.1101/2022.10.22.513328
Q56K,-0.23832,0.29286,0.3178981885182497,Neutral,Neutral,28.4,,,0.583,cBioPortal,,False,28.4,,,,neutral,neutral,neutral,UP,neutral,neutral,destabilizing,92.22,-,-0.2309,0.3168,-7.9307,loss_of_function,-1.89360316588456,0.9931,pathogenic,https://doi.org/10.1101/2022.10.22.513328
Y59D,1.62155,3.02483,0.5076937670382919,Uncertain,Neutral,48.9,,,0.487,cBioPortal,P,False,48.9,0.14,,,damaging,neutral,uncertain,DOWN,neutral,neutral,stabilizing,95.39,H,-0.352,1.24,-22.2185,loss_of_function,-2.39937172142901,0.9871,pathogenic,https://doi.org/10.1101/2022.10.22.513328
E60D,1.40466,1.14184,2.599275433372515,Neutral,Uncertain,1.2,,,0.779,"cBioPortal,COSMIC",,False,1.2,,,,neutral,neutral,neutral,DOWN,neutral,neutral,neutral,96.16,H,-0.2793,0.0753,-22.2185,loss_of_function,-2.05652992484077,0.9994,pathogenic,https://doi.org/10.1101/2022.10.22.513328
E60K,0.9946,3.95306,3.033555534579893,Uncertain,Uncertain,1.2,,,0.891,"cBioPortal,COSMIC",,False,1.2,,,,neutral,neutral,neutral,UP,neutral,neutral,neutral,96.16,H,-0.2597,0.0753,-7.3457,loss_of_function,-3.92722588842184,0.9991,pathogenic,https://doi.org/10.1101/2022.10.22.513328
S61R,0.09067,0.10952,-0.5367007133493729,Neutral,Neutral,3.8,,,0.371,"cBioPortal,COSMIC",,False,3.8,,,,uncertain,,,UP,neutral,neutral,neutral,96.46,H,-0.3047,0.7566,-22.2214,loss_of_function,-2.0702617668775,0.9928,pathogenic,https://doi.org/10.1101/2022.10.22.513328
L67F,1.13414,-0.38027,0.3680820767704978,Neutral,Neutral,0.0,,,0.566,cBioPortal,,False,0.0,,,,neutral,neutral,neutral,UP,neutral,neutral,neutral,97.99,H,-0.1824,1.0278,-7.3487,loss_of_function,-2.22966245627376,0.9051,pathogenic,https://doi.org/10.1101/2022.10.22.513328
G72D,20.33012,8.73469,4.717058428138499,Destabilizing,Destabilizing,0.0,,,0.634,cBioPortal,,False,0.0,,,,neutral,neutral,neutral,UP,neutral,neutral,stabilizing,98.2,T,-0.4438,0.0001,-22.2185,loss_of_function,-4.00189823954753,0.9991,pathogenic,https://doi.org/10.1101/2022.10.22.513328
P74H,13.05332,5.40068,0.6529594519333722,Destabilizing,Uncertain,0.1,,,0.600,COSMIC,,False,0.1,,,,neutral,neutral,neutral,UP,neutral,neutral,neutral,97.28,-,-0.3523,0.1514,-22.2125,loss_of_function,-3.88846978132511,0.999,pathogenic,https://doi.org/10.1101/2022.10.22.513328
H75L,-0.26882,0.37313,-0.2922437929685678,Neutral,Neutral,60.2,,,0.384,cBioPortal,,False,60.2,,,,neutral,neutral,neutral,UP,neutral,neutral,neutral,96.71,-,-0.0247,2.6073,-6.1174,loss_of_function,-1.16631915092018,0.5004,ambiguous,https://doi.org/10.1101/2022.10.22.513328
H75Q,-0.04354,0.39966,0.2876455482507611,Neutral,Neutral,60.2,,,0.224,COSMIC,,False,60.2,,,,neutral,neutral,neutral,DOWN,neutral,neutral,destabilizing,96.71,-,0.0657,2.6073,-4.4013,gain_of_function,-0.405798175214346,0.583,pathogenic,https://doi.org/10.1101/2022.10.22.513328
R77L,-0.74998,0.33707,0.0994451100721155,Neutral,Neutral,40.5,,,0.415,COSMIC,,False,40.5,,,,neutral,neutral,neutral,DOWN,neutral,neutral,neutral,96.41,E,-0.2264,1.2269,-7.9336,loss_of_function,-0.879423923401363,0.9127,pathogenic,https://doi.org/10.1101/2022.10.22.513328
R77Q,0.36197,0.84218,1.3173631224771367,Neutral,Neutral,40.5,,,0.222,cBioPortal,,False,40.5,,,,neutral,neutral,neutral,DOWN,neutral,neutral,neutral,96.41,E,-0.1987,1.2269,-7.9336,loss_of_function,-1.80141467859718,0.8232,pathogenic,https://doi.org/10.1101/2022.10.22.513328
Y79C,1.40188,2.20986,3.3342969530456483,Uncertain,Uncertain,18.3,,8.4124099872e-06,0.162,COSMIC,,False,18.3,,,,uncertain,,,DOWN,neutral,neutral,mixed_effects,97.41,E,-0.1621,1.6751,-1.3715,loss_of_function,-1.01684772083889,0.5641,pathogenic,https://doi.org/10.1101/2022.10.22.513328
G80S,3.52121,2.5432,1.1346999206271746,Uncertain,Uncertain,40.5,,,0.495,cBioPortal,,False,40.5,,,,neutral,neutral,neutral,UP,neutral,neutral,neutral,97.01,E,-0.3031,0.1135,-7.3487,loss_of_function,-1.93199661838606,0.9359,pathogenic,https://doi.org/10.1101/2022.10.22.513328
D84H,1.04719,0.19864,0.5473638665746672,Neutral,Neutral,76.6,,,0.373,cBioPortal,,True,76.6,,,,neutral,neutral,neutral,UP,neutral,neutral,neutral,93.85,T,-0.16,1.3031,-6.9425,loss_of_function,-1.7866283176397,0.8528,pathogenic,https://doi.org/10.1101/2022.10.22.513328
D84N,0.46367,0.16429,0.8594988650589144,Neutral,Neutral,76.6,,,0.090,"cBioPortal,COSMIC",,True,76.6,,,,neutral,neutral,neutral,-,uncertain,uncertain,uncertain,93.85,T,-0.1072,1.3031,-4.9425,loss_of_function,-0.129305247641564,0.3905,ambiguous,https://doi.org/10.1101/2022.10.22.513328
V87A,3.46335,3.27619,3.630403037086941,Destabilizing,Destabilizing,0.0,,,0.224,"cBioPortal,COSMIC",,True,0.0,,,,neutral,neutral,neutral,DOWN,neutral,neutral,neutral,97.56,E,-0.1796,0.9271,-5.3634,loss_of_function,-0.508355367873976,0.8054,pathogenic,https://doi.org/10.1101/2022.10.22.513328
L92R,0.6075,1.47823,2.119045510423584,Neutral,Uncertain,17.0,,,0.735,cBioPortal,,True,17.0,,,,neutral,neutral,neutral,UP,neutral,neutral,neutral,97.59,-,-0.4897,0.1092,-22.2477,loss_of_function,-2.65975397914891,0.9725,pathogenic,https://doi.org/10.1101/2022.10.22.513328
L93M,-0.18918,1.50034,1.625582703115278,Neutral,Neutral,7.0,,,0.460,cBioPortal,,True,7.0,,,,neutral,neutral,neutral,-,uncertain,uncertain,uncertain,97.44,-,-0.3073,0.1044,-22.2477,loss_of_function,-1.45986817592146,0.9299,pathogenic,https://doi.org/10.1101/2022.10.22.513328
S96C,2.77574,0.77653,0.7931900985213721,Uncertain,Uncertain,14.0,,,0.621,"cBioPortal,COSMIC",,False,14.0,,,,uncertain,,,UP,neutral,neutral,neutral,97.78,B,-0.3184,0.1366,-22.2477,loss_of_function,-1.8213061013887,0.9773,pathogenic,https://doi.org/10.1101/2022.10.22.513328
S96F,5.27526,0.09762,0.6015695701245318,Uncertain,Uncertain,14.0,,,,cBioPortal,,False,14.0,,,,uncertain,,,UP,neutral,neutral,neutral,97.78,B,-0.346,0.1366,-22.2477,loss_of_function,-7.64389435679975,0.9998,pathogenic,https://doi.org/10.1101/2022.10.22.513328
S96I,4.98637,2.45782,0.7410727970482253,Uncertain,Uncertain,14.0,,,0.621,"cBioPortal,COSMIC",,False,14.0,,,,uncertain,,,UP,neutral,neutral,neutral,97.78,B,-0.3492,0.1366,-22.2477,loss_of_function,-5.0062521683088,0.9994,pathogenic,https://doi.org/10.1101/2022.10.22.513328
E98A,2.02636,-0.41531,0.4595000599735577,Uncertain,Uncertain,21.3,,,0.644,cBioPortal,,False,21.3,,,,neutral,neutral,neutral,DOWN,neutral,neutral,neutral,98.26,H,-0.2437,0.1004,-8.9599,loss_of_function,-2.74824714379525,0.9978,pathogenic,https://doi.org/10.1101/2022.10.22.513328
E98D,1.9328,0.32993,0.6482774195497467,Neutral,Neutral,21.3,,,0.374,cBioPortal,,False,21.3,,,,neutral,neutral,neutral,DOWN,neutral,neutral,neutral,98.26,H,-0.2094,0.1004,-8.9599,loss_of_function,-0.425818151897723,0.9988,pathogenic,https://doi.org/10.1101/2022.10.22.513328
E98G,2.96541,0.98605,1.2942026278678649,Uncertain,Uncertain,21.3,,,0.743,"cBioPortal,COSMIC",,False,21.3,,,,neutral,neutral,neutral,DOWN,neutral,neutral,neutral,98.26,H,-0.3372,0.1004,-22.2477,loss_of_function,-2.72895920847543,0.993,pathogenic,https://doi.org/10.1101/2022.10.22.513328
E98K,1.8769,-0.12585,0.6251475236976675,Neutral,Neutral,21.3,,,0.601,"cBioPortal,COSMIC",,False,21.3,,,,neutral,neutral,neutral,UP,neutral,neutral,neutral,98.26,H,-0.3335,0.1004,-22.2477,loss_of_function,-1.93703422161577,0.9993,pathogenic,https://doi.org/10.1101/2022.10.22.513328
E98Q,1.50007,-0.0449,0.2901124311985448,Neutral,Neutral,21.3,,,0.489,cBioPortal,,False,21.3,,,,neutral,neutral,neutral,UP,neutral,neutral,neutral,98.26,H,-0.2111,0.1004,-7.9599,loss_of_function,-0.430108643500027,0.9959,pathogenic,https://doi.org/10.1101/2022.10.22.513328
E98V,2.7426,0.68469,0.2689746433663947,Uncertain,Uncertain,21.3,,,0.679,cBioPortal,,False,21.3,,,,neutral,neutral,neutral,-,uncertain,uncertain,uncertain,98.26,H,-0.3247,0.1004,-22.2477,loss_of_function,-3.40318205683631,0.9997,pathogenic,https://doi.org/10.1101/2022.10.22.513328
F101L,-0.14017,0.98231,2.37997135416121,Neutral,Uncertain,0.0,,,0.327,cBioPortal,,False,0.0,,,,neutral,neutral,neutral,DOWN,neutral,neutral,neutral,98.57,H,-0.2751,0.08,-7.9512,loss_of_function,-2.14441530674714,0.9981,pathogenic,https://doi.org/10.1101/2022.10.22.513328
N102S,0.36865,0.65986,0.7350934117058935,Neutral,Neutral,53.3,,,0.288,cBioPortal,,False,53.3,,,,neutral,neutral,neutral,DOWN,neutral,neutral,neutral,98.23,H,-0.1667,0.5555,-6.3721,loss_of_function,-1.18574675663112,0.2185,benign,https://doi.org/10.1101/2022.10.22.513328
N102Y,-0.23206,0.42483,-0.226122157207595,Neutral,Neutral,53.3,,,0.741,cBioPortal,,False,53.3,,,,neutral,neutral,neutral,UP,neutral,neutral,neutral,98.23,H,-0.3185,0.5555,-22.2448,loss_of_function,-2.94248860715424,0.8531,pathogenic,https://doi.org/10.1101/2022.10.22.513328
F108L,1.08178,1.10136,1.6083572166430549,Neutral,Neutral,0.0,,,0.440,cBioPortal,,True,0.0,,,,neutral,neutral,neutral,DOWN,neutral,neutral,neutral,98.7,-,-0.2255,0.3894,-3.822,loss_of_function,-1.26861253891463,0.9846,pathogenic,https://doi.org/10.1101/2022.10.22.513328
T109A,1.48814,1.32857,0.2670950186566673,Neutral,Neutral,72.8,,,0.292,cBioPortal,,True,72.8,,,,uncertain,,,DOWN,neutral,neutral,neutral,98.48,-,-0.2221,1.0948,-22.239,loss_of_function,-1.19702800987665,0.69,pathogenic,https://doi.org/10.1101/2022.10.22.513328
K111E,2.31839,2.34422,1.02103361002559,Uncertain,Uncertain,24.4,,,0.681,cBioPortal,,True,24.4,,,,neutral,neutral,neutral,DOWN,neutral,neutral,mixed_effects,98.6,H,-0.3455,0.021,-22.2477,loss_of_function,-3.20480164555856,0.9912,pathogenic,https://doi.org/10.1101/2022.10.22.513328
L114F,5.10479,3.23435,1.6848161682454923,Destabilizing,Uncertain,0.3,,,0.534,cBioPortal,,True,0.3,,,,neutral,neutral,neutral,UP,neutral,neutral,neutral,98.79,H,-0.3511,0.021,-22.2477,loss_of_function,-3.29208183248512,0.9891,pathogenic,https://doi.org/10.1101/2022.10.22.513328
L114V,1.88653,2.13401,1.5423653471198728,Uncertain,Neutral,0.3,,,0.455,COSMIC,,True,0.3,,,,neutral,neutral,neutral,DOWN,neutral,neutral,neutral,98.79,H,-0.328,0.021,-22.2477,loss_of_function,-1.5522662760208,0.8194,pathogenic,https://doi.org/10.1101/2022.10.22.513328
M115L,1.22364,-0.0017,0.0913678292027792,Neutral,Neutral,0.2,,,0.169,cBioPortal,,True,0.2,,,,neutral,neutral,neutral,-,uncertain,uncertain,uncertain,98.63,H,-0.0836,1.0403,-1.3482,loss_of_function,-0.347049252893654,0.5034,ambiguous,https://doi.org/10.1101/2022.10.22.513328
M115T,2.2294,2.21735,2.267537463838145,Uncertain,Uncertain,0.2,,,0.562,cBioPortal,,True,0.2,,,,neutral,neutral,neutral,DOWN,neutral,neutral,destabilizing,98.63,H,-0.2772,1.0403,-22.2506,loss_of_function,-2.08943318159099,0.9948,pathogenic,https://doi.org/10.1101/2022.10.22.513328
D118N,0.73574,1.38435,0.5939923169382479,Neutral,Neutral,16.7,,,0.382,cBioPortal,,True,16.7,,,,neutral,neutral,neutral,-,uncertain,uncertain,uncertain,98.76,H,-0.231,0.1257,-7.9657,loss_of_function,-0.887756917706818,0.978,pathogenic,https://doi.org/10.1101/2022.10.22.513328
Q119L,0.56784,-0.46735,-1.113664718134863,Neutral,Neutral,9.8,,,0.794,cBioPortal,,False,9.8,,,,neutral,neutral,neutral,UP,neutral,neutral,stabilizing,98.7,H,-0.2473,0.0417,-8.9656,loss_of_function,-3.57392536893432,0.9743,pathogenic,https://doi.org/10.1101/2022.10.22.513328
S122C,0.63407,-0.27245,0.8444965475049993,Neutral,Neutral,42.7,,,0.512,cBioPortal,,False,42.7,,,,uncertain,,,UP,neutral,neutral,stabilizing,98.74,H,-0.0912,1.7262,-6.3779,loss_of_function,-0.696356731995815,0.1645,benign,https://doi.org/10.1101/2022.10.22.513328
V127A,2.02355,1.87823,2.7248130419484142,Uncertain,Uncertain,0.7,,,0.414,"cBioPortal,COSMIC",,True,0.7,,,,neutral,neutral,neutral,DOWN,neutral,neutral,neutral,98.77,H,-0.2181,1.4451,-22.2477,loss_of_function,-2.76391342720683,0.9142,pathogenic,https://doi.org/10.1101/2022.10.22.513328
H128R,8.1421,5.04762,2.2424731169927816,Destabilizing,Uncertain,1.6,,,0.817,cBioPortal,,True,1.6,,,,neutral,neutral,neutral,UP,neutral,neutral,neutral,98.78,H,-0.3281,0.0587,-22.2477,loss_of_function,-5.41644690871927,0.9977,pathogenic,https://doi.org/10.1101/2022.10.22.513328
F132C,3.23907,3.05714,4.215489861886923,Destabilizing,Destabilizing,8.2,,,0.772,"cBioPortal,COSMIC",,False,8.2,,,,neutral,neutral,neutral,DOWN,neutral,neutral,neutral,98.69,E,-0.3947,0.2477,-22.2448,loss_of_function,-4.22261955038722,0.9577,pathogenic,https://doi.org/10.1101/2022.10.22.513328
H134Q,1.72942,2.10204,2.5730586075302453,Uncertain,Uncertain,0.7,,,0.828,COSMIC,,False,0.7,,,,neutral,neutral,neutral,DOWN,neutral,neutral,neutral,98.64,-,-0.2653,0.0001,-22.2448,loss_of_function,-6.31770165162601,0.9985,pathogenic,https://doi.org/10.1101/2022.10.22.513328
R135K,1.96409,2.31463,2.240612107278276,Uncertain,Uncertain,18.4,,,0.745,cBioPortal,,False,18.4,,,,neutral,neutral,neutral,-,uncertain,uncertain,uncertain,98.44,S,-0.2982,0.021,-22.2448,loss_of_function,-2.50436714500543,0.995,pathogenic,https://doi.org/10.1101/2022.10.22.513328
D136G,2.55047,3.72041,3.2942449418213475,Uncertain,Uncertain,6.6,,,0.961,"cBioPortal,COSMIC",,False,6.6,,,,neutral,neutral,neutral,DOWN,neutral,neutral,neutral,97.94,-,-0.3512,0.0943,-22.2448,loss_of_function,-6.00417403985152,0.9998,pathogenic,https://doi.org/10.1101/2022.10.22.513328
D136H,5.60196,3.00068,1.3332919996743475,Destabilizing,Uncertain,6.6,,,0.889,COSMIC,,False,6.6,,,,neutral,neutral,neutral,UP,neutral,neutral,neutral,97.94,-,-0.3494,0.0943,-22.2448,loss_of_function,-7.23980302907652,0.9999,pathogenic,https://doi.org/10.1101/2022.10.22.513328
D136N,1.80266,1.19456,0.9792293540772506,Neutral,Neutral,6.6,,,0.892,COSMIC,,False,6.6,,,,neutral,neutral,neutral,-,uncertain,uncertain,uncertain,97.94,-,-0.3067,0.0943,-22.2448,loss_of_function,-1.83959167843974,0.9995,pathogenic,https://doi.org/10.1101/2022.10.22.513328
D136Y,8.33891,2.43673,1.732659654725119,Uncertain,Uncertain,6.6,,,0.853,"cBioPortal,COSMIC",,False,6.6,,,,neutral,neutral,neutral,UP,neutral,neutral,neutral,97.94,-,-0.385,0.0943,-22.2448,loss_of_function,-7.02658411651577,0.9992,pathogenic,https://doi.org/10.1101/2022.10.22.513328
D140A,-0.31587,0.57449,0.584259057881446,Neutral,Neutral,57.4,,,0.618,"cBioPortal,COSMIC",,False,57.4,,,,neutral,neutral,neutral,DOWN,neutral,neutral,destabilizing,97.42,G,-0.323,0.2803,-22.2506,loss_of_function,-2.49649041806057,0.9977,pathogenic,https://doi.org/10.1101/2022.10.22.513328
D140H,0.3425,0.69932,0.2308557582197196,Neutral,Neutral,57.4,,,0.600,"cBioPortal,COSMIC",,False,57.4,,,,neutral,neutral,neutral,UP,neutral,neutral,neutral,97.42,G,-0.2564,0.2803,-7.3779,loss_of_function,-1.95161282506274,0.9996,pathogenic,https://doi.org/10.1101/2022.10.22.513328
D140Y,-0.26179,-0.17143,0.1604588051805089,Neutral,Neutral,57.4,,,0.577,cBioPortal,,False,57.4,,,,neutral,neutral,neutral,UP,neutral,neutral,neutral,97.42,G,-0.3679,0.2803,-22.2506,loss_of_function,-2.79961021640452,0.9985,pathogenic,https://doi.org/10.1101/2022.10.22.513328
N141T,0.7144,-0.07347,1.3233117559527203,Neutral,Neutral,5.9,,,0.864,cBioPortal,,False,5.9,,,,neutral,neutral,neutral,-,uncertain,uncertain,uncertain,98.01,G,-0.3484,0.0001,-22.2506,loss_of_function,-6.49555360682219,0.9978,pathogenic,https://doi.org/10.1101/2022.10.22.513328
L143R,-0.18465,0.36667,2.38100934708835,Neutral,Uncertain,19.3,,,0.886,COSMIC,,False,19.3,,,,neutral,neutral,neutral,UP,neutral,neutral,neutral,98.45,E,-0.478,0.2368,-22.2506,loss_of_function,-5.76331819577936,0.9974,pathogenic,https://doi.org/10.1101/2022.10.22.513328
G145S,5.92619,2.13197,1.5340472138753238,Uncertain,Uncertain,0.0,,,0.757,cBioPortal,,False,0.0,,,,neutral,neutral,neutral,UP,neutral,neutral,neutral,97.91,-,-0.3828,0.0739,-22.2506,loss_of_function,-3.6801539667998,0.9982,pathogenic,https://doi.org/10.1101/2022.10.22.513328
I146V,0.24094,-0.0881,0.7629255218527916,Neutral,Neutral,61.3,,,0.188,"cBioPortal,COSMIC",,False,61.3,,,,neutral,neutral,neutral,DOWN,neutral,neutral,neutral,95.8,-,-0.0543,1.4498,-5.7901,loss_of_function,-0.219841757581034,0.349,ambiguous,https://doi.org/10.1101/2022.10.22.513328
R148C,0.33578,0.16565,1.2310123076682555,Neutral,Neutral,106.5,,,0.475,"cBioPortal,COSMIC",,False,106.5,,,,neutral,neutral,neutral,DOWN,neutral,neutral,stabilizing,93.57,G,-0.2218,1.349,-7.9628,loss_of_function,-1.06171416582063,0.9302,pathogenic,https://doi.org/10.1101/2022.10.22.513328
R148H,0.47993,0.06088,0.3437130765057311,Neutral,Neutral,106.5,,,0.323,cBioPortal,,False,106.5,,,,neutral,neutral,neutral,DOWN,neutral,neutral,stabilizing,93.57,G,-0.1724,1.349,-5.9629,loss_of_function,-1.15664770277783,0.8394,pathogenic,https://doi.org/10.1101/2022.10.22.513328
C150F,-0.68748,-1.99966,-1.05191109537127,Neutral,Neutral,61.9,,,0.410,cBioPortal,,False,61.9,,,,neutral,neutral,neutral,UP,neutral,neutral,neutral,94.71,T,-0.2672,1.6465,-8.9628,loss_of_function,-1.68235224109985,0.9365,pathogenic,https://doi.org/10.1101/2022.10.22.513328
C150Y,-0.3755,-1.83503,-0.8293731610500682,Neutral,Neutral,61.9,,,0.315,cBioPortal,,False,61.9,,,,neutral,neutral,neutral,UP,neutral,neutral,neutral,94.71,T,-0.2766,1.6465,-8.9628,loss_of_function,-2.15361503316722,0.9799,pathogenic,https://doi.org/10.1101/2022.10.22.513328
G159W,17.89268,1.94014,0.9370135472557906,Uncertain,Uncertain,0.0,,,0.244,COSMIC,,False,0.0,,,,neutral,neutral,neutral,UP,neutral,neutral,neutral,93.8,G,-0.4794,0.0209,-22.2535,loss_of_function,-7.30685973344663,0.9999,pathogenic,https://doi.org/10.1101/2022.10.22.513328
T169P,0.79109,5.37177,2.889573683968959,Uncertain,Uncertain,60.6,,,0.039,"cBioPortal,COSMIC",P,False,60.6,1.865,,,damaging,neutral,uncertain,-,uncertain,uncertain,uncertain,97.34,T,-0.4363,0.5529,-22.2535,loss_of_function,-3.88657422650577,0.8749,pathogenic,https://doi.org/10.1101/2022.10.22.513328
R176I,0.21238,1.17211,0.441495302401993,Neutral,Neutral,68.1,,,0.369,cBioPortal,,False,68.1,,,,neutral,neutral,neutral,DOWN,neutral,neutral,stabilizing,97.91,-,-0.3483,0.2523,-8.9656,loss_of_function,-3.39207948878041,0.9896,pathogenic,https://doi.org/10.1101/2022.10.22.513328
A185T,1.11607,1.56497,0.4254432082479975,Neutral,Neutral,7.2,,,0.438,cBioPortal,,True,7.2,,,,neutral,neutral,neutral,UP,neutral,neutral,stabilizing,97.14,T,-0.21,0.3084,-7.9628,loss_of_function,-1.34163192634029,0.9947,pathogenic,https://doi.org/10.1101/2022.10.22.513328
A185V,-0.42319,0.89762,-0.4284029893084323,Neutral,Neutral,7.2,,7.966603996e-06,0.457,cBioPortal,,True,7.2,,,,neutral,neutral,neutral,UP,neutral,neutral,stabilizing,97.14,T,-0.2003,0.3084,-6.6409,loss_of_function,-0.6022129172259,0.9876,pathogenic,https://doi.org/10.1101/2022.10.22.513328
Y187H,3.55592,1.66156,2.409163478250285,Uncertain,Uncertain,1.9,,,0.677,cBioPortal,,True,1.9,,,,uncertain,,,DOWN,neutral,neutral,destabilizing,98.58,T,-0.3579,0.0209,-22.2506,loss_of_function,-3.459403867685,0.9998,pathogenic,https://doi.org/10.1101/2022.10.22.513328
A188G,1.48834,2.15102,2.857789686396198,Uncertain,Uncertain,12.2,,,0.597,cBioPortal,,True,12.2,,,,neutral,neutral,neutral,DOWN,neutral,neutral,neutral,98.33,-,-0.3258,0.0907,-22.2506,loss_of_function,-3.86351694056525,0.9656,pathogenic,https://doi.org/10.1101/2022.10.22.513328
L194F,0.95207,2.06088,0.503849643877274,Uncertain,Neutral,51.6,,,0.303,cBioPortal,,True,51.6,,,,neutral,neutral,neutral,UP,neutral,neutral,neutral,96.34,T,-0.3211,0.347,-22.2506,loss_of_function,-3.0671486527671,0.9188,pathogenic,https://doi.org/10.1101/2022.10.22.513328
G195C,2.66414,2.01088,1.8441556744917256,Uncertain,Uncertain,24.5,,,0.591,cBioPortal,,False,24.5,,,,neutral,neutral,neutral,UP,neutral,neutral,neutral,97.02,T,-0.44,0.0378,-22.2506,loss_of_function,-4.58536970977924,0.9976,pathogenic,https://doi.org/10.1101/2022.10.22.513328
G195D,3.75871,2.83844,1.3680782735887302,Uncertain,Uncertain,24.5,,,0.621,cBioPortal,,False,24.5,,,,neutral,neutral,neutral,UP,neutral,neutral,neutral,97.02,T,-0.4405,0.0378,-22.2506,loss_of_function,-3.90332992349903,0.9995,pathogenic,https://doi.org/10.1101/2022.10.22.513328
S199I,3.17557,4.07143,-0.1339291354222244,Destabilizing,Uncertain,0.5,,,0.629,cBioPortal,P,False,0.5,6.93,,,uncertain,neutral,uncertain,UP,neutral,neutral,neutral,98.78,-,-0.3583,0.0377,-22.2535,loss_of_function,-6.11146172766031,0.9985,pathogenic,https://doi.org/10.1101/2022.10.22.513328
R201Q,1.9481,2.63129,0.9620610949666558,Uncertain,Neutral,13.5,,4.1448715504e-06,0.461,cBioPortal,,False,13.5,,,,neutral,neutral,neutral,DOWN,neutral,neutral,destabilizing,98.81,H,-0.2857,0.1952,-6.3808,loss_of_function,-2.91504143738233,0.9865,pathogenic,https://doi.org/10.1101/2022.10.22.513328
E205A,1.48742,1.66361,1.202202430136104,Neutral,Neutral,2.4,,,0.316,"cBioPortal,COSMIC",,False,2.4,,,,neutral,neutral,neutral,DOWN,neutral,neutral,neutral,98.91,H,-0.3188,0.021,-22.2477,loss_of_function,-5.06675352670765,0.9791,pathogenic,https://doi.org/10.1101/2022.10.22.513328
E205K,2.72345,6.63605,1.7122481098689082,Uncertain,Uncertain,2.4,,,0.653,cBioPortal,,False,2.4,,,,neutral,neutral,neutral,UP,neutral,neutral,neutral,98.91,H,-0.3408,0.021,-22.2477,loss_of_function,-6.19695963453535,0.9985,pathogenic,https://doi.org/10.1101/2022.10.22.513328
G208E,5.64404,3.93061,4.460952857184412,Destabilizing,Destabilizing,3.9,,0.0,0.885,cBioPortal,,True,3.9,,,,neutral,neutral,neutral,UP,neutral,neutral,neutral,98.89,H,-0.3736,0.021,-8.9599,loss_of_function,-4.09954977054379,0.9996,pathogenic,https://doi.org/10.1101/2022.10.22.513328
V210L,-0.21425,1.13095,0.4475449916378338,Neutral,Neutral,0.0,,,0.262,cBioPortal,,True,0.0,,,,neutral,neutral,neutral,UP,neutral,neutral,neutral,98.92,H,-0.3405,0.1206,-22.2477,loss_of_function,-1.19112733316504,0.8714,pathogenic,https://doi.org/10.1101/2022.10.22.513328
L211F,3.73308,1.39728,1.3983879363008735,Uncertain,Uncertain,0.7,,,0.227,cBioPortal,,True,0.7,,,,neutral,neutral,neutral,UP,neutral,neutral,neutral,98.91,H,-0.2104,0.586,-4.8725,loss_of_function,-0.672434849776676,0.4325,ambiguous,https://doi.org/10.1101/2022.10.22.513328
L211W,12.43632,2.98776,2.372769603780101,Uncertain,Uncertain,0.7,,,0.722,cBioPortal,,True,0.7,,,,neutral,neutral,neutral,UP,neutral,neutral,neutral,98.91,H,-0.3982,0.586,-22.2477,loss_of_function,-2.50628605757095,0.956,pathogenic,https://doi.org/10.1101/2022.10.22.513328
Y213S,4.94411,4.64014,4.081721799279705,Destabilizing,Destabilizing,0.7,,,0.625,cBioPortal,,True,0.7,,,,uncertain,,,DOWN,neutral,neutral,neutral,98.85,H,-0.4549,0.021,-22.2477,loss_of_function,-4.78485820759954,0.9894,pathogenic,https://doi.org/10.1101/2022.10.22.513328
G223C,2.42952,2.0483,1.7702653027312436,Uncertain,Uncertain,124.7,,,0.591,COSMIC,,False,124.7,,,,neutral,neutral,neutral,UP,neutral,neutral,stabilizing,94.42,S,-0.4396,0.042,-22.2419,loss_of_function,-4.63720704376163,0.9959,pathogenic,https://doi.org/10.1101/2022.10.22.513328
K229N,0.49038,-0.03537,0.9359481508959174,Neutral,Neutral,81.6,,,0.194,cBioPortal,,True,81.6,,,,neutral,neutral,neutral,DOWN,neutral,neutral,neutral,90.82,H,-0.3073,0.3638,-22.2448,loss_of_function,-1.97051311100897,0.9993,pathogenic,https://doi.org/10.1101/2022.10.22.513328
S242C,0.00165,0.45578,0.4685723125060104,Neutral,Neutral,76.4,,,0.456,cBioPortal,P,True,76.4,0.259,,,damaging,neutral,potentially_damaging,UP,neutral,neutral,stabilizing,98.0,T,-0.271,0.6518,-22.2448,loss_of_function,-1.05193482251301,0.3373,benign,https://doi.org/10.1101/2022.10.22.513328
T243M,-0.58483,0.29762,-0.3618388796396432,Neutral,Neutral,10.6,,,0.402,cBioPortal,,True,10.6,,,,uncertain,,,UP,neutral,neutral,neutral,98.39,S,-0.2727,0.2942,-8.957,loss_of_function,-2.26560869670725,0.4867,ambiguous,https://doi.org/10.1101/2022.10.22.513328
P244L,1.84429,1.55034,-0.5078852512261867,Neutral,Neutral,58.9,,,0.512,cBioPortal,,True,58.9,,,,neutral,neutral,neutral,UP,neutral,neutral,neutral,98.05,-,-0.3125,0.6951,-22.2448,loss_of_function,-2.31361723492948,0.8588,pathogenic,https://doi.org/10.1101/2022.10.22.513328
A257V,0.28577,-0.6932,-0.188436990873419,Neutral,Neutral,19.3,,,0.278,cBioPortal,,False,19.3,,,,neutral,neutral,neutral,UP,neutral,neutral,neutral,98.78,H,-0.0819,1.5313,-5.4918,loss_of_function,-0.721870877206225,0.5751,pathogenic,https://doi.org/10.1101/2022.10.22.513328
R264C,1.46539,3.02449,2.2203924284960324,Uncertain,Uncertain,25.2,,,0.508,cBioPortal,,True,25.2,,,,neutral,neutral,neutral,DOWN,neutral,neutral,neutral,98.27,H,-0.3214,0.2655,-7.9512,loss_of_function,-0.895330442546741,0.9527,pathogenic,https://doi.org/10.1101/2022.10.22.513328
R264H,1.48118,2.35918,1.457937413672678,Uncertain,Neutral,25.2,,,0.348,cBioPortal,,True,25.2,,,,neutral,neutral,neutral,DOWN,neutral,neutral,neutral,98.27,H,-0.2823,0.2655,-7.9512,loss_of_function,-0.848444659727268,0.8564,pathogenic,https://doi.org/10.1101/2022.10.22.513328
G265W,-0.03746,-0.70884,-0.9119620069887824,Neutral,Neutral,101.0,,,0.507,cBioPortal,,True,101.0,,,,neutral,neutral,neutral,UP,neutral,neutral,neutral,98.4,H,-0.3342,1.5993,-22.2419,loss_of_function,-3.79767039677217,0.9581,pathogenic,https://doi.org/10.1101/2022.10.22.513328
R267C,0.58073,1.24864,0.9300333618607878,Neutral,Neutral,88.9,,,0.460,cBioPortal,,False,88.9,,,,neutral,neutral,neutral,DOWN,neutral,neutral,destabilizing,98.65,-,-0.2705,0.7628,-6.9513,loss_of_function,-0.723486334463724,0.7131,pathogenic,https://doi.org/10.1101/2022.10.22.513328
R267H,0.71647,-0.1568,-0.0226277185647916,Neutral,Neutral,88.9,,,0.281,cBioPortal,,False,88.9,,,,neutral,neutral,neutral,DOWN,neutral,neutral,destabilizing,98.65,-,-0.224,0.7628,-5.4918,loss_of_function,-1.01132670391686,0.515,ambiguous,https://doi.org/10.1101/2022.10.22.513328
E269D,0.60852,0.49354,0.1707804515450922,Neutral,Neutral,69.5,,,0.208,cBioPortal,,False,69.5,,,,neutral,neutral,neutral,DOWN,neutral,neutral,stabilizing,98.48,T,-0.0789,1.0756,-0.9768,loss_of_function,-0.232051450366149,0.1988,benign,https://doi.org/10.1101/2022.10.22.513328
E269Q,0.13993,0.05612,0.4282653311793227,Neutral,Neutral,69.5,,,0.267,cBioPortal,,False,69.5,,,,neutral,neutral,neutral,UP,neutral,neutral,neutral,98.48,T,-0.1942,1.0756,-22.2361,loss_of_function,-1.13068150562836,0.7906,pathogenic,https://doi.org/10.1101/2022.10.22.513328
E270D,0.35112,1.02245,0.7690153421919268,Neutral,Neutral,42.3,,,0.210,cBioPortal,,False,42.3,,,,neutral,neutral,neutral,DOWN,neutral,neutral,neutral,98.52,-,-0.0811,1.0748,-1.3967,loss_of_function,-0.778457099390663,0.4136,ambiguous,https://doi.org/10.1101/2022.10.22.513328
A271G,0.19893,0.90578,0.6831081447572459,Neutral,Neutral,70.4,,,0.253,cBioPortal,,False,70.4,,,,neutral,neutral,neutral,DOWN,neutral,neutral,mixed_effects,98.54,-,-0.0313,2.3318,-4.9513,loss_of_function,-1.12367365026624,0.167,benign,https://doi.org/10.1101/2022.10.22.513328
A271V,0.12397,-0.88673,-0.3803642818393882,Neutral,Neutral,70.4,,,0.284,cBioPortal,,False,70.4,,,,neutral,neutral,neutral,UP,neutral,neutral,neutral,98.54,-,-0.009,2.3318,-5.6293,loss_of_function,-0.726257875174453,0.2165,benign,https://doi.org/10.1101/2022.10.22.513328
P272T,4.0969,3.32313,1.085532390966684,Destabilizing,Uncertain,0.0,,,0.659,cBioPortal,,False,0.0,,,,neutral,neutral,neutral,-,uncertain,uncertain,uncertain,98.73,-,-0.3376,0.0211,-22.239,loss_of_function,-7.14739427177361,0.9956,pathogenic,https://doi.org/10.1101/2022.10.22.513328
Y274H,2.04576,1.68095,2.581191745975912,Uncertain,Uncertain,12.7,,,0.541,cBioPortal,P,True,12.7,2.576,,,uncertain,uncertain,uncertain,DOWN,neutral,neutral,mixed_effects,98.76,H,-0.3516,0.0888,-22.239,loss_of_function,-2.07465284071376,0.9921,pathogenic,https://doi.org/10.1101/2022.10.22.513328
M275V,0.34573,-0.44524,-0.1943569419510932,Neutral,Neutral,85.9,,3.984063745e-06,0.249,cBioPortal,,True,85.9,,,,neutral,neutral,neutral,DOWN,neutral,neutral,mixed_effects,98.51,H,-0.0864,1.9557,-5.6293,loss_of_function,-0.177378754124214,0.2787,benign,https://doi.org/10.1101/2022.10.22.513328
R282H,0.04172,-0.04286,0.8968874201487067,Neutral,Neutral,58.8,,,0.308,cBioPortal,,False,58.8,,,,neutral,neutral,neutral,DOWN,neutral,neutral,neutral,98.43,H,-0.2812,0.2775,-7.9512,loss_of_function,-1.14003212748009,0.8961,pathogenic,https://doi.org/10.1101/2022.10.22.513328
N289K,-0.31672,0.30578,0.3082547202830804,Neutral,Neutral,105.7,,,0.065,cBioPortal,,False,105.7,,,,neutral,neutral,neutral,UP,neutral,neutral,neutral,97.96,T,-0.1275,1.4309,-7.9424,loss_of_function,-1.12079864816481,0.7956,pathogenic,https://doi.org/10.1101/2022.10.22.513328
H290R,-1.13165,0.92245,1.393931974322833,Neutral,Neutral,30.2,,,0.376,cBioPortal,,False,30.2,,,,neutral,neutral,neutral,UP,neutral,neutral,neutral,98.01,-,-0.1912,1.5448,-22.2302,loss_of_function,-2.28855650838976,0.8117,pathogenic,https://doi.org/10.1101/2022.10.22.513328
D297H,3.25563,0.99252,0.1876504412562935,Uncertain,Uncertain,20.8,,,0.590,cBioPortal,,True,20.8,,,,neutral,neutral,neutral,UP,neutral,neutral,stabilizing,98.12,H,-0.356,0.0213,-22.2214,loss_of_function,-6.40296840625822,0.9988,pathogenic,https://doi.org/10.1101/2022.10.22.513328
Q303H,0.71023,0.3551,-0.2699593339385636,Neutral,Neutral,64.3,,,0.143,cBioPortal,,True,64.3,,,,neutral,neutral,neutral,UP,neutral,neutral,neutral,90.96,H,-0.0469,1.9214,-7.105,loss_of_function,-0.195261904989586,0.7169,pathogenic,https://doi.org/10.1101/2022.10.22.513328
S312Y,0.06298,0.11735,-0.3078447056850392,Neutral,Neutral,86.2,,,0.267,cBioPortal,,True,86.2,,,,uncertain,,,UP,neutral,neutral,neutral,76.62,H,-0.0115,2.9976,-7.3309,loss_of_function,-0.408261433756791,0.223,benign,https://doi.org/10.1101/2022.10.22.513328
