Mutation,"Stability (FoldX5, alphafold, kcal/mol)","Stability (Rosetta Cartddg2020, alphafold, kcal/mol)","Stability (RaSP, alphafold, kcal/mol)","Stability classification, alphafold, (Rosetta, FoldX)","Stability classification, alphafold, (RaSP, FoldX)",Relative Side Chain Solvent Accessibility in wild-type,gnomAD genome allele frequency,gnomAD exome allele frequency,REVEL score,Mutation sources,ClinVar Variation ID,ClinVar Interpretation,ClinVar Review Status,AlphaFold2 model pLDDT score,AlphaFold2 model secondary structure,DeMaSk delta fitness,DeMaSk Shannon entropy,DeMaSk log2 variant frequency,DeMaSk predicted consequence,AlphaMissense pathogenicity score,AlphaMissense classification,References
L5I,1.00114,0.02721,1.5310127247702416,Neutral,Neutral,5.1,,4.078935561e-06,0.243,cBioPortal,,,,96.31,E,-0.0801,1.3507,-4.7466,loss_of_function,0.1111,benign,https://doi.org/10.1101/2022.10.22.513328
N6K,0.34083,0.37789,1.0001378606948546,Neutral,Neutral,6.9,,,,clinvar,1421779,Uncertain significance,1,98.16,E,-0.0972,1.6338,-5.6643,loss_of_function,0.5689,pathogenic,https://doi.org/10.1101/2022.10.22.513328
I8V,1.59021,1.05408,1.3437009425081938,Neutral,Neutral,1.3,,,0.176,"cBioPortal,COSMIC",,,,98.78,E,-0.1264,0.557,-3.8244,loss_of_function,0.2067,benign,https://doi.org/10.1101/2022.10.22.513328
M15I,3.28357,5.06429,0.5468318894376614,Destabilizing,Uncertain,31.8,,,0.377,COSMIC,,,,98.01,-,-0.041,2.2748,-8.7779,loss_of_function,0.6793,pathogenic,https://doi.org/10.1101/2022.10.22.513328
G21R,0.85297,1.01769,0.1478759405378604,Neutral,Neutral,118.0,,,,clinvar,2298952,Uncertain significance,1,92.81,T,-0.3275,0.5665,-6.4495,loss_of_function,0.6249,pathogenic,https://doi.org/10.1101/2022.10.22.513328
W25C,3.61542,3.2881,5.039593054105201,Destabilizing,Destabilizing,1.3,,,0.871,COSMIC,,,,97.95,S,-0.5052,0.0696,-22.0724,loss_of_function,0.9821,pathogenic,https://doi.org/10.1101/2022.10.22.513328
P26S,2.26748,0.63333,0.2369964117962075,Uncertain,Uncertain,50.7,,,0.409,cBioPortal,,,,97.13,S,0.0287,2.8538,-3.9234,gain_of_function,0.272,benign,https://doi.org/10.1101/2022.10.22.513328
P26T,2.05059,0.8034,0.138341252725026,Uncertain,Uncertain,50.7,,,0.471,"cBioPortal,COSMIC",,,,97.13,S,0.0061,2.8538,-5.974,gain_of_function,0.28,benign,https://doi.org/10.1101/2022.10.22.513328
R29K,-0.16761,-0.28912,0.541232863251338,Neutral,Neutral,86.3,,,,clinvar,1498111,Uncertain significance,1,97.08,H,-0.0274,1.8223,-1.6581,loss_of_function,0.1537,benign,https://doi.org/10.1101/2022.10.22.513328
N30K,-0.27573,-0.89728,-0.1637409057536987,Neutral,Neutral,58.7,,,,clinvar,288593,Uncertain significance,2,97.44,H,-0.0118,2.3814,-2.415,loss_of_function,0.222,benign,https://doi.org/10.1101/2022.10.22.513328
R33T,0.96182,-1.12007,0.5225872584811053,Neutral,Neutral,75.1,,,0.128,COSMIC,,,,97.29,H,-0.1923,2.4105,-22.1047,loss_of_function,0.3446,ambiguous,https://doi.org/10.1101/2022.10.22.513328
M53I,2.16071,3.4551,1.636649801197081,Uncertain,Uncertain,0.0,,,0.872,"cBioPortal,COSMIC",,,,98.82,E,-0.1654,0.9305,-8.9217,loss_of_function,0.9186,pathogenic,https://doi.org/10.1101/2022.10.22.513328
K55R,0.45842,0.56224,-0.0315445973340916,Neutral,Neutral,36.4,,,0.093,COSMIC,,,,98.2,H,-0.0672,0.8369,-0.3064,loss_of_function,0.0639,benign,https://doi.org/10.1101/2022.10.22.513328
T57A,-0.57335,0.17517,0.5151304958592184,Neutral,Neutral,28.3,,,0.924,"cBioPortal,COSMIC",,,,98.1,H,-0.2403,0.8956,-22.2214,loss_of_function,0.7629,pathogenic,https://doi.org/10.1101/2022.10.22.513328
I61T,1.85912,2.3949,2.307375743498622,Uncertain,Uncertain,19.1,,,0.921,COSMIC,,,,96.5,S,-0.1656,1.5769,-7.9424,loss_of_function,0.9422,pathogenic,https://doi.org/10.1101/2022.10.22.513328
E63K,0.7538,0.16973,0.4213391017589524,Neutral,Neutral,81.8,,,,clinvar,1479720,Uncertain significance,1,96.92,G,-0.0595,2.0491,-3.7004,loss_of_function,0.1439,benign,https://doi.org/10.1101/2022.10.22.513328
E63Q,0.39717,-0.13299,0.5926488281675498,Neutral,Neutral,81.8,,,,clinvar,1367980,Uncertain significance,1,96.92,G,-0.0266,2.0491,-6.9483,loss_of_function,0.1475,benign,https://doi.org/10.1101/2022.10.22.513328
N65S,0.66637,1.68707,0.6958865891384952,Neutral,Neutral,54.9,,,,clinvar,1377706,Uncertain significance,1,96.33,G,0.0488,2.8419,-5.3575,gain_of_function,0.1367,benign,https://doi.org/10.1101/2022.10.22.513328
R66G,1.48047,6.08537,3.586596416043174,Uncertain,Uncertain,16.5,,,,clinvar,2044386,Uncertain significance,1,97.74,-,-0.2537,1.2894,-7.9483,loss_of_function,0.9076,pathogenic,https://doi.org/10.1101/2022.10.22.513328
P67S,5.42707,2.26667,0.4527307536149749,Uncertain,Uncertain,31.3,,,0.797,cBioPortal,,,,98.24,S,-0.2171,0.2858,-5.7755,loss_of_function,0.8873,pathogenic,https://doi.org/10.1101/2022.10.22.513328
K69M,-0.28833,0.28163,-0.3673399290443807,Neutral,Neutral,88.9,,,,clinvar,1469613,Uncertain significance,1,97.66,T,-0.0429,2.4108,-8.9511,loss_of_function,0.3894,ambiguous,https://doi.org/10.1101/2022.10.22.513328
G70D,2.65653,-0.96803,1.0056087369636657,Uncertain,Uncertain,74.2,,,,clinvar,1425140,Uncertain significance,1,96.74,T,-0.159,1.9386,-1.3617,loss_of_function,0.1422,benign,https://doi.org/10.1101/2022.10.22.513328
V75A,3.40409,3.0534,3.414909960725352,Destabilizing,Destabilizing,0.0,,,0.934,"cBioPortal,COSMIC",,,,98.8,E,-0.2388,0.482,-8.9511,loss_of_function,0.9164,pathogenic,https://doi.org/10.1101/2022.10.22.513328
V75L,1.88746,2.25272,1.8643516633010533,Uncertain,Neutral,0.0,,,0.779,cBioPortal,,,,98.8,E,-0.2251,0.482,-6.1439,loss_of_function,0.7226,pathogenic,https://doi.org/10.1101/2022.10.22.513328
L76I,0.55849,0.55102,0.698372113056433,Neutral,Neutral,7.0,,4.0478619193e-06,0.541,"cBioPortal,COSMIC",,,,98.71,E,-0.1647,0.4424,-4.9513,loss_of_function,0.1501,benign,https://doi.org/10.1101/2022.10.22.513328
R78K,0.28261,0.38469,-0.1053099036184446,Neutral,Neutral,87.5,,,0.315,"cBioPortal,COSMIC",,,,96.72,S,-0.0266,1.8918,-2.7556,loss_of_function,0.1342,benign,https://doi.org/10.1101/2022.10.22.513328
E79G,1.50371,2.1051,1.2400891439739676,Uncertain,Neutral,81.7,,,0.162,"cBioPortal,COSMIC",,,,97.1,S,-0.0544,2.4363,-8.9394,loss_of_function,0.2102,benign,https://doi.org/10.1101/2022.10.22.513328
L80F,0.66904,2.50442,0.9705840719017492,Uncertain,Neutral,31.3,,,,clinvar,29673,Pathogenic,0,97.81,-,-0.0976,1.9257,-6.9248,loss_of_function,0.3016,benign,https://doi.org/10.1101/2022.10.22.513328
K81R,0.11382,0.55204,-0.0025487636394661,Neutral,Neutral,81.4,,,,clinvar,1908763,Uncertain significance,1,97.53,S,0.0826,2.6886,-4.3398,gain_of_function,0.0947,benign,https://doi.org/10.1101/2022.10.22.513328
A87G,1.72584,2.37483,2.3357480661052965,Uncertain,Uncertain,0.0,,,,clinvar,1716706,Uncertain significance,1,98.45,-,-0.1257,1.4697,-7.8978,loss_of_function,0.328,benign,https://doi.org/10.1101/2022.10.22.513328
A87P,9.05375,7.20068,6.874970224435805,Destabilizing,Destabilizing,0.0,,,0.748,cBioPortal,,,,98.45,-,-0.2506,1.4697,-7.3128,loss_of_function,0.7803,pathogenic,https://doi.org/10.1101/2022.10.22.513328
A87T,0.73144,-0.01122,1.4645036939982858,Neutral,Neutral,0.0,,,,clinvar,1897253,Uncertain significance,1,98.45,-,-0.0961,1.4697,-6.5759,loss_of_function,0.271,benign,https://doi.org/10.1101/2022.10.22.513328
R92G,0.58206,1.29626,1.4103629628518703,Neutral,Neutral,67.2,,,,clinvar,2071122,Uncertain significance,1,97.5,S,-0.0792,3.034,-5.2094,loss_of_function,0.1065,benign,https://doi.org/10.1101/2022.10.22.513328
R92K,-0.11808,0.5051,0.4734585650336853,Neutral,Neutral,67.2,,,0.065,cBioPortal,,,,97.5,S,0.0837,3.034,-1.73,gain_of_function,0.0837,benign,https://doi.org/10.1101/2022.10.22.513328
D95E,-0.56367,-0.10952,-0.0221138682039495,Neutral,Neutral,70.2,,,,clinvar,2092268,Uncertain significance,1,95.68,H,0.0614,2.7567,-2.3814,gain_of_function,0.1289,benign,https://doi.org/10.1101/2022.10.22.513328
T101I,-1.03902,-0.18946,-0.9920609860437168,Neutral,Neutral,9.7,,,,clinvar,1467830,Uncertain significance,1,94.35,H,-0.0307,2.3469,-2.2333,loss_of_function,0.1302,benign,https://doi.org/10.1101/2022.10.22.513328
P104A,0.96896,1.16531,-0.1694391786859667,Neutral,Neutral,85.7,,,,clinvar,1468640,Uncertain significance,1,92.42,T,-0.029,2.263,-4.5201,loss_of_function,0.1,benign,https://doi.org/10.1101/2022.10.22.513328
P104Q,1.03106,1.04558,-0.1617345366161393,Neutral,Neutral,85.7,,,0.443,COSMIC,,,,92.42,T,-0.0644,2.263,-5.8826,loss_of_function,0.1397,benign,https://doi.org/10.1101/2022.10.22.513328
M112I,0.539,0.01667,0.5375143152919789,Neutral,Neutral,35.9,,,0.166,"cBioPortal,COSMIC",,,,96.12,E,0.0501,3.0988,-5.7843,gain_of_function,0.3082,benign,https://doi.org/10.1101/2022.10.22.513328
M112L,-0.18142,-0.27245,0.0256643640472131,Neutral,Neutral,35.9,,,,clinvar,1995199,Uncertain significance,1,96.12,E,0.0897,3.0988,-4.4948,gain_of_function,0.1716,benign,https://doi.org/10.1101/2022.10.22.513328
M112R,-0.46941,0.42619,0.2254839939938885,Neutral,Neutral,35.9,,,,clinvar,1709841,Uncertain significance,1,96.12,E,-0.1162,3.0988,-4.5619,loss_of_function,0.1159,benign,https://doi.org/10.1101/2022.10.22.513328
V113I,-0.99931,-0.31633,0.2882552786691561,Neutral,Neutral,8.5,,,0.12,COSMIC,,,,97.53,E,-0.0478,1.4421,-1.4733,loss_of_function,0.0764,benign,https://doi.org/10.1101/2022.10.22.513328
I115L,0.82971,1.53299,1.2801724723350945,Neutral,Neutral,0.0,,,,clinvar,1934438,Uncertain significance,1,98.71,E,-0.1191,1.1991,-6.1497,loss_of_function,0.3367,benign,https://doi.org/10.1101/2022.10.22.513328
V116G,4.31795,2.73707,4.3110271862031,Uncertain,Destabilizing,2.4,,,0.691,cBioPortal,,,,98.75,-,-0.2692,1.519,-8.957,loss_of_function,0.61,pathogenic,https://doi.org/10.1101/2022.10.22.513328
G118D,0.06644,-1.46599,-0.2269964535826213,Neutral,Neutral,54.9,,,,clinvar,2128517,Uncertain significance,1,97.24,-,-0.3669,0.1006,-8.957,loss_of_function,0.9343,pathogenic,https://doi.org/10.1101/2022.10.22.513328
S120P,-1.09315,2.91429,0.1928440985156021,Uncertain,Neutral,98.3,,,0.747,"cBioPortal,COSMIC",,,,97.33,H,-0.1627,2.1554,-7.957,loss_of_function,0.6687,pathogenic,https://doi.org/10.1101/2022.10.22.513328
S120Y,-0.18422,-0.97483,-0.7629146806196052,Neutral,Neutral,98.3,,,0.711,"cBioPortal,COSMIC",,,,97.33,H,-0.0972,2.1554,-8.957,loss_of_function,0.341,ambiguous,https://doi.org/10.1101/2022.10.22.513328
Y122H,3.69337,2.50136,2.865622064672947,Uncertain,Uncertain,5.6,,,,clinvar,2052219,Uncertain significance,1,98.5,H,-0.2615,0.2206,-6.9542,loss_of_function,0.9272,pathogenic,https://doi.org/10.1101/2022.10.22.513328
E124K,0.77674,1.77075,0.1993999133961965,Neutral,Neutral,46.4,,,0.589,cBioPortal,,,,97.11,H,-0.1242,1.523,-6.8887,loss_of_function,0.5194,ambiguous,https://doi.org/10.1101/2022.10.22.513328
A125T,0.81037,0.96973,1.3700714498141424,Neutral,Neutral,0.0,,,,clinvar,1354030,Uncertain significance,1,97.33,H,-0.0865,1.4907,-5.0814,loss_of_function,0.2813,benign,https://doi.org/10.1101/2022.10.22.513328
A125V,1.06744,2.28946,0.6474283780976516,Uncertain,Neutral,0.0,,,0.194,cBioPortal,,,,97.33,H,-0.0826,1.4907,-4.8887,loss_of_function,0.3086,benign,https://doi.org/10.1101/2022.10.22.513328
H128N,0.89329,2.26293,1.4857387587696929,Uncertain,Neutral,27.4,,,,clinvar,2094793,Uncertain significance,1,93.65,S,0.0247,2.6528,-5.7096,gain_of_function,0.1765,benign,https://doi.org/10.1101/2022.10.22.513328
H131R,0.2296,0.66803,0.3968988809405932,Neutral,Neutral,37.9,,,,clinvar,1955289,Uncertain significance,1,95.42,-,-0.0061,2.7049,-6.8765,loss_of_function,0.0997,benign,https://doi.org/10.1101/2022.10.22.513328
H131Y,0.05124,0.33129,0.4178691081753666,Neutral,Neutral,37.9,,,0.313,"cBioPortal,COSMIC",,,,95.42,-,0.0584,2.7049,-6.8765,gain_of_function,0.101,benign,https://doi.org/10.1101/2022.10.22.513328
L132R,6.36853,4.21361,2.8858873647511856,Destabilizing,Uncertain,1.5,,,0.124,cBioPortal,,,,97.33,E,-0.0912,3.3955,-3.4202,loss_of_function,0.1663,benign,https://doi.org/10.1101/2022.10.22.513328
L134I,1.2318,0.40476,1.5947692954783106,Neutral,Neutral,0.1,,,0.355,"cBioPortal,COSMIC",,,,98.51,E,-0.0726,1.2778,-1.9696,loss_of_function,0.1123,benign,https://doi.org/10.1101/2022.10.22.513328
L134P,5.02854,5.3449,8.778927120288282,Destabilizing,Destabilizing,0.1,,,0.805,"cBioPortal,COSMIC",,,,98.51,E,-0.3171,1.2778,-8.8764,loss_of_function,0.9678,pathogenic,https://doi.org/10.1101/2022.10.22.513328
M140L,0.9918,-0.17551,-0.4730946800624891,Neutral,Neutral,40.8,,,,clinvar,725583,Likely benign,1,98.37,S,0.0546,2.5737,-1.8962,gain_of_function,0.1044,benign,https://doi.org/10.1101/2022.10.22.513328
D142E,-0.91871,-0.82755,0.4263000699071256,Neutral,Neutral,66.5,,,,clinvar,1975070,Uncertain significance,1,98.23,-,0.0607,2.7236,-1.9217,gain_of_function,0.1815,benign,https://doi.org/10.1101/2022.10.22.513328
F143C,2.70666,3.59626,4.302751710174074,Uncertain,Uncertain,16.6,,,0.848,"cBioPortal,COSMIC",,,,98.28,-,-0.3703,0.5071,-22.155,loss_of_function,0.7431,pathogenic,https://doi.org/10.1101/2022.10.22.513328
T147M,0.52493,-0.23027,-0.4617798462344585,Neutral,Neutral,47.3,,1.20010560929e-05,0.647,"COSMIC,clinvar",1498012,Uncertain significance,1,97.54,E,-0.1704,1.2898,-6.858,loss_of_function,0.365,ambiguous,https://doi.org/10.1101/2022.10.22.513328
P150A,2.50346,1.58197,0.2728073896081662,Uncertain,Uncertain,20.5,,,,clinvar,2110211,Uncertain significance,1,97.64,-,-0.3055,0.2348,-22.1332,loss_of_function,0.5581,ambiguous,https://doi.org/10.1101/2022.10.22.513328
D153V,1.55428,1.28231,0.8955515301319935,Neutral,Neutral,48.9,,,,clinvar,29674,Pathogenic,0,96.43,-,-0.1485,1.9434,-8.8296,loss_of_function,0.226,benign,https://doi.org/10.1101/2022.10.22.513328
P161L,1.06131,0.58776,-1.0652565351918808,Neutral,Neutral,87.1,,,,"cBioPortal,COSMIC",,,,96.27,S,-0.0343,2.8841,-7.2062,loss_of_function,0.1575,benign,https://doi.org/10.1101/2022.10.22.513328
E162K,-0.17771,-0.07823,0.3151072031061269,Neutral,Neutral,100.4,,,0.265,cBioPortal,,,,95.9,-,-0.015,2.5589,-4.1731,loss_of_function,0.1233,benign,https://doi.org/10.1101/2022.10.22.513328
L167I,0.34156,1.0102,0.3215470829687128,Neutral,Neutral,72.5,,,0.036,"cBioPortal,COSMIC",,,,93.77,-,-0.0777,1.5086,-7.1292,loss_of_function,0.0868,benign,https://doi.org/10.1101/2022.10.22.513328
Q171R,0.39072,0.5881,-0.4927922202623258,Neutral,Neutral,28.5,,,,clinvar,2077587,Uncertain significance,1,98.09,E,-0.1906,0.6724,-6.7381,loss_of_function,0.2124,benign,https://doi.org/10.1101/2022.10.22.513328
E173K,3.88988,2.97993,0.9670406111297948,Uncertain,Uncertain,16.6,,4.0800672395e-06,0.47,"cBioPortal,COSMIC",,,,98.15,E,-0.31,0.3438,-22.0292,loss_of_function,0.8492,pathogenic,https://doi.org/10.1101/2022.10.22.513328
G175D,3.3569,0.49524,0.8585530944325472,Uncertain,Uncertain,80.8,,0.0,0.465,"cBioPortal,COSMIC",,,,97.43,T,-0.2776,0.7901,-3.8801,loss_of_function,0.2372,benign,https://doi.org/10.1101/2022.10.22.513328
I176T,2.77594,1.49558,2.4243248315997232,Uncertain,Uncertain,7.7,,,0.663,cBioPortal,,,,98.31,E,-0.2219,0.9542,-7.738,loss_of_function,0.6212,pathogenic,https://doi.org/10.1101/2022.10.22.513328
E184G,2.82762,2.22653,2.053302986744064,Uncertain,Uncertain,21.9,,,0.551,cBioPortal,,,,97.71,E,-0.2083,1.487,-21.9951,loss_of_function,0.2915,benign,https://doi.org/10.1101/2022.10.22.513328
E184K,0.26688,1.36837,0.7494846886901815,Neutral,Neutral,21.9,,,0.254,"COSMIC,clinvar",1994564,Uncertain significance,1,97.71,E,-0.1039,1.487,-2.2644,loss_of_function,0.1757,benign,https://doi.org/10.1101/2022.10.22.513328
K185N,1.37978,1.22211,0.693434777451073,Neutral,Neutral,9.2,,,0.431,cBioPortal,,,,96.0,E,-0.1422,1.2668,-6.1659,loss_of_function,0.5331,ambiguous,https://doi.org/10.1101/2022.10.22.513328
N186S,0.59571,0.3949,0.4752245206267658,Neutral,Neutral,82.1,,,0.029,"cBioPortal,COSMIC",,,,88.27,-,0.0549,2.8218,-3.8074,gain_of_function,0.0846,benign,https://doi.org/10.1101/2022.10.22.513328
