Mutation,"Stability (FoldX5, alphafold, kcal/mol)","Stability (Rosetta Cartddg2020, alphafold, kcal/mol)","Stability (RaSP, alphafold, kcal/mol)","Stability classification, alphafold, (Rosetta, FoldX)","Stability classification, alphafold, (RaSP, FoldX)","Local Int. (Binding with DCAF7_AFmulti, heterodimer, FoldX5, kcal/mol)","Local Int. (Binding with DCAF7_AFmulti, heterodimer, Rosetta Talaris 2014, kcal/mol)",Local Int. classification (DCAF7_AFmulti),Relative Side Chain Solvent Accessibility in wild-type,gnomAD genome allele frequency,gnomAD exome allele frequency,REVEL score,Mutation sources,PTMs,is site part of phospho-SLiM,PTM residue SASA (%),"Change in stability with PTM (FoldX5, kcal/mol)","Change in binding with PTM (FoldX5, kcal/mol)","Change in binding with mutation (FoldX5, kcal/mol)",PTM effect in regulation,PTM effect in stability,PTM effect in function,AlloSigma2 mutation type,AlloSigma2 predicted consequence - active sites,AlloSigma2 predicted consequence - cofactor sites,AlloSigma2 predicted consequence - pockets and interfaces,ClinVar Variation ID,ClinVar Interpretation,ClinVar Review Status,AlphaFold2 model pLDDT score,AlphaFold2 model secondary structure,DeMaSk delta fitness,DeMaSk Shannon entropy,DeMaSk log2 variant frequency,DeMaSk predicted consequence,GEMME Score,AlphaMissense pathogenicity score,AlphaMissense classification,References
V22I,,,,,,0.0,0.03407,Neutral,,,,0.04,"cBioPortal,COSMIC",,True,,,,,neutral,neutral,neutral,UP,neutral,neutral,neutral,,,,40.0,-,-0.0954,1.0995,-4.6147,loss_of_function,-0.285745246994951,0.0938,benign,https://doi.org/10.1101/2022.10.22.513328
V22L,,,,,,-0.00336,0.30344,Neutral,,,,0.073,COSMIC,,True,,,,,neutral,neutral,neutral,UP,neutral,neutral,neutral,,,,40.0,-,-0.1707,1.0995,-6.6147,loss_of_function,-0.306143977242224,0.1207,benign,https://doi.org/10.1101/2022.10.22.513328
L23M,,,,,,-0.5218,-0.07885,Neutral,,,,0.051,"cBioPortal,COSMIC",,True,,,,,neutral,neutral,neutral,-,uncertain,uncertain,uncertain,,,,40.1,-,-0.0752,1.556,-2.9362,loss_of_function,-0.367909205548688,0.1096,benign,https://doi.org/10.1101/2022.10.22.513328
P24R,,,,,,0.07932,-0.48954,Neutral,,,,0.229,"cBioPortal,COSMIC",,True,,,,,neutral,neutral,neutral,UP,neutral,neutral,neutral,,,,47.5,-,-0.2632,1.3882,-20.9531,loss_of_function,-1.97569892288837,0.2103,benign,https://doi.org/10.1101/2022.10.22.513328
R27Q,,,,,,-0.0105,0.14799,Neutral,,,2.40149853509e-05,0.07,cBioPortal,,True,,,,,neutral,neutral,neutral,DOWN,neutral,neutral,neutral,,,,37.17,-,-0.085,2.2173,-3.504,loss_of_function,0.0316908922971206,0.0808,benign,https://doi.org/10.1101/2022.10.22.513328
R27W,,,,,,-0.00698,-0.09435,Neutral,,3.1849162367e-05,3.60863184738e-05,0.119,cBioPortal,,True,,,,,neutral,neutral,neutral,UP,neutral,neutral,neutral,,,,37.17,-,-0.1528,2.2173,-8.3618,loss_of_function,-2.66656476131073,0.1895,benign,https://doi.org/10.1101/2022.10.22.513328
L28P,,,,,,2.6097,1.55688,Destabilizing,,0.0010828025477707,0.004269404202245,0.086,"cBioPortal,clinvar",,True,,,,,neutral,neutral,neutral,DOWN,neutral,neutral,neutral,790887,Benign,2,39.35,-,-0.3008,2.1643,-21.6671,loss_of_function,-1.10165228760537,0.1308,benign,https://doi.org/10.1101/2022.10.22.513328
L28V,,,,,,1.37814,0.17015,Uncertain,,,,,clinvar,,True,,,,,neutral,neutral,neutral,DOWN,neutral,neutral,neutral,2492039,Uncertain significance,1,39.35,-,-0.0498,2.1643,-6.3794,loss_of_function,-0.448648517374797,0.0801,benign,https://doi.org/10.1101/2022.10.22.513328
R31Q,,,,,,2.43434,1.15488,Destabilizing,,,,0.204,"cBioPortal,COSMIC",,True,,,,,neutral,neutral,neutral,DOWN,neutral,neutral,neutral,,,,47.78,-,-0.1603,1.5666,-6.5314,loss_of_function,-1.14698980356408,0.0972,benign,https://doi.org/10.1101/2022.10.22.513328
R31W,,,,,,1.8046,1.2028,Destabilizing,,3.18511912346e-05,1.19792041017e-05,0.385,"cBioPortal,COSMIC",,True,,,,,neutral,neutral,neutral,UP,neutral,neutral,neutral,,,,47.78,-,-0.2813,1.5666,-21.8191,loss_of_function,-4.32981612051611,0.2531,benign,https://doi.org/10.1101/2022.10.22.513328
A36P,,,,,,-0.00712,0.11815,Neutral,,3.18532203606e-05,3.58948997336e-05,0.225,cBioPortal,,False,,,,,neutral,neutral,neutral,UP,neutral,neutral,neutral,,,,63.45,S,-0.1969,2.8656,-21.9495,loss_of_function,-1.45420570685631,0.1022,benign,https://doi.org/10.1101/2022.10.22.513328
R38L,,,,,,5.35994,1.37628,Destabilizing,,,,0.575,"cBioPortal,COSMIC",,False,,,,,neutral,neutral,neutral,DOWN,neutral,neutral,neutral,,,,65.49,-,-0.4044,0.0729,-21.9951,loss_of_function,-3.66537705983723,0.9821,pathogenic,https://doi.org/10.1101/2022.10.22.513328
A43T,-0.247,-0.0517,0.3516350360679904,Neutral,Neutral,-0.35554,-0.30798,Neutral,52.1,,,0.217,"cBioPortal,COSMIC",,False,52.1,,,,neutral,neutral,neutral,UP,neutral,neutral,neutral,,,,83.31,-,-0.1815,0.6043,-7.7142,loss_of_function,-1.26691383743686,0.5662,pathogenic,https://doi.org/10.1101/2022.10.22.513328
P44L,0.90628,0.44252,-0.7709178453612664,Neutral,Neutral,1.60858,0.26597,Uncertain,84.2,,7.9686354509e-06,0.586,"cBioPortal,COSMIC",,False,84.2,,,,neutral,neutral,neutral,UP,neutral,neutral,destabilizing,,,,84.18,H,-0.3708,0.0484,-22.0054,loss_of_function,-1.67131187829204,0.9932,pathogenic,https://doi.org/10.1101/2022.10.22.513328
P44Q,1.13655,0.75986,-0.3053996616722654,Neutral,Neutral,4.15742,0.71643,Uncertain,84.2,,,0.553,"cBioPortal,COSMIC",,False,84.2,,,,neutral,neutral,neutral,UP,neutral,neutral,destabilizing,,,,84.18,H,-0.2827,0.0484,-8.7175,loss_of_function,-1.59253130119447,0.9986,pathogenic,https://doi.org/10.1101/2022.10.22.513328
R46C,0.84688,1.32211,1.66675388424187,Neutral,Neutral,2.59108,0.86882,Uncertain,48.2,,7.9667944009e-06,0.374,"cBioPortal,COSMIC",,True,48.2,,,,neutral,neutral,neutral,DOWN,neutral,neutral,neutral,,,,84.73,H,-0.328,0.2366,-8.7175,loss_of_function,-3.34250220731359,0.5033,ambiguous,https://doi.org/10.1101/2022.10.22.513328
R46H,0.32658,0.52415,0.7008605956480481,Neutral,Neutral,1.62666,0.27637,Uncertain,48.2,,7.9683179678e-06,0.229,"cBioPortal,COSMIC",,True,48.2,,,,neutral,neutral,neutral,DOWN,neutral,neutral,neutral,,,,84.73,H,-0.2889,0.2366,-8.7175,loss_of_function,-2.65106956199139,0.3745,ambiguous,https://doi.org/10.1101/2022.10.22.513328
K47N,0.60743,0.57789,0.2165061534245876,Neutral,Neutral,0.5661,1.02748,Uncertain,55.8,,,0.3,COSMIC,,True,55.8,,,,neutral,neutral,neutral,DOWN,neutral,neutral,neutral,,,,86.54,H,-0.328,0.1257,-22.0054,loss_of_function,-2.3430573258491,0.9936,pathogenic,https://doi.org/10.1101/2022.10.22.513328
L48F,0.19826,-0.46429,0.5457925821955817,Neutral,Neutral,5.95184,0.73087,Uncertain,71.8,,,0.374,COSMIC,,True,71.8,,,,neutral,neutral,neutral,UP,neutral,neutral,destabilizing,,,,87.02,H,-0.2739,0.1094,-8.7175,loss_of_function,-3.83118628159362,0.9894,pathogenic,https://doi.org/10.1101/2022.10.22.513328
E61K,-0.04864,0.65544,0.0538662231982634,Neutral,Neutral,-0.17174,-0.11267,Neutral,80.2,,,0.246,cBioPortal,,True,80.2,,,,neutral,neutral,neutral,UP,neutral,neutral,neutral,,,,91.31,H,-0.2395,0.2845,-7.1531,loss_of_function,-1.87830781591132,0.93,pathogenic,https://doi.org/10.1101/2022.10.22.513328
V62I,-0.66897,-0.15782,-0.2425384462266788,Neutral,Neutral,-0.61332,0.01561,Neutral,66.8,,,0.111,COSMIC,,False,66.8,,,,neutral,neutral,neutral,UP,neutral,neutral,neutral,,,,90.74,H,-0.1952,0.247,-8.7975,loss_of_function,-2.2266682519382,0.2796,benign,https://doi.org/10.1101/2022.10.22.513328
A65V,1.2173,0.02211,-0.1944078690736994,Neutral,Neutral,-0.03804,0.00477,Neutral,77.1,3.18532203606e-05,1.1938397867e-05,0.286,cBioPortal,,True,77.1,,,,neutral,neutral,neutral,UP,neutral,neutral,neutral,,,,88.6,H,-0.2438,0.6919,-22.0886,loss_of_function,-2.93708943900333,0.3149,benign,https://doi.org/10.1101/2022.10.22.513328
R69W,-0.19696,-0.44966,-0.2557247677331625,Neutral,Neutral,,,Uncertain,76.7,3.18613394507e-05,4.37730803515e-05,0.315,"cBioPortal,COSMIC",,True,76.7,,,,neutral,neutral,neutral,UP,neutral,neutral,neutral,,,,85.91,H,-0.3978,0.316,-22.1015,loss_of_function,-3.32803871807419,0.8032,pathogenic,https://doi.org/10.1101/2022.10.22.513328
R70L,-0.00883,-0.25986,-0.1311552442148733,Neutral,Neutral,,,Uncertain,76.3,,,0.277,"cBioPortal,COSMIC",,True,76.3,,,,neutral,neutral,neutral,DOWN,neutral,neutral,neutral,,,,82.55,H,-0.3832,0.3084,-22.1015,loss_of_function,-3.93462848419576,0.8104,pathogenic,https://doi.org/10.1101/2022.10.22.513328
R70Q,-0.08069,-0.06463,0.8730418123308892,Neutral,Neutral,,,Uncertain,76.3,6.372673974e-05,5.96782150644e-05,0.172,COSMIC,,True,76.3,,,,neutral,neutral,neutral,DOWN,neutral,neutral,neutral,,,,82.55,H,-0.2877,0.3084,-8.8136,loss_of_function,-2.07455031255858,0.6243,pathogenic,https://doi.org/10.1101/2022.10.22.513328
Q72H,-0.80221,0.37449,-0.3869794423719375,Neutral,Neutral,,,Uncertain,71.5,,3.9972498921e-06,0.167,"cBioPortal,COSMIC",,True,71.5,,,,neutral,neutral,neutral,UP,neutral,neutral,neutral,,,,77.43,H,-0.1308,1.049,-7.8201,loss_of_function,-1.80195360096412,0.2869,benign,https://doi.org/10.1101/2022.10.22.513328
Q72K,-0.23973,0.09116,-0.3059334928285817,Neutral,Neutral,,,Uncertain,71.5,,,0.208,"cBioPortal,COSMIC",,True,71.5,,,,neutral,neutral,neutral,UP,neutral,neutral,neutral,,,,77.43,H,-0.1562,1.049,-6.4982,loss_of_function,-1.43920572833989,0.3418,ambiguous,https://doi.org/10.1101/2022.10.22.513328
A74S,-0.44742,-0.0051,0.9179174390893664,Neutral,Neutral,,,Uncertain,67.2,,,0.036,cBioPortal,,False,67.2,,,,neutral,neutral,neutral,-,uncertain,uncertain,uncertain,,,,62.85,S,0.0501,2.9268,-5.3639,gain_of_function,-0.775214936457583,0.0837,benign,https://doi.org/10.1101/2022.10.22.513328
A74V,0.08689,0.68878,0.2695933709628317,Neutral,Neutral,,,Uncertain,67.2,,7.9651445275e-06,0.019,COSMIC,,False,67.2,,,,neutral,neutral,neutral,UP,neutral,neutral,neutral,,,,62.85,S,0.0599,2.9268,-2.8692,gain_of_function,0.0470173358349969,0.0668,benign,https://doi.org/10.1101/2022.10.22.513328
S79A,1.14551,-0.08605,0.2741870806845548,Neutral,Neutral,-0.002,-0.0061,Neutral,118.7,,,0.084,COSMIC,,True,118.7,,,,uncertain,,,-,uncertain,uncertain,uncertain,,,,42.71,T,-0.0331,1.7237,-4.8329,loss_of_function,-0.198409703181787,0.0656,benign,https://doi.org/10.1101/2022.10.22.513328
S79W,1.36776,0.41837,-0.256789880256118,Neutral,Neutral,-0.12426,0.00625,Neutral,118.7,,,,clinvar,,True,118.7,,,,uncertain,,,UP,neutral,neutral,neutral,1946266,Uncertain significance,1,42.71,T,-0.1412,1.7237,-8.8328,loss_of_function,-3.3985516827781,0.4496,ambiguous,https://doi.org/10.1101/2022.10.22.513328
K83T,0.26042,0.05272,-0.1489762794120058,Neutral,Neutral,1.73878,0.26142,Uncertain,109.1,,,0.343,"cBioPortal,COSMIC",,True,109.1,,,,neutral,neutral,neutral,DOWN,neutral,neutral,neutral,,,,49.7,-,-0.2284,0.463,-7.8391,loss_of_function,-1.1678044494396,0.7572,pathogenic,https://doi.org/10.1101/2022.10.22.513328
E84D,0.31919,0.19388,-0.1396860848693076,Neutral,Neutral,0.04332,-0.17397,Neutral,108.6,,,0.138,cBioPortal,,True,108.6,,,,neutral,neutral,neutral,DOWN,neutral,neutral,neutral,,,,55.53,-,-0.1432,0.6695,-6.2542,loss_of_function,-1.00915347709544,0.1216,benign,https://doi.org/10.1101/2022.10.22.513328
H90P,3.63069,5.24014,4.0343947923630905,Destabilizing,Destabilizing,-0.0001,-0.21401,Neutral,91.3,,,,clinvar,,False,91.3,,,,neutral,neutral,neutral,DOWN,neutral,neutral,neutral,132793,Pathogenic,0,94.19,G,-0.2559,1.4829,-8.9187,loss_of_function,-2.64791475266648,0.6332,pathogenic,https://doi.org/10.1101/2022.10.22.513328
D93N,1.16329,0.81156,0.6993241154856019,Neutral,Neutral,-0.111,0.07042,Neutral,1.7,,,0.493,cBioPortal,,False,1.7,,,,neutral,neutral,neutral,-,uncertain,uncertain,uncertain,,,,97.37,B,-0.3133,0.0213,-22.2185,loss_of_function,-3.6493701379783,0.9954,pathogenic,https://doi.org/10.1101/2022.10.22.513328
D94H,0.70007,0.49694,0.9822730647289484,Neutral,Neutral,1.2613,0.9542,Uncertain,56.0,,,0.502,cBioPortal,,False,56.0,,,,neutral,neutral,neutral,UP,neutral,neutral,neutral,,,,95.09,-,-0.3539,0.0427,-22.2125,loss_of_function,-5.07760516164499,0.9987,pathogenic,https://doi.org/10.1101/2022.10.22.513328
H97D,2.75144,0.75714,1.8637014193271977,Uncertain,Uncertain,0.06648,0.0517,Neutral,44.6,,,0.2,COSMIC,,False,44.6,,,,neutral,neutral,neutral,DOWN,neutral,neutral,neutral,,,,95.84,S,-0.1591,1.2181,-7.9277,loss_of_function,-2.72046742499472,0.8877,pathogenic,https://doi.org/10.1101/2022.10.22.513328
I100T,0.72806,1.93776,1.4206027671825967,Neutral,Neutral,0.40292,-0.5243,Neutral,48.0,,1.19292832091e-05,0.43,"cBioPortal,COSMIC",,True,48.0,,,,neutral,neutral,neutral,DOWN,neutral,neutral,neutral,,,,97.0,-,-0.3659,0.1922,-22.2185,loss_of_function,-4.40015085825354,0.8537,pathogenic,https://doi.org/10.1101/2022.10.22.513328
V101M,0.46029,1.56361,1.4319017638660747,Neutral,Neutral,-0.2243,-0.17145,Neutral,11.0,,3.9764593606e-06,0.132,"cBioPortal,COSMIC",,True,11.0,,,,neutral,neutral,neutral,UP,neutral,neutral,neutral,,,,96.37,-,-0.1797,1.2292,-8.9306,loss_of_function,-3.13435918173234,0.9428,pathogenic,https://doi.org/10.1101/2022.10.22.513328
R102C,0.54515,1.22449,1.207274285085134,Neutral,Neutral,0.5272,0.53745,Neutral,60.7,,,,clinvar,,True,60.7,,,,neutral,neutral,neutral,DOWN,neutral,neutral,neutral,132792,Pathogenic,1,96.29,-,-0.2217,1.3476,-7.9307,loss_of_function,-2.80855810111108,0.2407,benign,https://doi.org/10.1101/2022.10.22.513328
R102H,0.36443,0.35612,0.2463891930544676,Neutral,Neutral,0.38784,0.45522,Neutral,60.7,3.18552497452e-05,2.78372080076e-05,0.057,cBioPortal,,True,60.7,,,,neutral,neutral,neutral,DOWN,neutral,neutral,neutral,,,,96.29,-,-0.1734,1.3476,-6.1234,loss_of_function,-1.39257228948834,0.1302,benign,https://doi.org/10.1101/2022.10.22.513328
R102S,0.65915,0.68912,0.9918288460615862,Neutral,Neutral,0.28852,0.75452,Neutral,60.7,,,0.048,cBioPortal,,True,60.7,,,,neutral,neutral,neutral,DOWN,neutral,neutral,neutral,,,,96.29,-,-0.2104,1.3476,-7.3457,loss_of_function,-2.25990526711607,0.7319,pathogenic,https://doi.org/10.1101/2022.10.22.513328
R106C,0.65582,0.73231,1.7542367868348023,Neutral,Neutral,,,Uncertain,49.5,3.18593092902e-05,1.19308013522e-05,0.199,cBioPortal,,False,49.5,,,,neutral,neutral,neutral,DOWN,neutral,neutral,neutral,,,,96.83,E,-0.1985,1.5124,-6.3458,loss_of_function,-2.72829448659964,0.1627,benign,https://doi.org/10.1101/2022.10.22.513328
E109V,1.14515,4.26156,0.9382918591270228,Uncertain,Neutral,,,Uncertain,101.8,,,0.182,COSMIC,,False,101.8,,,,neutral,neutral,neutral,-,uncertain,uncertain,uncertain,,,,95.26,T,-0.2115,1.3286,-22.2244,loss_of_function,-5.41823016396766,0.719,pathogenic,https://doi.org/10.1101/2022.10.22.513328
R110H,1.82421,0.83163,0.8569546414672402,Neutral,Neutral,,,,15.4,,3.9770919504e-06,0.262,"cBioPortal,COSMIC",,False,15.4,,,,neutral,neutral,neutral,DOWN,neutral,neutral,neutral,,,,98.01,T,-0.3726,0.0751,-22.2244,loss_of_function,-4.57460871516674,0.8733,pathogenic,https://doi.org/10.1101/2022.10.22.513328
R110L,0.14627,-0.01837,-0.0199738594736892,Neutral,Neutral,,,,15.4,,,0.546,cBioPortal,,False,15.4,,,,neutral,neutral,neutral,DOWN,neutral,neutral,neutral,,,,98.01,T,-0.4053,0.0751,-22.2244,loss_of_function,-6.26927853133594,0.9868,pathogenic,https://doi.org/10.1101/2022.10.22.513328
E112K,-0.32123,1.7966,0.2804487197253508,Neutral,Neutral,,,Uncertain,49.2,,,0.42,"cBioPortal,COSMIC",,False,49.2,,,,neutral,neutral,neutral,UP,neutral,neutral,neutral,,,,98.47,E,-0.2114,0.6884,-8.9365,loss_of_function,-2.49406132959114,0.8022,pathogenic,https://doi.org/10.1101/2022.10.22.513328
S115L,0.14839,0.18265,-0.7136212337764897,Neutral,Neutral,0.0378,-0.11723,Neutral,52.0,,,0.416,"cBioPortal,COSMIC",,False,52.0,,,,uncertain,,,UP,neutral,neutral,neutral,,,,97.35,E,-0.2246,0.7112,-8.9394,loss_of_function,-2.83811676146508,0.6386,pathogenic,https://doi.org/10.1101/2022.10.22.513328
G118C,-0.95635,0.53571,0.3556272813716593,Neutral,Neutral,0.22298,0.02087,Neutral,74.2,,,0.952,COSMIC,,False,74.2,,,,neutral,neutral,neutral,UP,neutral,neutral,neutral,,,,91.43,E,-0.3667,0.096,-8.9394,loss_of_function,-8.58645272686632,0.9989,pathogenic,https://doi.org/10.1101/2022.10.22.513328
G118D,-0.25174,-0.59252,0.1508066375299954,Neutral,Neutral,0.08994,-0.17304,Neutral,74.2,,,0.894,"cBioPortal,COSMIC",,False,74.2,,,,neutral,neutral,neutral,UP,neutral,neutral,neutral,,,,91.43,E,-0.435,0.096,-22.2273,loss_of_function,-7.62317845092752,0.9997,pathogenic,https://doi.org/10.1101/2022.10.22.513328
G120C,1.34325,1.32687,1.573561567534792,Neutral,Neutral,0.08004,0.08428,Neutral,60.6,,,0.974,"cBioPortal,COSMIC",,False,60.6,,,,neutral,neutral,neutral,UP,neutral,neutral,stabilizing,,,,87.83,E,-0.4365,0.0749,-22.2273,loss_of_function,-6.9730110652974,0.9999,pathogenic,https://doi.org/10.1101/2022.10.22.513328
S121F,-1.69596,-0.6585,-0.0941826679124091,Neutral,Neutral,-4e-05,-0.408,Neutral,101.3,,,0.595,"cBioPortal,COSMIC",,False,101.3,,,,uncertain,,,UP,neutral,neutral,stabilizing,,,,87.63,T,-0.3565,0.0212,-22.2273,loss_of_function,-7.83018005933882,0.9988,pathogenic,https://doi.org/10.1101/2022.10.22.513328
V125A,2.31057,1.8966,1.9040370439560457,Uncertain,Uncertain,0.00308,0.03259,Neutral,23.9,,,0.571,cBioPortal,,False,23.9,,,,neutral,neutral,neutral,DOWN,neutral,neutral,neutral,,,,97.67,E,-0.3455,0.0594,-22.2273,loss_of_function,-5.84438310189633,0.9966,pathogenic,https://doi.org/10.1101/2022.10.22.513328
K127N,2.07168,0.93537,1.2667925179553337,Uncertain,Uncertain,0.00262,0.23269,Neutral,30.5,,,0.289,"cBioPortal,COSMIC",,False,30.5,,,,neutral,neutral,neutral,DOWN,neutral,neutral,neutral,,,,98.48,E,-0.2518,0.2287,-8.9365,loss_of_function,-1.88118826467521,0.9985,pathogenic,https://doi.org/10.1101/2022.10.22.513328
Y129N,2.52885,2.32925,2.4447019493657987,Uncertain,Uncertain,,,Uncertain,37.7,,,0.423,"cBioPortal,COSMIC",,True,37.7,,,,uncertain,,,DOWN,neutral,neutral,neutral,,,,98.63,E,-0.3672,0.8475,-22.2244,loss_of_function,-4.28889835391401,0.7901,pathogenic,https://doi.org/10.1101/2022.10.22.513328
Q132E,-0.14626,0.03776,-0.1569133869155736,Neutral,Neutral,,,Uncertain,75.8,,,0.049,"cBioPortal,COSMIC",,True,75.8,,,,neutral,neutral,neutral,DOWN,neutral,neutral,destabilizing,,,,97.44,T,0.0469,2.6744,-1.5104,gain_of_function,-1.20332593902147,0.0871,benign,https://doi.org/10.1101/2022.10.22.513328
E135G,0.88648,0.97619,1.544413602058356,Neutral,Neutral,,,Uncertain,42.8,,,0.419,COSMIC,,True,42.8,,,,neutral,neutral,neutral,DOWN,neutral,neutral,neutral,,,,97.82,E,-0.1077,1.6897,-5.9396,loss_of_function,-2.27773393721283,0.7442,pathogenic,https://doi.org/10.1101/2022.10.22.513328
E135K,-0.12771,0.48163,0.6000757039495841,Neutral,Neutral,,,Uncertain,42.8,,,0.359,COSMIC,,True,42.8,,,,neutral,neutral,neutral,UP,neutral,neutral,neutral,,,,97.82,E,-0.1142,1.6897,-7.9395,loss_of_function,-2.42131279986025,0.9046,pathogenic,https://doi.org/10.1101/2022.10.22.513328
A138V,-0.84217,-0.77075,0.4413661927646367,Neutral,Neutral,,,,13.8,,,0.654,cBioPortal,,False,13.8,,,,neutral,neutral,neutral,UP,neutral,neutral,neutral,,,,98.64,E,-0.2994,0.0957,-22.2332,loss_of_function,-8.01256067206729,0.9983,pathogenic,https://doi.org/10.1101/2022.10.22.513328
K140T,1.74055,1.5534,0.8291509221686816,Neutral,Neutral,,,,6.4,,,0.849,cBioPortal,,False,6.4,,,,neutral,neutral,neutral,DOWN,neutral,neutral,neutral,,,,98.15,E,-0.3425,0.0212,-22.2332,loss_of_function,-9.95001998131145,0.9983,pathogenic,https://doi.org/10.1101/2022.10.22.513328
K145R,0.63384,0.1398,-0.2333110362466844,Neutral,Neutral,,,Uncertain,60.8,,,0.253,cBioPortal,,False,60.8,,,,neutral,neutral,neutral,-,uncertain,uncertain,uncertain,,,,95.33,S,-0.166,0.1312,-6.9454,loss_of_function,-1.88359620720115,0.2419,benign,https://doi.org/10.1101/2022.10.22.513328
F148L,-0.3374,0.7119,1.633400829443196,Neutral,Neutral,,,Uncertain,38.2,,,,clinvar,,False,38.2,,,,neutral,neutral,neutral,DOWN,neutral,neutral,neutral,2300751,Uncertain significance,1,93.91,H,-0.3514,0.0421,-22.2361,loss_of_function,-3.90307588812229,1.0,pathogenic,https://doi.org/10.1101/2022.10.22.513328
L149V,1.39289,1.11939,1.048923326680532,Neutral,Neutral,,,Uncertain,36.9,,,0.075,cBioPortal,,False,36.9,,,,neutral,neutral,neutral,DOWN,neutral,neutral,neutral,,,,95.46,H,-0.2113,0.5519,-8.9482,loss_of_function,-3.69256688326681,0.7755,pathogenic,https://doi.org/10.1101/2022.10.22.513328
R157W,0.05843,0.43537,-0.0893588948490242,Neutral,Neutral,,,Uncertain,76.2,,,0.594,"COSMIC,clinvar",,True,76.2,,,,neutral,neutral,neutral,UP,neutral,neutral,neutral,2241737,Uncertain significance,1,96.62,H,-0.3024,1.3602,-22.2419,loss_of_function,-5.52832068644275,0.8099,pathogenic,https://doi.org/10.1101/2022.10.22.513328
H165N,1.19681,0.78401,0.8997430221040953,Neutral,Neutral,,,Uncertain,44.1,,,0.361,COSMIC,,False,44.1,,,,neutral,neutral,neutral,DOWN,neutral,neutral,neutral,,,,96.67,H,-0.0747,1.5974,-6.1555,loss_of_function,-0.675793929350146,0.4453,ambiguous,https://doi.org/10.1101/2022.10.22.513328
D166Y,20.6246,3.85408,1.3271191813051422,Destabilizing,Uncertain,,,,5.1,,,0.656,cBioPortal,,False,5.1,,,,neutral,neutral,neutral,UP,neutral,neutral,neutral,,,,95.27,-,-0.3406,0.5772,-22.239,loss_of_function,-6.39962440205193,0.9901,pathogenic,https://doi.org/10.1101/2022.10.22.513328
T167R,-2.70561,0.21905,-0.0710371654731845,Uncertain,Uncertain,,,Uncertain,83.1,,,0.395,COSMIC,,False,83.1,,,,uncertain,,,UP,neutral,neutral,neutral,,,,91.42,T,-0.1298,2.1658,-6.6409,loss_of_function,-1.01996659142922,0.1603,benign,https://doi.org/10.1101/2022.10.22.513328
E168D,-0.49287,0.41293,0.0228611425197083,Neutral,Neutral,,,Uncertain,73.6,,,0.185,cBioPortal,,False,73.6,,,,neutral,neutral,neutral,DOWN,neutral,neutral,neutral,,,,93.66,T,-0.0854,1.1095,-2.8544,loss_of_function,-0.93485308971007,0.1166,benign,https://doi.org/10.1101/2022.10.22.513328
M169I,3.16314,3.54558,0.3218269956951597,Destabilizing,Uncertain,,,Uncertain,54.9,,,0.269,cBioPortal,,False,54.9,,,,neutral,neutral,neutral,-,uncertain,uncertain,uncertain,,,,93.13,-,-0.1347,2.0031,-22.2506,loss_of_function,-3.28209699699406,0.786,pathogenic,https://doi.org/10.1101/2022.10.22.513328
V174L,0.19355,2.05544,0.6011030355061486,Uncertain,Neutral,,,,6.0,,,0.664,cBioPortal,,True,6.0,,,,neutral,neutral,neutral,UP,neutral,neutral,neutral,,,,97.92,-,-0.3429,0.0949,-22.2477,loss_of_function,-3.74268157243008,0.9791,pathogenic,https://doi.org/10.1101/2022.10.22.513328
H175Q,0.00949,-0.20816,1.0167033262361216,Neutral,Neutral,,,Uncertain,38.6,,,0.155,"cBioPortal,COSMIC",,True,38.6,,,,neutral,neutral,neutral,DOWN,neutral,neutral,neutral,,,,97.68,-,-0.0264,1.7483,-6.96,loss_of_function,-1.89773057827288,0.4394,ambiguous,https://doi.org/10.1101/2022.10.22.513328
R178G,1.27406,0.59558,1.7791205737746556,Neutral,Neutral,,,Uncertain,54.7,,,,clinvar,,False,54.7,,,,neutral,neutral,neutral,DOWN,neutral,neutral,neutral,2343667,Uncertain significance,2,97.64,E,-0.258,1.0295,-4.102,loss_of_function,-2.15582991527421,0.3297,benign,https://doi.org/10.1101/2022.10.22.513328
R178Q,1.60976,0.31429,1.0224246890652726,Neutral,Neutral,,,Uncertain,54.7,,,0.281,"cBioPortal,COSMIC",,False,54.7,,,,neutral,neutral,neutral,DOWN,neutral,neutral,neutral,,,,97.64,E,-0.2221,1.0295,-8.9599,loss_of_function,-2.16597426982823,0.1514,benign,https://doi.org/10.1101/2022.10.22.513328
F180S,4.77179,5.22721,3.616295145216154,Destabilizing,Destabilizing,,,,13.6,,,0.785,cBioPortal,,False,13.6,,,,neutral,neutral,neutral,DOWN,neutral,neutral,destabilizing,,,,98.23,E,-0.4264,0.021,-22.2477,loss_of_function,-8.34881439970443,0.9995,pathogenic,https://doi.org/10.1101/2022.10.22.513328
R183W,1.21797,0.4534,-0.1457937385677543,Neutral,Neutral,,,Uncertain,35.2,,,0.526,"cBioPortal,COSMIC",,False,35.2,,,,neutral,neutral,neutral,UP,neutral,neutral,neutral,,,,96.98,T,-0.4053,0.2433,-22.2477,loss_of_function,-6.12065464625566,0.9661,pathogenic,https://doi.org/10.1101/2022.10.22.513328
L193R,1.59045,3.2534,2.823367469145647,Uncertain,Uncertain,,,,5.0,,,0.726,COSMIC,,False,5.0,,,,neutral,neutral,neutral,UP,neutral,neutral,neutral,,,,97.59,-,-0.4998,0.0001,-22.2506,loss_of_function,-9.8415465692073,0.9958,pathogenic,https://doi.org/10.1101/2022.10.22.513328
Y195C,0.26074,-0.1483,2.100308146752312,Neutral,Uncertain,,,Uncertain,75.8,,,0.545,cBioPortal,,False,75.8,,,,uncertain,,,DOWN,neutral,neutral,destabilizing,,,,93.01,-,-0.414,0.0947,-22.2506,loss_of_function,-3.91383744649234,0.7471,pathogenic,https://doi.org/10.1101/2022.10.22.513328
N196H,5.13936,0.73673,0.4288563798843836,Uncertain,Uncertain,,,Uncertain,28.4,,,0.641,"cBioPortal,clinvar",,False,28.4,,,,neutral,neutral,neutral,UP,neutral,neutral,neutral,1801745,Uncertain significance,0,97.32,B,-0.3339,0.0001,-22.2506,loss_of_function,-9.02817695250785,0.9687,pathogenic,https://doi.org/10.1101/2022.10.22.513328
L197M,0.06804,1.96599,1.6266416804503088,Neutral,Neutral,,,,0.1,,,0.483,"cBioPortal,COSMIC",,False,0.1,,,,neutral,neutral,neutral,-,uncertain,uncertain,uncertain,,,,98.24,H,-0.2472,0.0209,-8.9628,loss_of_function,-4.84093650847906,0.9636,pathogenic,https://doi.org/10.1101/2022.10.22.513328
Y198C,1.55952,1.96973,2.1884730187815347,Neutral,Uncertain,0.23522,-0.0912,Neutral,38.9,,,0.765,"cBioPortal,COSMIC",,False,38.9,,,,uncertain,,,DOWN,neutral,neutral,neutral,,,,97.27,H,-0.3969,0.2815,-22.2506,loss_of_function,-8.06932801591054,0.9943,pathogenic,https://doi.org/10.1101/2022.10.22.513328
D199Y,-0.21002,-0.26939,-0.2882658077388972,Neutral,Neutral,2.57026,0.468,Uncertain,39.0,,,0.675,"cBioPortal,COSMIC",,False,39.0,,,,neutral,neutral,neutral,UP,neutral,neutral,neutral,,,,96.36,H,-0.3825,0.1226,-22.2506,loss_of_function,-7.64790615559169,0.9891,pathogenic,https://doi.org/10.1101/2022.10.22.513328
R202C,1.06768,0.69456,1.372077686399931,Neutral,Neutral,1.9907,-0.14291,Uncertain,63.7,,1.2030798845e-05,0.68,cBioPortal,,True,63.7,,,,neutral,neutral,neutral,DOWN,neutral,neutral,neutral,,,,96.92,H,-0.407,0.1275,-22.2477,loss_of_function,-6.31872566726614,0.9297,pathogenic,https://doi.org/10.1101/2022.10.22.513328
R202H,0.78443,0.89354,0.4215675333352375,Neutral,Neutral,2.3567,-0.08754,Uncertain,63.7,,4.0140652848e-06,0.654,cBioPortal,,True,63.7,,,,neutral,neutral,neutral,DOWN,neutral,neutral,neutral,,,,96.92,H,-0.3679,0.1275,-22.2477,loss_of_function,-6.4772254219228,0.9318,pathogenic,https://doi.org/10.1101/2022.10.22.513328
H205Q,-0.12757,-0.01769,0.5983510303136793,Neutral,Neutral,,,Uncertain,91.9,,,0.067,"cBioPortal,COSMIC",,True,91.9,,,,neutral,neutral,neutral,DOWN,neutral,neutral,neutral,,,,97.13,T,-0.0898,1.1148,-7.9599,loss_of_function,-1.59969343466617,0.2956,benign,https://doi.org/10.1101/2022.10.22.513328
F206L,0.84447,1.17381,0.4009063010282426,Neutral,Neutral,,,Uncertain,47.2,,,0.517,cBioPortal,,True,47.2,,,,neutral,neutral,neutral,DOWN,neutral,neutral,neutral,,,,97.51,T,-0.3535,0.0209,-22.2506,loss_of_function,-5.63862724231717,0.9997,pathogenic,https://doi.org/10.1101/2022.10.22.513328
R207C,0.27114,0.66429,1.032457741422208,Neutral,Neutral,,,Uncertain,70.8,0.0001592255270365,3.61164394006e-05,0.326,"cBioPortal,COSMIC",,True,70.8,,,,neutral,neutral,neutral,DOWN,neutral,neutral,neutral,,,,97.23,S,-0.3874,0.3411,-22.2506,loss_of_function,-3.72941321624967,0.5928,pathogenic,https://doi.org/10.1101/2022.10.22.513328
R207H,0.65187,0.53776,0.1269018627133994,Neutral,Neutral,,,Uncertain,70.8,3.18511912346e-05,4.0100089824e-06,0.183,"cBioPortal,COSMIC",,True,70.8,,,,neutral,neutral,neutral,DOWN,neutral,neutral,neutral,,,,97.23,S,-0.2616,0.3411,-5.2625,loss_of_function,-2.6778023163792,0.3097,benign,https://doi.org/10.1101/2022.10.22.513328
G208C,10.8008,8.26599,4.953501877516076,Destabilizing,Destabilizing,,,,0.0,,,0.644,"cBioPortal,COSMIC",,True,0.0,,,,neutral,neutral,neutral,UP,neutral,neutral,neutral,,,,97.53,-,-0.4435,0.0001,-22.2535,loss_of_function,-6.45591415328153,0.9996,pathogenic,https://doi.org/10.1101/2022.10.22.513328
V209I,-1.08545,0.03231,0.1638972657390719,Neutral,Neutral,,,,7.2,,,,clinvar,,True,7.2,,,,neutral,neutral,neutral,UP,neutral,neutral,neutral,208913,Benign,0,97.73,-,-0.2866,0.0001,-22.2535,loss_of_function,-1.34545025462838,0.5785,pathogenic,https://doi.org/10.1101/2022.10.22.513328
S210L,0.19564,0.49388,-0.5154154963194718,Neutral,Neutral,,,Uncertain,41.5,,,0.467,"cBioPortal,COSMIC",,True,41.5,,,,uncertain,,,UP,neutral,neutral,neutral,,,,97.59,-,-0.358,0.0001,-22.2535,loss_of_function,-5.90558206940693,0.9987,pathogenic,https://doi.org/10.1101/2022.10.22.513328
L211Q,2.21968,3.42143,3.2828667452640423,Uncertain,Uncertain,,,,0.0,,,0.593,cBioPortal,,True,0.0,,,,neutral,neutral,neutral,DOWN,neutral,neutral,neutral,,,,97.8,H,-0.4342,0.0673,-22.2535,loss_of_function,-5.37819772250753,0.9985,pathogenic,https://doi.org/10.1101/2022.10.22.513328
R215Q,0.34893,1.31429,1.9026997809450448,Neutral,Neutral,,,Uncertain,26.4,,4.0057041227e-06,0.595,cBioPortal,,True,26.4,,,,neutral,neutral,neutral,DOWN,neutral,neutral,neutral,,,,98.25,H,-0.3557,0.3153,-22.2535,loss_of_function,-5.20160962434432,0.9477,pathogenic,https://doi.org/10.1101/2022.10.22.513328
R215W,1.40065,0.48333,0.951373307391526,Neutral,Neutral,,,Uncertain,26.4,,4.0047416141e-06,0.622,COSMIC,,True,26.4,,,,neutral,neutral,neutral,UP,neutral,neutral,neutral,,,,98.25,H,-0.3987,0.3153,-22.2535,loss_of_function,-6.50871759433333,0.9933,pathogenic,https://doi.org/10.1101/2022.10.22.513328
A218S,2.30629,2.28299,1.4325665641882903,Uncertain,Uncertain,,,,0.0,,,0.478,COSMIC,,True,0.0,,,,neutral,neutral,neutral,-,uncertain,uncertain,uncertain,,,,98.72,H,-0.2114,0.2842,-8.9628,loss_of_function,-1.45144801446506,0.3742,ambiguous,https://doi.org/10.1101/2022.10.22.513328
A218T,3.29374,2.21361,1.1512215149678242,Uncertain,Uncertain,,,,0.0,,,0.498,cBioPortal,,True,0.0,,,,neutral,neutral,neutral,UP,neutral,neutral,neutral,,,,98.72,H,-0.2852,0.2842,-22.2506,loss_of_function,-2.77467432209522,0.8512,pathogenic,https://doi.org/10.1101/2022.10.22.513328
Q219K,-0.26409,-0.03129,0.0065328197681341,Neutral,Neutral,,,Uncertain,65.2,,,0.331,COSMIC,,False,65.2,,,,neutral,neutral,neutral,UP,neutral,neutral,neutral,,,,98.47,H,-0.2349,0.2751,-7.9628,loss_of_function,-2.97087744518719,0.8661,pathogenic,https://doi.org/10.1101/2022.10.22.513328
C222Y,8.47927,3.0432,2.11391241690321,Destabilizing,Uncertain,,,,0.0,,,0.627,"cBioPortal,COSMIC",,True,0.0,,,,neutral,neutral,neutral,UP,neutral,neutral,neutral,,,,98.73,H,-0.4417,0.5889,-22.2506,loss_of_function,-5.25504323585734,0.9983,pathogenic,https://doi.org/10.1101/2022.10.22.513328
T223M,-2.29023,0.28197,-0.3317433071714393,Uncertain,Uncertain,,,Uncertain,30.5,,0.000119995200192,0.401,"cBioPortal,clinvar",,True,30.5,,,,uncertain,,,UP,neutral,neutral,neutral,2170851,Likely benign,1,98.62,H,-0.2291,0.6249,-6.3779,loss_of_function,-1.72026488111658,0.3505,ambiguous,https://doi.org/10.1101/2022.10.22.513328
A224L,2.66466,0.18946,4.737877533320392,Uncertain,Uncertain,,,,0.1,,,,cBioPortal,,True,0.1,,,,neutral,neutral,neutral,UP,neutral,neutral,neutral,,,,98.78,H,-0.3461,0.4231,-22.2506,loss_of_function,-7.25793098574245,0.9812,pathogenic,https://doi.org/10.1101/2022.10.22.513328
A224T,0.98873,0.79286,2.378042906550659,Neutral,Uncertain,,,,0.1,,,0.475,cBioPortal,,True,0.1,,,,neutral,neutral,neutral,UP,neutral,neutral,neutral,,,,98.78,H,-0.1793,0.4231,-4.0087,loss_of_function,-2.24323815481238,0.8971,pathogenic,https://doi.org/10.1101/2022.10.22.513328
L226P,7.57444,10.79864,8.953342948114642,Destabilizing,Destabilizing,,,Uncertain,43.3,,,0.619,"cBioPortal,COSMIC",,True,43.3,,,,neutral,neutral,neutral,DOWN,neutral,neutral,neutral,,,,98.51,H,-0.4374,0.7121,-22.2506,loss_of_function,-7.2481139714059,0.995,pathogenic,https://doi.org/10.1101/2022.10.22.513328
L228V,3.04804,2.21224,2.439301220456057,Uncertain,Uncertain,,,,1.1,,,,cBioPortal,,True,1.1,,,,neutral,neutral,neutral,DOWN,neutral,neutral,neutral,,,,98.32,H,-0.328,0.0209,-22.2506,loss_of_function,-4.61060252995883,0.978,pathogenic,https://doi.org/10.1101/2022.10.22.513328
A229S,-0.44637,0.29048,0.7529793851211871,Neutral,Neutral,,,Uncertain,25.3,,,0.232,cBioPortal,,True,25.3,,,,neutral,neutral,neutral,-,uncertain,uncertain,uncertain,,,,97.85,T,-0.0885,1.1801,-1.0352,loss_of_function,-1.10258473052396,0.1028,benign,https://doi.org/10.1101/2022.10.22.513328
T230A,1.66596,0.0619,0.4419634421524782,Neutral,Neutral,,,Uncertain,42.0,,,0.276,cBioPortal,,True,42.0,,,,uncertain,,,DOWN,neutral,neutral,neutral,,,,97.7,S,-0.1492,1.0621,-7.3721,loss_of_function,-1.56677227570171,0.2086,benign,https://doi.org/10.1101/2022.10.22.513328
T230M,-0.27279,-0.64762,-0.2669039951230101,Neutral,Neutral,,,Uncertain,42.0,3.18349675283e-05,3.9906459259e-06,0.38,cBioPortal,,True,42.0,,,,uncertain,,,UP,neutral,neutral,neutral,,,,97.7,S,-0.2699,1.0621,-22.2448,loss_of_function,-3.42049142672747,0.3545,ambiguous,https://doi.org/10.1101/2022.10.22.513328
P231L,1.53656,0.79184,-0.7306075502056769,Neutral,Neutral,,,Uncertain,81.1,,,0.479,COSMIC,,True,81.1,,,,neutral,neutral,neutral,UP,neutral,neutral,neutral,,,,95.85,T,-0.3339,0.4619,-22.2448,loss_of_function,-6.51063910900123,0.871,pathogenic,https://doi.org/10.1101/2022.10.22.513328
S234N,-1.24818,-1.44116,-0.214903610848095,Neutral,Neutral,,,Uncertain,33.0,,,0.137,"cBioPortal,COSMIC",,True,33.0,,,,uncertain,,,UP,neutral,neutral,neutral,,,,97.05,-,-0.0724,1.3447,-1.3453,loss_of_function,-0.698731663215754,0.1835,benign,https://doi.org/10.1101/2022.10.22.513328
H237Y,6.76073,0.30306,-0.0977630042709054,Uncertain,Uncertain,,,,0.0,,,0.766,cBioPortal,,True,0.0,,,,neutral,neutral,neutral,UP,neutral,neutral,neutral,,,,97.82,-,-0.2689,0.0001,-22.2477,loss_of_function,-6.04365965061488,0.999,pathogenic,https://doi.org/10.1101/2022.10.22.513328
C238Y,7.26292,9.16293,1.1234404258086377,Destabilizing,Uncertain,-0.12986,-0.10198,Neutral,1.0,,,0.718,cBioPortal,,False,1.0,,,,neutral,neutral,neutral,UP,neutral,neutral,neutral,,,,97.37,S,-0.4896,0.0675,-22.2477,loss_of_function,-9.32783280738045,0.9999,pathogenic,https://doi.org/10.1101/2022.10.22.513328
E243K,-0.26334,0.34864,0.2335526280205729,Neutral,Neutral,-0.3602,0.04384,Neutral,46.0,,,0.667,"cBioPortal,COSMIC",,False,46.0,,,,neutral,neutral,neutral,UP,neutral,neutral,neutral,,,,96.89,G,-0.3427,0.0001,-22.2477,loss_of_function,-8.69212706863041,0.9991,pathogenic,https://doi.org/10.1101/2022.10.22.513328
L247R,0.94761,4.89626,1.8252340123874933,Uncertain,Neutral,,,,5.7,,,0.881,"cBioPortal,COSMIC",,False,5.7,,,,neutral,neutral,neutral,UP,neutral,neutral,neutral,,,,98.12,E,-0.4997,0.0001,-22.2477,loss_of_function,-9.09071209554154,0.9976,pathogenic,https://doi.org/10.1101/2022.10.22.513328
C248Y,-1.60828,2.18163,-0.0667604335090832,Uncertain,Neutral,,,Uncertain,31.0,,,0.501,COSMIC,,False,31.0,,,,neutral,neutral,neutral,UP,neutral,neutral,neutral,,,,97.28,S,-0.4783,0.1907,-22.2477,loss_of_function,-4.40755216478927,0.9893,pathogenic,https://doi.org/10.1101/2022.10.22.513328
P250R,2.02829,1.46871,-0.1797281464166178,Uncertain,Uncertain,,,Uncertain,45.0,,,0.441,"cBioPortal,COSMIC",,True,45.0,,,,neutral,neutral,neutral,UP,neutral,neutral,neutral,,,,91.3,T,-0.3832,0.1562,-22.2506,loss_of_function,-4.26186875928445,0.9846,pathogenic,https://doi.org/10.1101/2022.10.22.513328
R252C,0.79679,0.7585,0.909837656611053,Neutral,Neutral,,,Uncertain,81.3,,3.9806381759e-06,0.482,COSMIC,,True,81.3,,,,neutral,neutral,neutral,DOWN,neutral,neutral,neutral,,,,95.14,S,-0.4082,0.1156,-22.2506,loss_of_function,-4.40990127201057,0.989,pathogenic,https://doi.org/10.1101/2022.10.22.513328
R252H,0.72842,0.44966,-0.1327842776906401,Neutral,Neutral,,,Uncertain,81.3,,3.1845358937e-05,0.432,cBioPortal,,True,81.3,,,,neutral,neutral,neutral,DOWN,neutral,neutral,neutral,,,,95.14,S,-0.3012,0.1156,-8.9628,loss_of_function,-4.06138665697003,0.9585,pathogenic,https://doi.org/10.1101/2022.10.22.513328
S253N,0.19808,0.33231,-0.7552809335442062,Neutral,Neutral,,,Uncertain,34.6,,,0.251,COSMIC,,True,34.6,,,,uncertain,,,UP,neutral,neutral,neutral,,,,95.76,-,-0.3009,0.0209,-22.2506,loss_of_function,-4.20341260126206,0.9944,pathogenic,https://doi.org/10.1101/2022.10.22.513328
A254D,-0.01908,0.13878,-0.0240212093607594,Neutral,Neutral,,,Uncertain,60.1,,,0.576,"cBioPortal,COSMIC",,True,60.1,,,,neutral,neutral,neutral,UP,neutral,neutral,neutral,,,,97.86,-,-0.3795,0.4663,-22.2506,loss_of_function,-3.23577467216888,0.9929,pathogenic,https://doi.org/10.1101/2022.10.22.513328
A254T,-0.06567,-0.13912,-0.0365805162771892,Neutral,Neutral,,,Uncertain,60.1,3.1843077315e-05,7.9624173899e-06,0.423,cBioPortal,,True,60.1,,,,neutral,neutral,neutral,UP,neutral,neutral,neutral,,,,97.86,-,-0.1823,0.4663,-5.3779,loss_of_function,-1.46405784050362,0.724,pathogenic,https://doi.org/10.1101/2022.10.22.513328
I255F,4.44035,1.24456,1.0809526101343074,Uncertain,Uncertain,,,,0.0,,,0.737,"cBioPortal,COSMIC",,False,0.0,,,,neutral,neutral,neutral,UP,neutral,neutral,neutral,,,,98.63,E,-0.3838,0.0378,-22.2506,loss_of_function,-6.56133340119465,0.9923,pathogenic,https://doi.org/10.1101/2022.10.22.513328
I255V,1.29333,0.79932,1.4042244820593082,Neutral,Neutral,,,,0.0,,,0.22,"cBioPortal,COSMIC",,False,0.0,,,,neutral,neutral,neutral,DOWN,neutral,neutral,neutral,,,,98.63,E,-0.1953,0.0378,-7.9628,loss_of_function,-1.66172558754422,0.3615,ambiguous,https://doi.org/10.1101/2022.10.22.513328
I257N,3.2794,2.48299,3.2260334014755534,Uncertain,Destabilizing,,,,0.0,,,0.692,"cBioPortal,COSMIC",,False,0.0,,,,neutral,neutral,neutral,DOWN,neutral,neutral,neutral,,,,98.69,E,-0.4371,0.2863,-22.2506,loss_of_function,-8.79798650279162,0.999,pathogenic,https://doi.org/10.1101/2022.10.22.513328
F260L,2.85805,2.82517,2.4062841846501706,Uncertain,Uncertain,,,,0.1,,,0.589,"cBioPortal,COSMIC",,False,0.1,,,,neutral,neutral,neutral,DOWN,neutral,neutral,neutral,,,,95.5,G,-0.3516,0.0418,-22.2506,loss_of_function,-4.13118117720961,0.9998,pathogenic,https://doi.org/10.1101/2022.10.22.513328
G261C,-0.54089,-0.70272,0.8920685272923731,Neutral,Neutral,,,Uncertain,25.7,,,0.936,"cBioPortal,COSMIC",,False,25.7,,,,neutral,neutral,neutral,UP,neutral,neutral,neutral,,,,91.14,G,-0.4415,0.0209,-22.2506,loss_of_function,-4.28718601238054,0.9998,pathogenic,https://doi.org/10.1101/2022.10.22.513328
S263F,27.4049,14.76122,4.598574794024889,Destabilizing,Destabilizing,,,,0.0,,,0.788,"cBioPortal,COSMIC",,False,0.0,,,,uncertain,,,UP,neutral,neutral,neutral,,,,94.63,-,-0.3548,0.0418,-22.2506,loss_of_function,-9.18655073123586,0.9999,pathogenic,https://doi.org/10.1101/2022.10.22.513328
C264R,2.23855,5.6381,0.6931115250667638,Uncertain,Uncertain,,,,14.1,,,0.601,cBioPortal,,False,14.1,,,,neutral,neutral,neutral,UP,neutral,neutral,neutral,,,,93.78,E,-0.5394,0.0586,-22.2506,loss_of_function,-7.46314711777552,0.9992,pathogenic,https://doi.org/10.1101/2022.10.22.513328
L266F,0.72258,1.25612,0.6514868422058492,Neutral,Neutral,,,Uncertain,43.1,,,0.359,cBioPortal,,False,43.1,,,,neutral,neutral,neutral,UP,neutral,neutral,neutral,,,,89.37,T,-0.275,0.8481,-22.2506,loss_of_function,-4.99294956083525,0.7674,pathogenic,https://doi.org/10.1101/2022.10.22.513328
Y271H,0.95823,1.67857,0.4007815981973611,Neutral,Neutral,,,Uncertain,57.0,,,0.426,COSMIC,P,True,57.0,-0.275,,,damaging,neutral,potentially_damaging,DOWN,neutral,neutral,mixed_effects,,,,83.48,-,-0.354,0.0628,-22.2448,loss_of_function,-3.41123863394235,0.9973,pathogenic,https://doi.org/10.1101/2022.10.22.513328
Q272H,0.24053,0.25374,-0.1032938696618096,Neutral,Neutral,-0.00026,0.05953,Neutral,107.8,,,0.202,"cBioPortal,COSMIC",,True,107.8,,,,neutral,neutral,neutral,UP,neutral,neutral,neutral,,,,84.75,S,-0.1584,0.5349,-3.9542,loss_of_function,-2.24837595153903,0.8502,pathogenic,https://doi.org/10.1101/2022.10.22.513328
I274M,1.62843,2.08844,1.226495311728621,Uncertain,Neutral,0.02054,0.13243,Neutral,8.5,,,0.494,COSMIC,,True,8.5,,,,neutral,neutral,neutral,-,uncertain,uncertain,uncertain,,,,93.11,-,-0.2439,0.059,-8.9511,loss_of_function,-5.22840586870677,0.9955,pathogenic,https://doi.org/10.1101/2022.10.22.513328
Q275R,2.26404,5.67959,0.8126261971004214,Uncertain,Uncertain,-0.27044,0.02615,Neutral,0.7,,,0.638,"cBioPortal,COSMIC",,True,0.7,,,,neutral,neutral,neutral,UP,neutral,neutral,neutral,,,,97.24,S,-0.3316,0.0001,-22.239,loss_of_function,-9.38179129956451,0.9987,pathogenic,https://doi.org/10.1101/2022.10.22.513328
R277C,0.83476,1.17925,2.062566084506982,Neutral,Uncertain,1.89976,0.85125,Uncertain,38.8,,,0.637,cBioPortal,,False,38.8,,,,neutral,neutral,neutral,DOWN,neutral,neutral,neutral,,,,98.06,G,-0.4187,0.0001,-22.2419,loss_of_function,-7.84749268327879,0.9994,pathogenic,https://doi.org/10.1101/2022.10.22.513328
R277H,1.89085,0.64592,1.1364541250846816,Neutral,Neutral,1.97894,0.67125,Uncertain,38.8,,,0.638,"cBioPortal,COSMIC",,False,38.8,,,,neutral,neutral,neutral,DOWN,neutral,neutral,neutral,,,,98.06,G,-0.3796,0.0001,-22.2419,loss_of_function,-8.75579182881179,0.9991,pathogenic,https://doi.org/10.1101/2022.10.22.513328
R280H,11.22236,4.41156,1.5766018977075984,Destabilizing,Uncertain,0.2695,0.28257,Neutral,1.8,,3.981557426e-06,0.615,"cBioPortal,COSMIC",,True,1.8,,,,neutral,neutral,neutral,DOWN,neutral,neutral,neutral,,,,98.69,-,-0.3758,0.0419,-22.2448,loss_of_function,-9.63186637577918,0.9995,pathogenic,https://doi.org/10.1101/2022.10.22.513328
E283Q,3.95077,0.48435,1.2911472153075088,Uncertain,Uncertain,,,,0.6,,,0.658,cBioPortal,,True,0.6,,,,neutral,neutral,neutral,UP,neutral,neutral,neutral,,,,97.88,H,-0.2234,0.021,-8.957,loss_of_function,-6.04365965061488,0.9908,pathogenic,https://doi.org/10.1101/2022.10.22.513328
L286P,7.39849,12.14592,8.573304200573686,Destabilizing,Destabilizing,,,,0.0,,,0.691,cBioPortal,,True,0.0,,,,neutral,neutral,neutral,DOWN,neutral,neutral,neutral,,,,97.72,H,-0.4923,0.1158,-22.2477,loss_of_function,-9.9303296425553,0.9991,pathogenic,https://doi.org/10.1101/2022.10.22.513328
D291N,2.25822,0.05136,0.5773215012521845,Uncertain,Uncertain,,,Uncertain,50.0,6.37389253617e-05,7.9563989338e-06,0.143,COSMIC,,True,50.0,,,,neutral,neutral,neutral,-,uncertain,uncertain,uncertain,,,,96.25,-,-0.1918,0.3958,-5.1497,loss_of_function,-1.44740350336062,0.3873,ambiguous,https://doi.org/10.1101/2022.10.22.513328
A293D,2.53021,2.70306,1.5346048122983729,Uncertain,Uncertain,,,Uncertain,20.6,,,0.639,"cBioPortal,COSMIC",,False,20.6,,,,neutral,neutral,neutral,UP,neutral,neutral,neutral,,,,98.34,H,-0.3814,0.4449,-22.2448,loss_of_function,-5.65979159144824,0.9828,pathogenic,https://doi.org/10.1101/2022.10.22.513328
A293T,0.32031,0.70238,0.9055712259920224,Neutral,Neutral,,,Uncertain,20.6,,,0.432,cBioPortal,,False,20.6,,,,neutral,neutral,neutral,UP,neutral,neutral,neutral,,,,98.34,H,-0.2704,0.4449,-22.2448,loss_of_function,-4.0476051557664,0.8737,pathogenic,https://doi.org/10.1101/2022.10.22.513328
D295G,1.86783,4.44456,2.8881397819992025,Uncertain,Uncertain,,,,2.5,,,0.856,cBioPortal,,False,2.5,,,,neutral,neutral,neutral,DOWN,neutral,neutral,neutral,,,,98.78,H,-0.3598,0.0001,-22.2419,loss_of_function,-10.072698536758,0.9997,pathogenic,https://doi.org/10.1101/2022.10.22.513328
W297R,5.66893,7.20442,6.698466088057384,Destabilizing,Destabilizing,,,,0.0,,,0.643,"cBioPortal,COSMIC",,False,0.0,,,,neutral,neutral,neutral,DOWN,neutral,neutral,neutral,,,,98.92,H,-0.5604,0.0001,-22.2419,loss_of_function,-10.0726816480755,0.9999,pathogenic,https://doi.org/10.1101/2022.10.22.513328
G300S,1.1559,3.36939,2.0663896840762206,Uncertain,Uncertain,,,,0.0,,,0.762,"cBioPortal,COSMIC",,False,0.0,,,,neutral,neutral,neutral,UP,neutral,neutral,neutral,,,,98.87,H,-0.3039,0.1066,-7.3692,loss_of_function,-4.19734999099101,0.9842,pathogenic,https://doi.org/10.1101/2022.10.22.513328
C301G,1.45891,2.61939,3.1914691495763767,Uncertain,Uncertain,0.03824,-0.0778,Neutral,2.0,,,0.639,"cBioPortal,COSMIC",,False,2.0,,,,neutral,neutral,neutral,DOWN,neutral,neutral,neutral,,,,98.9,H,-0.4782,0.0742,-22.2448,loss_of_function,-7.72857850475153,0.9813,pathogenic,https://doi.org/10.1101/2022.10.22.513328
I302F,2.05634,2.69184,1.951745880417363,Uncertain,Uncertain,-0.04366,0.12028,Neutral,0.2,,,0.572,cBioPortal,,False,0.2,,,,neutral,neutral,neutral,UP,neutral,neutral,neutral,,,,98.9,H,-0.3834,0.0419,-22.2448,loss_of_function,-7.80007934327906,0.9968,pathogenic,https://doi.org/10.1101/2022.10.22.513328
L303P,7.28205,13.40272,8.924793698919672,Destabilizing,Destabilizing,,,,0.1,,,0.602,cBioPortal,,False,0.1,,,,neutral,neutral,neutral,DOWN,neutral,neutral,neutral,,,,98.89,H,-0.501,0.021,-22.2448,loss_of_function,-8.91984787102866,0.9997,pathogenic,https://doi.org/10.1101/2022.10.22.513328
T308A,2.31083,1.72381,0.7612249594469883,Uncertain,Uncertain,,,,3.2,,,0.382,cBioPortal,,False,3.2,,,,uncertain,,,DOWN,neutral,neutral,neutral,,,,98.37,H,-0.3135,0.1008,-22.2419,loss_of_function,-4.53473368848288,0.7957,pathogenic,https://doi.org/10.1101/2022.10.22.513328
T308N,1.50045,2.20476,0.9377622786339942,Uncertain,Neutral,,,,3.2,,,0.359,cBioPortal,,False,3.2,,,,uncertain,,,-,uncertain,uncertain,uncertain,,,,98.37,H,-0.3691,0.1008,-22.2419,loss_of_function,-6.25082758480931,0.9636,pathogenic,https://doi.org/10.1101/2022.10.22.513328
E310A,0.133,0.48367,0.5592789247555169,Neutral,Neutral,-0.00972,-0.17079,Neutral,70.3,,,0.435,cBioPortal,,False,70.3,,,,neutral,neutral,neutral,DOWN,neutral,neutral,neutral,,,,97.38,S,-0.3118,0.0968,-22.2419,loss_of_function,-4.71833253834251,0.9065,pathogenic,https://doi.org/10.1101/2022.10.22.513328
S314N,0.20145,-0.65238,0.1852724313404941,Neutral,Neutral,-0.052,0.08262,Neutral,42.9,,,0.218,cBioPortal,,False,42.9,,,,uncertain,,,UP,neutral,neutral,neutral,,,,96.78,-,-0.1617,0.6855,-6.9571,loss_of_function,-1.72739866427424,0.7841,pathogenic,https://doi.org/10.1101/2022.10.22.513328
G315D,18.26596,6.04558,6.112267837614085,Destabilizing,Destabilizing,-0.06694,0.70941,Neutral,0.0,,,0.812,"cBioPortal,COSMIC",,False,0.0,,,,neutral,neutral,neutral,UP,neutral,neutral,neutral,,,,96.01,-,-0.444,0.0001,-22.2448,loss_of_function,-6.8471480174431,0.9998,pathogenic,https://doi.org/10.1101/2022.10.22.513328
G315V,18.46952,0.93061,6.381379221162957,Uncertain,Destabilizing,0.01812,0.98429,Neutral,0.0,,,0.851,cBioPortal,,False,0.0,,,,neutral,neutral,neutral,UP,neutral,neutral,neutral,,,,96.01,-,-0.4705,0.0001,-22.2448,loss_of_function,-7.5189422776486,0.9995,pathogenic,https://doi.org/10.1101/2022.10.22.513328
S316C,-0.02462,0.75068,0.3472523566117297,Neutral,Neutral,-0.0224,0.12963,Neutral,68.7,,,0.312,"cBioPortal,COSMIC",,False,68.7,,,,uncertain,,,UP,neutral,neutral,neutral,,,,94.43,S,-0.0663,1.8101,-3.0029,loss_of_function,-0.935014390146255,0.1209,benign,https://doi.org/10.1101/2022.10.22.513328
D320N,3.47637,3.04524,1.008575538907687,Destabilizing,Uncertain,-0.11752,0.06288,Neutral,4.0,,,0.303,"cBioPortal,COSMIC",,False,4.0,,,,neutral,neutral,neutral,-,uncertain,uncertain,uncertain,,,,94.95,H,-0.3115,0.0421,-22.239,loss_of_function,-3.80330582559915,0.9753,pathogenic,https://doi.org/10.1101/2022.10.22.513328
R324H,-0.20371,1.12857,1.579491134047373,Neutral,Neutral,,,Uncertain,24.0,,3.9919522243e-06,0.331,cBioPortal,,True,24.0,,,,neutral,neutral,neutral,DOWN,neutral,neutral,neutral,,,,96.2,H,-0.2312,0.8767,-8.9511,loss_of_function,-3.38412028861555,0.5988,pathogenic,https://doi.org/10.1101/2022.10.22.513328
E327Q,1.17392,1.66905,-0.1981339125965819,Neutral,Neutral,,,,10.9,,,0.302,"cBioPortal,COSMIC",,True,10.9,,,,neutral,neutral,neutral,UP,neutral,neutral,neutral,,,,96.32,H,-0.2912,0.0211,-22.239,loss_of_function,-3.12702897110305,0.801,pathogenic,https://doi.org/10.1101/2022.10.22.513328
V328M,-1.58494,1.62415,1.7675523041826326,Neutral,Neutral,,,,0.2,,,0.28,cBioPortal,,False,0.2,,,,neutral,neutral,neutral,UP,neutral,neutral,neutral,,,,97.64,H,-0.3572,0.038,-22.239,loss_of_function,-2.86722242386087,0.888,pathogenic,https://doi.org/10.1101/2022.10.22.513328
G330C,3.57379,4.75476,1.7753817712985391,Destabilizing,Uncertain,,,Uncertain,37.9,,,0.685,"cBioPortal,COSMIC",,False,37.9,,,,neutral,neutral,neutral,UP,neutral,neutral,neutral,,,,97.38,-,-0.4298,0.1479,-22.2361,loss_of_function,-7.1777775491806,0.9719,pathogenic,https://doi.org/10.1101/2022.10.22.513328
P332Q,5.64206,1.98776,0.9245905878219762,Uncertain,Uncertain,,,,0.0,,,0.482,COSMIC,,False,0.0,,,,neutral,neutral,neutral,UP,neutral,neutral,neutral,,,,97.7,-,-0.3473,0.0956,-22.2361,loss_of_function,-7.38355265898248,0.9989,pathogenic,https://doi.org/10.1101/2022.10.22.513328
P332S,3.80949,2.34354,2.036977492477672,Uncertain,Uncertain,,,,0.0,,,0.442,"cBioPortal,COSMIC",,False,0.0,,,,neutral,neutral,neutral,DOWN,neutral,neutral,neutral,,,,97.7,-,-0.3186,0.0956,-22.2361,loss_of_function,-6.60521015471948,0.9961,pathogenic,https://doi.org/10.1101/2022.10.22.513328
P333L,2.95832,1.10884,-0.431688942065207,Uncertain,Uncertain,,,Uncertain,49.2,,3.9887676304e-06,0.394,COSMIC,,False,49.2,,,,neutral,neutral,neutral,UP,neutral,neutral,neutral,,,,96.43,-,-0.2913,0.133,-7.9541,loss_of_function,-2.85247560792127,0.9232,pathogenic,https://doi.org/10.1101/2022.10.22.513328
A335T,0.19593,0.32687,0.1087936879792111,Neutral,Neutral,,,Uncertain,87.7,,1.19675440206e-05,0.093,"cBioPortal,COSMIC",,False,87.7,,,,neutral,neutral,neutral,UP,neutral,neutral,neutral,,,,94.28,H,-0.026,2.2753,-7.3692,loss_of_function,-0.854492317936379,0.083,benign,https://doi.org/10.1101/2022.10.22.513328
A335V,0.08116,0.31667,-0.0214244051661621,Neutral,Neutral,,,Uncertain,87.7,,3.9893723122e-06,0.053,cBioPortal,,False,87.7,,,,neutral,neutral,neutral,UP,neutral,neutral,neutral,,,,94.28,H,-0.0989,2.2753,-22.2419,loss_of_function,-2.77758036560134,0.1041,benign,https://doi.org/10.1101/2022.10.22.513328
L337V,2.30344,2.74626,2.8160602811504085,Uncertain,Uncertain,,,,0.0,,,0.102,"cBioPortal,COSMIC",,False,0.0,,,,neutral,neutral,neutral,DOWN,neutral,neutral,neutral,,,,97.29,H,-0.2173,0.4869,-8.9541,loss_of_function,-2.70260931404159,0.3539,ambiguous,https://doi.org/10.1101/2022.10.22.513328
A340V,5.23892,3.55782,2.412989038349528,Destabilizing,Uncertain,,,,0.0,,,0.534,COSMIC,,False,0.0,,,,neutral,neutral,neutral,UP,neutral,neutral,neutral,,,,96.53,-,-0.1885,0.5648,-8.9541,loss_of_function,-2.25694049097533,0.8687,pathogenic,https://doi.org/10.1101/2022.10.22.513328
P341L,2.11096,0.43163,-1.3297805370824494,Uncertain,Uncertain,,,Uncertain,63.0,,,0.421,cBioPortal,,False,63.0,,,,neutral,neutral,neutral,UP,neutral,neutral,neutral,,,,96.61,T,-0.1519,1.7031,-8.9511,loss_of_function,-3.31388527659449,0.3681,ambiguous,https://doi.org/10.1101/2022.10.22.513328
R344C,1.03196,0.32755,0.9757863934748936,Neutral,Neutral,,,Uncertain,93.7,0.0001276324186343,1.59455300693e-05,0.415,"cBioPortal,COSMIC",,False,93.7,,,,neutral,neutral,neutral,DOWN,neutral,neutral,neutral,,,,95.21,H,-0.3211,1.0614,-22.2361,loss_of_function,-3.30959546284972,0.3978,ambiguous,https://doi.org/10.1101/2022.10.22.513328
R344H,0.66161,-0.37551,-0.1001990501894317,Neutral,Neutral,,,Uncertain,93.7,9.56998851601e-05,4.38575506754e-05,0.26,COSMIC,,False,93.7,,,,neutral,neutral,neutral,DOWN,neutral,neutral,neutral,,,,95.21,H,-0.1921,1.0614,-4.6264,loss_of_function,-1.59756584556546,0.2383,benign,https://doi.org/10.1101/2022.10.22.513328
R344L,0.14208,-0.87755,-0.213105987903458,Neutral,Neutral,,,Uncertain,93.7,,,0.459,cBioPortal,,False,93.7,,,,neutral,neutral,neutral,DOWN,neutral,neutral,neutral,,,,95.21,H,-0.2468,1.0614,-8.9482,loss_of_function,-3.21374611272578,0.5587,ambiguous,https://doi.org/10.1101/2022.10.22.513328
K345N,0.59595,0.20782,0.5630404931286603,Neutral,Neutral,,,Uncertain,48.1,,,0.057,"cBioPortal,COSMIC",,False,48.1,,,,neutral,neutral,neutral,DOWN,neutral,neutral,neutral,,,,95.15,H,-0.3178,0.249,-22.2302,loss_of_function,-3.10859900631488,0.9874,pathogenic,https://doi.org/10.1101/2022.10.22.513328
R349Q,1.08488,0.12449,1.1130687436952094,Neutral,Neutral,,,Uncertain,63.8,,7.9768352704e-06,0.091,cBioPortal,,True,63.8,,,,neutral,neutral,neutral,DOWN,neutral,neutral,neutral,,,,93.23,E,-0.1935,1.1544,-5.6147,loss_of_function,-1.5118737512598,0.1409,benign,https://doi.org/10.1101/2022.10.22.513328
R349W,1.0899,-0.66122,-0.005837161903493,Neutral,Neutral,,,Uncertain,63.8,,3.9882267546e-06,0.225,"cBioPortal,COSMIC",,True,63.8,,,,neutral,neutral,neutral,UP,neutral,neutral,neutral,,,,93.23,E,-0.3213,1.1544,-22.2244,loss_of_function,-4.06620782263576,0.3524,ambiguous,https://doi.org/10.1101/2022.10.22.513328
G352A,-0.07526,-0.39184,-0.1483882637804751,Neutral,Neutral,,,Uncertain,125.5,0.0002233282286881,0.0005908372323268,0.056,cBioPortal,,False,125.5,,,,neutral,neutral,neutral,UP,neutral,neutral,neutral,,,,88.2,T,-0.105,2.0329,-4.2869,loss_of_function,-1.04905898967479,0.089,benign,https://doi.org/10.1101/2022.10.22.513328
W355G,6.46231,6.51599,7.295892372480677,Destabilizing,Destabilizing,,,,6.3,,,0.38,"cBioPortal,COSMIC",,False,6.3,,,,neutral,neutral,neutral,DOWN,neutral,neutral,neutral,,,,95.38,E,-0.4192,1.5482,-22.2155,loss_of_function,-4.54128252043588,0.9296,pathogenic,https://doi.org/10.1101/2022.10.22.513328
R358Q,0.54614,1.16667,1.053703741592448,Neutral,Neutral,,,Uncertain,57.2,3.19244030137e-05,1.20001920031e-05,0.058,"cBioPortal,COSMIC,clinvar",,True,57.2,,,,neutral,neutral,neutral,DOWN,neutral,neutral,neutral,2224355,Uncertain significance,1,90.14,-,-0.1861,1.4188,-8.9157,loss_of_function,-2.78474983943261,0.2297,benign,https://doi.org/10.1101/2022.10.22.513328
R359K,0.10216,-0.46224,0.1034688048227894,Neutral,Neutral,,,Uncertain,97.3,,,0.049,cBioPortal,,True,97.3,,,,neutral,neutral,neutral,-,uncertain,uncertain,uncertain,,,,79.34,-,-0.0629,1.3763,-0.5717,loss_of_function,-0.632911482297454,0.1159,benign,https://doi.org/10.1101/2022.10.22.513328
T360K,0.39369,0.49932,0.3502668239741557,Neutral,Neutral,0.04662,-0.03964,Neutral,46.8,,,0.072,cBioPortal,,True,46.8,,,,uncertain,,,UP,neutral,neutral,neutral,,,,68.14,-,-0.0983,2.3356,-4.0668,loss_of_function,-2.10493897957271,0.663,pathogenic,https://doi.org/10.1101/2022.10.22.513328
T360M,-0.74678,-0.60884,-0.1406681414011873,Neutral,Neutral,0.02282,0.08154,Neutral,46.8,,2.40355726475e-05,0.05,"cBioPortal,COSMIC",,True,46.8,,,,uncertain,,,UP,neutral,neutral,neutral,,,,68.14,-,-0.0847,2.3356,-8.9247,loss_of_function,-2.67980061567236,0.1976,benign,https://doi.org/10.1101/2022.10.22.513328
K361E,-0.02497,-0.10136,-0.2241749349926514,Neutral,Neutral,0.06058,0.20317,Neutral,111.4,,4.0069239646e-06,0.231,cBioPortal,,True,111.4,,,,neutral,neutral,neutral,DOWN,neutral,neutral,destabilizing,,,,60.87,T,-0.0857,1.9947,-6.9188,loss_of_function,-1.52173052315675,0.7576,pathogenic,https://doi.org/10.1101/2022.10.22.513328
D366G,0.21316,0.75204,0.7688422286827279,Neutral,Neutral,,,Uncertain,116.8,,,,COSMIC,,False,116.8,,,,neutral,neutral,neutral,DOWN,neutral,neutral,mixed_effects,,,,75.6,-,-0.0875,2.9106,-21.3592,loss_of_function,-2.86411799924572,0.2022,benign,https://doi.org/10.1101/2022.10.22.513328
Y367F,0.95437,0.33299,0.511489034112455,Neutral,Neutral,,,,12.1,,,0.127,COSMIC,,False,12.1,,,,uncertain,,,-,uncertain,uncertain,uncertain,,,,82.14,-,-0.187,0.3087,-7.6969,loss_of_function,-2.50722107690976,0.2021,benign,https://doi.org/10.1101/2022.10.22.513328
G371R,1.67198,0.36122,0.2526881977899176,Neutral,Neutral,,,Uncertain,35.6,3.79132544738e-05,,0.195,"cBioPortal,COSMIC",,True,35.6,,,,neutral,neutral,neutral,UP,neutral,neutral,neutral,,,,95.08,T,-0.2907,1.0396,-7.7582,loss_of_function,-2.39484306280492,0.7321,pathogenic,https://doi.org/10.1101/2022.10.22.513328
T372A,0.45692,0.26463,-0.2227729932629557,Neutral,Neutral,,,Uncertain,60.4,,,0.049,COSMIC,,True,60.4,,,,uncertain,,,DOWN,neutral,neutral,neutral,,,,95.87,-,-0.0713,1.8026,-5.4496,loss_of_function,-0.219223602959418,0.0823,benign,https://doi.org/10.1101/2022.10.22.513328
V378G,2.40271,3.54082,4.457629791715743,Uncertain,Uncertain,,,,15.6,,,,"cBioPortal,COSMIC",,False,15.6,,,,neutral,neutral,neutral,DOWN,neutral,neutral,neutral,,,,96.89,H,-0.4056,0.7571,-21.9459,loss_of_function,-1.59064944805107,0.7298,pathogenic,https://doi.org/10.1101/2022.10.22.513328
V381L,0.06724,2.25136,1.2934926813919234,Uncertain,Neutral,,,,0.0,,,0.177,cBioPortal,,False,0.0,,,,neutral,neutral,neutral,UP,neutral,neutral,neutral,,,,97.18,T,-0.2184,0.6946,-8.6545,loss_of_function,-2.24761880440652,0.7493,pathogenic,https://doi.org/10.1101/2022.10.22.513328
G385A,9.32916,4.29014,2.1932046297390104,Destabilizing,Uncertain,,,,0.0,,,0.344,cBioPortal,,False,0.0,,,,neutral,neutral,neutral,UP,neutral,neutral,neutral,,,,97.49,S,-0.3009,0.1459,-8.6473,loss_of_function,-3.18355522401157,0.9789,pathogenic,https://doi.org/10.1101/2022.10.22.513328
G387R,1.29846,1.37075,-0.4751719902122353,Neutral,Neutral,,,Uncertain,110.8,,,,clinvar,,False,110.8,,,,neutral,neutral,neutral,UP,neutral,neutral,neutral,1437750,Uncertain significance,1,95.79,G,-0.2919,0.946,-6.3219,loss_of_function,-0.281153807707959,0.749,pathogenic,https://doi.org/10.1101/2022.10.22.513328
P394L,1.34057,1.39558,-0.2978391718390905,Neutral,Neutral,,,Uncertain,96.4,,,,clinvar,,True,96.4,,,,neutral,neutral,neutral,UP,neutral,neutral,neutral,1285475,Uncertain significance,1,93.56,T,-0.1096,2.0026,-6.0697,loss_of_function,-0.6612355195193,0.1119,benign,https://doi.org/10.1101/2022.10.22.513328
P394S,1.33858,1.17721,-0.0369201408184066,Neutral,Neutral,,,Uncertain,96.4,,,0.105,COSMIC,,True,96.4,,,,neutral,neutral,neutral,DOWN,neutral,neutral,destabilizing,,,,93.56,T,-0.0422,2.0026,-2.4648,loss_of_function,-0.694811069225551,0.1039,benign,https://doi.org/10.1101/2022.10.22.513328
A399T,0.22408,-0.07381,0.069308342587665,Neutral,Neutral,,,Uncertain,78.2,,2.95665543138e-05,0.06,"cBioPortal,COSMIC",,True,78.2,,,,neutral,neutral,neutral,UP,neutral,neutral,neutral,,,,95.96,H,-0.0278,2.216,-6.6582,loss_of_function,-1.90433828766353,0.0962,benign,https://doi.org/10.1101/2022.10.22.513328
D406N,0.9102,0.67381,0.3335358731934768,Neutral,Neutral,,,Uncertain,51.3,,,0.24,cBioPortal,,True,51.3,,,,neutral,neutral,neutral,-,uncertain,uncertain,uncertain,,,,98.5,H,-0.2394,0.0861,-8.9098,loss_of_function,-2.52011027831549,0.7828,pathogenic,https://doi.org/10.1101/2022.10.22.513328
R410H,0.25572,0.59524,0.88633981997778,Neutral,Neutral,,,Uncertain,59.2,,0.0,0.481,cBioPortal,,False,59.2,,,,neutral,neutral,neutral,DOWN,neutral,neutral,neutral,,,,98.73,H,-0.3407,0.4211,-22.1976,loss_of_function,-3.28840667622758,0.3062,benign,https://doi.org/10.1101/2022.10.22.513328
A418T,1.03268,-0.17007,0.4336829154121491,Neutral,Neutral,,,Uncertain,65.5,0.0001597239969333,0.0001838314806004,0.032,COSMIC,,True,65.5,,,,neutral,neutral,neutral,UP,neutral,neutral,neutral,,,,97.84,T,-0.0084,2.1072,-0.879,loss_of_function,-0.0083470299972044,0.0764,benign,https://doi.org/10.1101/2022.10.22.513328
R419H,10.4769,5.34898,2.59822562016144,Destabilizing,Uncertain,,,,0.1,,2.11981176072e-05,0.83,COSMIC,,True,0.1,,,,neutral,neutral,neutral,DOWN,neutral,neutral,neutral,,,,98.62,S,-0.3774,0.0217,-22.1916,loss_of_function,-8.00117390425155,0.9978,pathogenic,https://doi.org/10.1101/2022.10.22.513328
P422H,5.92171,2.61156,0.3562787911424731,Uncertain,Uncertain,,,,14.9,,,0.573,"cBioPortal,COSMIC",,True,14.9,,,,neutral,neutral,neutral,UP,neutral,neutral,neutral,,,,98.53,H,-0.3564,0.1055,-22.1886,loss_of_function,-7.30715140336176,0.998,pathogenic,https://doi.org/10.1101/2022.10.22.513328
L423M,-0.37573,0.83639,0.7639604562640501,Neutral,Neutral,,,Uncertain,65.4,,,0.155,COSMIC,,True,65.4,,,,neutral,neutral,neutral,-,uncertain,uncertain,uncertain,,,,98.01,H,-0.1612,1.69,-22.1886,loss_of_function,-2.67564299381359,0.1786,benign,https://doi.org/10.1101/2022.10.22.513328
L423P,0.55426,5.66361,5.055295111852229,Uncertain,Uncertain,,,Uncertain,65.4,,,0.25,cBioPortal,,True,65.4,,,,neutral,neutral,neutral,DOWN,neutral,neutral,neutral,,,,98.01,H,-0.3472,1.69,-22.1886,loss_of_function,-3.46823582321096,0.3374,benign,https://doi.org/10.1101/2022.10.22.513328
L423Q,0.32687,0.92245,1.1717281695783612,Neutral,Neutral,,,Uncertain,65.4,,,0.2,"cBioPortal,COSMIC",,True,65.4,,,,neutral,neutral,neutral,DOWN,neutral,neutral,neutral,,,,98.01,H,-0.2116,1.69,-7.9008,loss_of_function,-1.34104297314598,0.1768,benign,https://doi.org/10.1101/2022.10.22.513328
A425S,0.54897,1.80374,1.872684184911788,Neutral,Neutral,,,,0.0,,,0.388,"cBioPortal,COSMIC",,False,0.0,,,,neutral,neutral,neutral,-,uncertain,uncertain,uncertain,,,,98.57,H,-0.2011,0.3051,-7.3159,loss_of_function,-1.35438448251574,0.5755,pathogenic,https://doi.org/10.1101/2022.10.22.513328
A425V,0.75645,3.57143,1.426802846689606,Uncertain,Neutral,,,,0.0,,,0.351,"cBioPortal,COSMIC",,False,0.0,,,,neutral,neutral,neutral,UP,neutral,neutral,neutral,,,,98.57,H,-0.199,0.3051,-6.3159,loss_of_function,-3.7807123494866,0.7984,pathogenic,https://doi.org/10.1101/2022.10.22.513328
G429R,-0.88139,-0.31531,-0.8128888993875238,Neutral,Neutral,,,Uncertain,47.7,,,,clinvar,,False,47.7,,,,neutral,neutral,neutral,UP,neutral,neutral,neutral,1803906,Uncertain significance,1,96.81,T,-0.1929,2.0776,-7.3159,loss_of_function,-1.87746357595224,0.568,pathogenic,https://doi.org/10.1101/2022.10.22.513328
G429S,-0.10975,-0.44048,-0.3179438710230731,Neutral,Neutral,,,Uncertain,47.7,6.38447296176e-05,0.0007195987346462,0.058,"cBioPortal,clinvar",,False,47.7,,,,neutral,neutral,neutral,UP,neutral,neutral,neutral,2146958,Benign,1,96.81,T,-0.0968,2.0776,-2.331,loss_of_function,0.561238777378984,0.0738,benign,https://doi.org/10.1101/2022.10.22.513328
R432C,0.80455,0.9568,0.9555106923904224,Neutral,Neutral,,,Uncertain,82.7,,0.0,0.253,cBioPortal,,True,82.7,,,,neutral,neutral,neutral,DOWN,neutral,neutral,destabilizing,,,,86.73,S,-0.3233,1.0333,-22.1795,loss_of_function,-1.96815054250815,0.4004,ambiguous,https://doi.org/10.1101/2022.10.22.513328
R433H,0.24409,-0.80714,-0.0567561311825087,Neutral,Neutral,,,Uncertain,111.4,6.38814360547e-05,1.91690841012e-05,0.159,COSMIC,,True,111.4,,,,neutral,neutral,neutral,DOWN,neutral,neutral,mixed_effects,,,,65.84,-,-0.2006,1.2048,-8.8886,loss_of_function,-2.90748650381049,0.5847,pathogenic,https://doi.org/10.1101/2022.10.22.513328
