Mutation,"Stability (FoldX5, alphafold, kcal/mol)","Stability (Rosetta Cartddg2020, alphafold, kcal/mol)","Stability (RaSP, alphafold, kcal/mol)","Stability classification, alphafold, (Rosetta, FoldX)","Stability classification, alphafold, (RaSP, FoldX)","Local Int. (Binding with CALR_3DOW, heterodimer, FoldX5, kcal/mol)","Local Int. (Binding with CALR_3DOW, heterodimer, Rosetta Talaris 2014, kcal/mol)",Local Int. classification (CALR_3DOW),Relative Side Chain Solvent Accessibility in wild-type,gnomAD genome allele frequency,gnomAD exome allele frequency,REVEL score,Mutation sources,AlloSigma2 mutation type,AlloSigma2 predicted consequence - active sites,AlloSigma2 predicted consequence - cofactor sites,AlloSigma2 predicted consequence - pockets and interfaces,AlphaFold2 model pLDDT score,AlphaFold2 model secondary structure,DeMaSk delta fitness,DeMaSk Shannon entropy,DeMaSk log2 variant frequency,DeMaSk predicted consequence,GEMME Score,AlphaMissense pathogenicity score,AlphaMissense classification,References
V4L,-0.51138,-0.01973,-0.3427793828409264,Neutral,Neutral,,,Uncertain,59.9,,3.9948865452e-06,0.044,COSMIC,UP,neutral,neutral,neutral,95.36,H,0.004,2.9183,-5.1699,gain_of_function,-0.000520807921945,0.0743,benign,https://doi.org/10.1101/2022.10.22.513328
E7K,-0.3544,0.29422,0.4284635069258075,Neutral,Neutral,,,Uncertain,53.9,,,0.181,COSMIC,UP,neutral,neutral,neutral,95.89,H,-0.0332,2.3715,-4.3576,loss_of_function,-0.254642452872136,0.374,ambiguous,https://doi.org/10.1101/2022.10.22.513328
H9N,0.5512,0.15544,0.4361409361007062,Neutral,Neutral,,,Uncertain,30.4,,,0.237,COSMIC,DOWN,neutral,neutral,stabilizing,97.44,S,-0.1188,0.9794,-3.6471,loss_of_function,-0.475573591238058,0.2424,benign,https://doi.org/10.1101/2022.10.22.513328
R15S,1.93388,1.30952,1.1505820675429372,Neutral,Neutral,0.00682,-0.02603,Neutral,59.4,,,0.235,COSMIC,DOWN,neutral,neutral,neutral,98.57,H,-0.1534,1.9613,-7.2415,loss_of_function,-0.31352178178096,0.7646,pathogenic,https://doi.org/10.1101/2022.10.22.513328
E17K,0.45345,1.42619,0.2483470124994241,Neutral,Neutral,-0.04296,0.68201,Neutral,42.0,,,0.383,"cBioPortal,COSMIC",UP,neutral,neutral,neutral,98.12,H,-0.329,0.1417,-22.1206,loss_of_function,-1.46180356892866,0.979,pathogenic,https://doi.org/10.1101/2022.10.22.513328
K20N,-0.03175,0.1568,0.4199398383926472,Neutral,Neutral,0.13368,-0.01083,Neutral,86.4,,,0.063,cBioPortal,DOWN,neutral,neutral,neutral,98.39,H,-0.1486,1.1896,-6.0444,loss_of_function,-0.674608497735441,0.8709,pathogenic,https://doi.org/10.1101/2022.10.22.513328
R22Q,1.2854,-0.1619,0.8964085287768139,Neutral,Neutral,-0.11542,0.014,Neutral,30.0,,,0.397,cBioPortal,DOWN,neutral,neutral,stabilizing,97.73,H,-0.2854,0.3351,-8.8485,loss_of_function,-1.1166794102791,0.4548,ambiguous,https://doi.org/10.1101/2022.10.22.513328
K23N,0.13882,0.34116,0.5395766827147669,Neutral,Neutral,,,Uncertain,76.5,,,0.082,"cBioPortal,COSMIC",DOWN,neutral,neutral,neutral,97.75,H,-0.0027,2.7465,-5.5267,loss_of_function,0.110196482518018,0.4366,ambiguous,https://doi.org/10.1101/2022.10.22.513328
P26T,2.31019,2.22891,-0.3860202758952286,Uncertain,Uncertain,-0.0051,-0.0252,Neutral,70.1,,,0.481,"cBioPortal,COSMIC",-,uncertain,uncertain,uncertain,97.71,T,-0.1722,0.9203,-6.0475,loss_of_function,-1.30890345970428,0.4097,ambiguous,https://doi.org/10.1101/2022.10.22.513328
D27G,0.46081,0.82211,1.577787271107635,Neutral,Neutral,0.02728,0.02869,Neutral,85.0,,,0.291,"cBioPortal,COSMIC",DOWN,neutral,neutral,stabilizing,98.13,T,-0.2189,0.7012,-7.273,loss_of_function,-1.36021735499016,0.5793,pathogenic,https://doi.org/10.1101/2022.10.22.513328
R28W,-0.50644,-0.37347,0.469240839784602,Neutral,Neutral,1.90384,-0.42242,Uncertain,44.6,,,,"cBioPortal,COSMIC",UP,neutral,neutral,neutral,98.67,E,-0.2992,0.5977,-7.8579,loss_of_function,-1.92638026230032,0.9878,pathogenic,https://doi.org/10.1101/2022.10.22.513328
V29M,1.07042,2.24252,1.0731248184734028,Uncertain,Neutral,-0.17672,-0.01314,Neutral,1.5,,,0.459,cBioPortal,UP,neutral,neutral,neutral,98.6,E,-0.2564,1.128,-22.1519,loss_of_function,-1.40653775716724,0.9483,pathogenic,https://doi.org/10.1101/2022.10.22.513328
P30Q,6.3168,2.61973,0.7153972251341808,Uncertain,Uncertain,0.59052,2.17705,Uncertain,2.2,,,0.555,"cBioPortal,COSMIC",UP,neutral,neutral,neutral,98.67,E,-0.2633,0.1794,-7.2854,loss_of_function,-1.66276660576695,0.9986,pathogenic,https://doi.org/10.1101/2022.10.22.513328
A36T,1.64943,1.67449,0.5553925029700182,Neutral,Neutral,,,,6.8,,,0.207,cBioPortal,UP,neutral,neutral,neutral,93.47,-,-0.208,1.1232,-22.2535,loss_of_function,-0.364782073591506,0.5308,ambiguous,https://doi.org/10.1101/2022.10.22.513328
A36V,-0.73567,-0.49558,-0.2580956348652363,Neutral,Neutral,,,,6.8,,3.9767756303e-06,0.165,cBioPortal,UP,neutral,neutral,neutral,93.47,-,-0.1076,1.1232,-3.1584,loss_of_function,-0.603252015805363,0.5137,ambiguous,https://doi.org/10.1101/2022.10.22.513328
I41T,2.4336,0.55578,2.3940998717875206,Uncertain,Uncertain,,,,9.2,,,0.427,cBioPortal,DOWN,neutral,neutral,stabilizing,91.34,S,-0.183,1.4443,-8.9628,loss_of_function,-3.25067842547578,0.3317,benign,https://doi.org/10.1101/2022.10.22.513328
K46N,-0.13727,-0.05986,0.1009957974124586,Neutral,Neutral,-0.48684,-0.51388,Neutral,71.6,,,0.488,cBioPortal,DOWN,neutral,neutral,stabilizing,94.76,-,-0.3314,0.1018,-22.2506,loss_of_function,-2.89646976345957,0.9973,pathogenic,https://doi.org/10.1101/2022.10.22.513328
F60L,1.90953,2.82551,3.206864409241375,Uncertain,Uncertain,0.02338,0.12695,Neutral,2.8,,,0.347,cBioPortal,DOWN,neutral,neutral,neutral,97.76,H,-0.2512,0.1843,-5.1584,loss_of_function,-1.52690466330256,0.9933,pathogenic,https://doi.org/10.1101/2022.10.22.513328
R65L,-0.84136,-0.87279,0.056314819512141,Neutral,Neutral,-0.00338,0.00538,Neutral,23.6,,,0.547,cBioPortal,DOWN,neutral,neutral,mixed_effects,94.7,H,-0.4002,0.1321,-22.2535,loss_of_function,-5.4268282543954,0.9949,pathogenic,https://doi.org/10.1101/2022.10.22.513328
K66M,-0.67505,-0.56224,-0.0495862268981206,Neutral,Neutral,0.08844,-0.05134,Neutral,84.8,,,0.515,COSMIC,DOWN,neutral,neutral,neutral,93.88,H,-0.3018,0.3357,-22.2535,loss_of_function,-3.16071876490571,0.9769,pathogenic,https://doi.org/10.1101/2022.10.22.513328
R67Q,1.57775,0.20612,1.4502060771461212,Neutral,Neutral,1.04384,0.9754,Uncertain,44.0,,,0.497,cBioPortal,DOWN,neutral,neutral,stabilizing,95.26,H,-0.3741,0.1146,-22.2535,loss_of_function,-1.95559246252452,0.9724,pathogenic,https://doi.org/10.1101/2022.10.22.513328
H69N,0.31848,0.81905,-0.0759599349737655,Neutral,Neutral,,,Uncertain,96.3,,,0.161,"cBioPortal,COSMIC",DOWN,neutral,neutral,stabilizing,92.63,T,-0.0395,1.9446,-5.5063,loss_of_function,-0.128187399400296,0.1255,benign,https://doi.org/10.1101/2022.10.22.513328
E73K,-0.42886,0.07279,0.5689452424011678,Neutral,Neutral,,,Uncertain,69.3,,,0.382,"cBioPortal,COSMIC",UP,neutral,neutral,neutral,89.57,S,-0.322,0.2251,-22.2535,loss_of_function,-2.15306533933061,0.9496,pathogenic,https://doi.org/10.1101/2022.10.22.513328
E73Q,-0.21375,0.22823,0.6057670078337857,Neutral,Neutral,,,Uncertain,69.3,,,0.33,cBioPortal,UP,neutral,neutral,neutral,89.57,S,-0.2047,0.2251,-8.9656,loss_of_function,-1.33531515649859,0.8169,pathogenic,https://doi.org/10.1101/2022.10.22.513328
V80I,-0.21144,1.24864,0.2494135239371242,Neutral,Neutral,,,,2.2,,,0.278,"cBioPortal,COSMIC",UP,neutral,neutral,neutral,95.91,B,-0.1653,0.3238,-4.3219,loss_of_function,-0.28550585674348,0.1469,benign,https://doi.org/10.1101/2022.10.22.513328
V83I,-0.52235,-0.06939,-0.312205403749709,Neutral,Neutral,,,Uncertain,85.7,,,0.082,"cBioPortal,COSMIC",UP,neutral,neutral,neutral,91.62,B,-0.0252,1.7892,-3.2876,loss_of_function,-0.157379654549596,0.0851,benign,https://doi.org/10.1101/2022.10.22.513328
T90I,1.65643,0.56054,0.0738929419175499,Neutral,Neutral,,,Uncertain,36.0,,,0.187,cBioPortal,UP,neutral,neutral,neutral,98.56,B,-0.0734,1.9747,-3.9011,loss_of_function,-0.628772229139927,0.7876,pathogenic,https://doi.org/10.1101/2022.10.22.513328
T90K,0.76955,0.13503,0.1049827581246687,Neutral,Neutral,,,Uncertain,36.0,,,0.343,COSMIC,UP,neutral,neutral,neutral,98.56,B,-0.2242,1.9747,-22.2332,loss_of_function,-1.64743135542973,0.8098,pathogenic,https://doi.org/10.1101/2022.10.22.513328
M91L,0.02067,2.53163,0.6859803767048234,Uncertain,Neutral,,,,0.0,,,0.236,cBioPortal,-,uncertain,uncertain,uncertain,98.69,H,-0.147,0.5157,-4.3016,loss_of_function,-0.293798343486267,0.4673,ambiguous,https://doi.org/10.1101/2022.10.22.513328
Q96K,0.27337,-0.14252,-0.3897224214049499,Neutral,Neutral,,,Uncertain,84.6,,,0.096,"cBioPortal,COSMIC",UP,neutral,neutral,neutral,97.37,H,-0.1019,1.7189,-7.9307,loss_of_function,-0.511994503022436,0.1489,benign,https://doi.org/10.1101/2022.10.22.513328
H98N,0.31848,0.42245,1.1615305466122057,Neutral,Neutral,,,Uncertain,39.8,,,0.062,COSMIC,DOWN,neutral,neutral,stabilizing,97.55,H,-0.0285,1.8786,-2.1715,loss_of_function,-0.22291511845033,0.2498,benign,https://doi.org/10.1101/2022.10.22.513328
E100D,0.41209,-0.17381,0.7547196217531876,Neutral,Neutral,,,Uncertain,43.2,,,0.22,"cBioPortal,COSMIC",DOWN,neutral,neutral,stabilizing,97.66,-,-0.0625,1.2499,-0.9097,loss_of_function,-0.274551020947816,0.163,benign,https://doi.org/10.1101/2022.10.22.513328
E101D,0.71443,-0.01293,0.1821576036130184,Neutral,Neutral,,,Uncertain,98.4,,4.37762159839e-05,0.169,cBioPortal,DOWN,neutral,neutral,stabilizing,97.7,T,-0.0937,1.1023,-4.3576,loss_of_function,-0.0477133898796431,0.0821,benign,https://doi.org/10.1101/2022.10.22.513328
A108V,-0.28255,-0.15918,0.537241833613988,Neutral,Neutral,,,,4.8,,,0.107,"cBioPortal,COSMIC",UP,neutral,neutral,neutral,96.21,E,-0.0686,1.6762,-5.5014,loss_of_function,-0.422601803181945,0.6139,pathogenic,https://doi.org/10.1101/2022.10.22.513328
S110N,1.67589,-0.47823,0.1664244198711334,Neutral,Neutral,,,,8.0,,,0.268,cBioPortal,UP,neutral,neutral,neutral,94.77,E,-0.1936,0.3547,-7.232,loss_of_function,-1.92782075502092,0.9176,pathogenic,https://doi.org/10.1101/2022.10.22.513328
V114G,1.11011,2.54796,1.0717824409024903,Uncertain,Neutral,,,Uncertain,70.4,,,0.578,COSMIC,DOWN,neutral,neutral,stabilizing,80.52,S,-0.2941,1.2384,-8.7746,loss_of_function,-2.25314328013684,0.8552,pathogenic,https://doi.org/10.1101/2022.10.22.513328
