Mutation,"Stability (FoldX5, alphafold, kcal/mol)","Stability (Rosetta Cartddg2020, alphafold, kcal/mol)","Stability (RaSP, alphafold, kcal/mol)","Stability classification, alphafold, (Rosetta, FoldX)","Stability classification, alphafold, (RaSP, FoldX)",Relative Side Chain Solvent Accessibility in wild-type,gnomAD genome allele frequency,gnomAD exome allele frequency,REVEL score,Mutation sources,PTMs,is site part of phospho-SLiM,PTM residue SASA (%),"Change in stability with PTM (FoldX5, kcal/mol)","Change in binding with PTM (FoldX5, kcal/mol)","Change in binding with mutation (FoldX5, kcal/mol)",PTM effect in regulation,PTM effect in stability,PTM effect in function,AlloSigma2 mutation type,AlloSigma2 predicted consequence - active sites,AlloSigma2 predicted consequence - cofactor sites,AlloSigma2 predicted consequence - pockets and interfaces,ClinVar Variation ID,ClinVar Interpretation,ClinVar Review Status,AlphaFold2 model pLDDT score,AlphaFold2 model secondary structure,DeMaSk delta fitness,DeMaSk Shannon entropy,DeMaSk log2 variant frequency,DeMaSk predicted consequence,GEMME Score,EVE score,EVE classification (25% Uncertain),AlphaMissense pathogenicity score,AlphaMissense classification,References
A2G,0.50108,-0.06293,0.6842331562395245,Neutral,Neutral,63.7,,,0.323,cBioPortal,,True,63.7,,,,neutral,neutral,neutral,DOWN,neutral,neutral,neutral,,,,82.65,-,-0.1386,1.1948,-5.4775,loss_of_function,-0.084824550492171,,,0.0938,benign,https://doi.org/10.1101/2022.10.22.513328
T3A,0.06072,1.1881,0.5274999871038574,Neutral,Neutral,78.7,,,,clinvar,P,True,78.7,-0.024,,,damaging,neutral,potentially_damaging,DOWN,neutral,neutral,stabilizing,2172379,Uncertain significance,1,92.36,-,-0.1105,1.3937,-5.7582,loss_of_function,-0.0035254389737768,,,0.0785,benign,https://doi.org/10.1101/2022.10.22.513328
T3I,2.0222,2.41837,0.6215009542867685,Uncertain,Uncertain,78.7,,,,clinvar,P,True,78.7,-0.024,,,damaging,uncertain,potentially_damaging,UP,neutral,neutral,destabilizing,1046949,Uncertain significance,2,92.36,-,-0.1364,1.3937,-5.7582,loss_of_function,-0.0461951878922965,,,0.2779,benign,https://doi.org/10.1101/2022.10.22.513328
E16G,-0.10729,0.81497,0.7448489785702835,Neutral,Neutral,100.6,,,,clinvar,,True,100.6,,,,neutral,neutral,neutral,DOWN,neutral,neutral,stabilizing,879475,Uncertain significance,1,77.82,-,-0.0123,2.7987,-7.2288,loss_of_function,-0.1562217574961,,,0.1034,benign,https://doi.org/10.1101/2022.10.22.513328
T18A,0.44074,0.30816,0.5083627559089654,Neutral,Neutral,63.8,,,,clinvar,P,True,63.8,0.129,,,damaging,neutral,potentially_damaging,DOWN,neutral,neutral,neutral,2070476,Uncertain significance,1,90.11,-,0.053,3.0656,-3.8787,gain_of_function,-0.0124934227958854,,,0.0646,benign,https://doi.org/10.1101/2022.10.22.513328
T18I,-0.36687,-0.38912,-0.6215650324618693,Neutral,Neutral,63.8,,,,clinvar,P,True,63.8,0.129,,,damaging,neutral,potentially_damaging,UP,neutral,neutral,destabilizing,1904312,Uncertain significance,1,90.11,-,0.0288,3.0656,-3.5475,gain_of_function,-0.0091072602786316,,,0.0653,benign,https://doi.org/10.1101/2022.10.22.513328
T18S,0.53798,0.50272,0.6282833963742135,Neutral,Neutral,63.8,,,,clinvar,P,True,63.8,0.129,,,neutral,neutral,potentially_damaging,DOWN,neutral,neutral,neutral,2068289,Uncertain significance,1,90.11,-,0.0918,3.0656,-3.3735,gain_of_function,-0.0099381689557841,,,0.0778,benign,https://doi.org/10.1101/2022.10.22.513328
K22N,5.30486,3.63503,1.1688029451273048,Destabilizing,Uncertain,4.8,,,0.829,cBioPortal,,False,4.8,,,,neutral,neutral,neutral,DOWN,neutral,neutral,neutral,,,,98.76,-,-0.2318,0.3542,-7.2854,loss_of_function,-2.93322259667044,0.8556231413927355,Pathogenic,0.9865,pathogenic,https://doi.org/10.1101/2022.10.22.513328
V26L,0.96666,1.07823,0.3038767908322853,Neutral,Neutral,2.5,,,0.799,cBioPortal,,False,2.5,,,,neutral,neutral,neutral,UP,neutral,neutral,neutral,,,,98.82,E,-0.2074,0.7377,-7.2823,loss_of_function,-0.658180430379066,0.4958859323184926,Uncertain,0.8556,pathogenic,https://doi.org/10.1101/2022.10.22.513328
V28A,2.6531,1.6034,1.5502903423051306,Uncertain,Uncertain,0.3,,,,clinvar,,False,0.3,,,,neutral,neutral,neutral,DOWN,neutral,neutral,neutral,2097402,Uncertain significance,1,98.54,-,-0.1276,1.4349,-4.3406,loss_of_function,-0.151611666660208,0.0130775925148861,Benign,0.4205,ambiguous,https://doi.org/10.1101/2022.10.22.513328
V28I,-0.18747,0.61973,0.2205432261217665,Neutral,Neutral,0.3,,,0.606,cBioPortal,,False,0.3,,,,neutral,neutral,neutral,UP,neutral,neutral,neutral,,,,98.54,-,-0.0635,1.4349,-4.4048,loss_of_function,-0.20797745636973,0.1631027786350848,Benign,0.2059,benign,https://doi.org/10.1101/2022.10.22.513328
A36V,-0.47772,1.20646,0.7363607092103138,Neutral,Neutral,0.0,,,0.815,cBioPortal,,False,0.0,,,,neutral,neutral,neutral,UP,neutral,neutral,neutral,,,,98.89,H,-0.1786,0.442,-4.8043,loss_of_function,-2.4945184126117,0.2259204793261382,Benign,0.6756,pathogenic,https://doi.org/10.1101/2022.10.22.513328
S38G,0.41089,1.02891,0.9318910555312044,Neutral,Neutral,14.0,,,0.796,cBioPortal,,False,14.0,,,,uncertain,,,DOWN,neutral,neutral,neutral,,,,98.82,H,-0.1421,0.708,-6.0874,loss_of_function,-2.1986599603729,0.3294190079673997,Uncertain,0.2702,benign,https://doi.org/10.1101/2022.10.22.513328
I39M,0.04297,1.61531,1.778592277304924,Neutral,Neutral,0.1,,,,clinvar,,False,0.1,,,,neutral,neutral,neutral,-,uncertain,uncertain,uncertain,1482951,Uncertain significance,1,98.84,H,-0.1492,0.9088,-5.7249,loss_of_function,-1.58539349862194,0.2288376113730427,Benign,0.2553,benign,https://doi.org/10.1101/2022.10.22.513328
I39V,1.3764,0.7915,1.2403034887936182,Neutral,Neutral,0.1,,,0.347,cBioPortal,,False,0.1,,,,neutral,neutral,neutral,DOWN,neutral,neutral,neutral,,,,98.84,H,-0.0905,0.9088,-3.1399,loss_of_function,-0.0462668697053394,0.100617496839639,Benign,0.0828,benign,https://doi.org/10.1101/2022.10.22.513328
M41I,1.28734,-0.09218,0.0977528029168145,Neutral,Neutral,75.2,,,0.292,cBioPortal,,False,75.2,,,,neutral,neutral,neutral,-,uncertain,uncertain,uncertain,,,,98.68,T,-0.0105,2.502,-6.9008,loss_of_function,-0.409280904043684,0.0030814787630909,Benign,0.6309,pathogenic,https://doi.org/10.1101/2022.10.22.513328
M41V,1.65812,0.49694,0.3001045689880571,Neutral,Neutral,75.2,,,,clinvar,,False,75.2,,,,neutral,neutral,neutral,DOWN,neutral,neutral,neutral,2177743,Uncertain significance,1,98.68,T,-0.0366,2.502,-5.7309,loss_of_function,-0.460390847620987,0.0115144808679165,Benign,0.2331,benign,https://doi.org/10.1101/2022.10.22.513328
K42N,0.3858,0.97755,0.8673862963260881,Neutral,Neutral,40.1,,,0.658,cBioPortal,,False,40.1,,,,neutral,neutral,neutral,DOWN,neutral,neutral,neutral,,,,98.59,T,-0.1082,1.5572,-4.737,loss_of_function,-1.69380554098399,0.2958945341930239,Benign,0.913,pathogenic,https://doi.org/10.1101/2022.10.22.513328
D46V,1.02699,1.81293,0.7373817630584525,Neutral,Neutral,38.6,,,,clinvar,,True,38.6,,,,neutral,neutral,neutral,UP,neutral,neutral,destabilizing,879476,Uncertain significance,2,98.4,S,-0.2224,1.1461,-8.9276,loss_of_function,-3.29215480078209,0.771442505426395,Pathogenic,0.7234,pathogenic,https://doi.org/10.1101/2022.10.22.513328
V51I,1.15706,0.6068,0.5214920040960838,Neutral,Neutral,2.2,,3.9813672015e-06,0.366,cBioPortal,,True,2.2,,,,neutral,neutral,neutral,UP,neutral,neutral,neutral,,,,98.78,E,-0.1131,0.8174,-2.9941,loss_of_function,-0.129871771421491,0.0255554644346922,Benign,0.1294,benign,https://doi.org/10.1101/2022.10.22.513328
E55K,0.62485,1.28741,0.4782825361193382,Neutral,Neutral,68.5,,1.59248347798e-05,0.602,"cBioPortal,clinvar",,True,68.5,,,,neutral,neutral,neutral,UP,neutral,neutral,neutral,1047167,Uncertain significance,1,96.84,H,-0.1457,1.2467,-6.1174,loss_of_function,-0.464473200717937,0.18030363994117,Benign,0.327,benign,https://doi.org/10.1101/2022.10.22.513328
K57R,-0.8063,0.17109,-0.1619556379230591,Neutral,Neutral,48.1,,,,clinvar,,False,48.1,,,,neutral,neutral,neutral,-,uncertain,uncertain,uncertain,1407122,Uncertain significance,1,98.45,H,-0.111,0.5472,-3.6739,loss_of_function,-0.695533441125628,0.0494454205318352,Benign,0.1121,benign,https://doi.org/10.1101/2022.10.22.513328
E61D,1.29536,0.0415,1.1870241442287035,Neutral,Neutral,31.2,,,0.752,cBioPortal,,False,31.2,,,,neutral,neutral,neutral,DOWN,neutral,neutral,neutral,,,,98.81,H,-0.1961,0.2426,-8.9336,loss_of_function,-3.18756902047577,0.7709281164594316,Pathogenic,0.9839,pathogenic,https://doi.org/10.1101/2022.10.22.513328
M63I,0.1079,-0.5068,0.20334623212865,Neutral,Neutral,50.6,,,,clinvar,,False,50.6,,,,neutral,neutral,neutral,-,uncertain,uncertain,uncertain,1945135,Uncertain significance,1,98.78,H,-0.1715,0.8096,-7.9366,loss_of_function,-1.3202235600141,0.3998993938245044,Uncertain,0.841,pathogenic,https://doi.org/10.1101/2022.10.22.513328
D64N,-0.47713,-0.55442,0.4112231868968763,Neutral,Neutral,90.7,3.18349675283e-05,,0.82,cBioPortal,,False,90.7,,,,neutral,neutral,neutral,-,uncertain,uncertain,uncertain,,,,98.83,H,-0.2096,0.2562,-6.1322,loss_of_function,-1.39407045327712,0.7137244217686696,Pathogenic,0.9977,pathogenic,https://doi.org/10.1101/2022.10.22.513328
L70V,0.4985,-0.03673,0.284086727188918,Neutral,Neutral,93.1,,,0.573,cBioPortal,,False,93.1,,,,neutral,neutral,neutral,DOWN,neutral,neutral,neutral,,,,98.5,G,-0.0665,1.9085,-5.0297,loss_of_function,-0.947357720006386,0.1416236648392575,Benign,0.1674,benign,https://doi.org/10.1101/2022.10.22.513328
L72F,-0.88983,1.14184,-0.3822537970369377,Neutral,Neutral,11.3,,,0.707,cBioPortal,,True,11.3,,,,neutral,neutral,neutral,UP,neutral,neutral,neutral,,,,98.29,-,-0.0926,1.7757,-3.2391,loss_of_function,-0.827795103153688,0.1426735002930694,Benign,0.4206,ambiguous,https://doi.org/10.1101/2022.10.22.513328
R73I,1.95144,2.2051,0.6271151008776673,Uncertain,Neutral,81.8,,,0.431,cBioPortal,,True,81.8,,,,neutral,neutral,neutral,DOWN,neutral,neutral,neutral,,,,98.28,S,-0.2412,2.152,-22.2244,loss_of_function,-2.73830195102343,0.4791403537001243,Uncertain,0.7489,pathogenic,https://doi.org/10.1101/2022.10.22.513328
T74S,1.85391,1.95102,2.429748225597304,Neutral,Uncertain,0.2,,,,cBioPortal,P,True,0.2,29.58,,,neutral,damaging,uncertain,DOWN,neutral,neutral,neutral,,,,98.55,-,-0.0484,1.6834,-5.9366,loss_of_function,-1.27851393604434,0.0580906188011909,Benign,0.2226,benign,https://doi.org/10.1101/2022.10.22.513328
G80V,3.39858,1.09864,0.1006895539467406,Uncertain,Uncertain,55.3,,,0.673,cBioPortal,,False,55.3,,,,neutral,neutral,neutral,UP,neutral,neutral,neutral,,,,97.84,-,-0.2271,1.8517,-7.9424,loss_of_function,-2.98349850202377,0.2423713652690593,Benign,0.7655,pathogenic,https://doi.org/10.1101/2022.10.22.513328
K81R,-0.00602,0.25136,-0.1651210384153051,Neutral,Neutral,56.0,,,0.666,cBioPortal,,False,56.0,,,,neutral,neutral,neutral,-,uncertain,uncertain,uncertain,,,,97.52,S,-0.0621,1.1876,-5.6264,loss_of_function,-0.77872691326831,0.4723007152777227,Uncertain,0.1118,benign,https://doi.org/10.1101/2022.10.22.513328
D82N,0.79764,0.12857,0.4695175261937812,Neutral,Neutral,71.1,,,,clinvar,,False,71.1,,,,neutral,neutral,neutral,-,uncertain,uncertain,uncertain,2137026,Likely pathogenic,1,97.47,S,-0.2205,0.2071,-7.3692,loss_of_function,-1.04845844093013,0.447114501101973,Uncertain,0.2761,benign,https://doi.org/10.1101/2022.10.22.513328
Y83C,3.486,2.95646,3.554017008194834,Uncertain,Destabilizing,7.0,,,,clinvar,P,False,7.0,11.641,,,uncertain,neutral,uncertain,DOWN,neutral,neutral,destabilizing,2260949,Uncertain significance,1,98.17,G,-0.286,0.6382,-6.9542,loss_of_function,-1.76046198413546,0.6332953902079254,Uncertain,0.6263,pathogenic,https://doi.org/10.1101/2022.10.22.513328
K90R,0.31663,0.12687,-0.6455354927625739,Neutral,Neutral,45.6,,,,clinvar,,True,45.6,,,,neutral,neutral,neutral,-,uncertain,uncertain,uncertain,2147165,Uncertain significance,2,98.78,S,0.0108,1.7904,-2.2234,gain_of_function,-0.163204268408859,0.0334610581590145,Benign,0.0763,benign,https://doi.org/10.1101/2022.10.22.513328
I94F,0.74298,0.97823,1.78504603510307,Neutral,Neutral,0.0,,,,clinvar,,True,0.0,,,,neutral,neutral,neutral,UP,neutral,neutral,neutral,1717535,Uncertain significance,1,98.85,E,-0.2837,1.125,-22.2332,loss_of_function,-3.31679302565903,0.3378645972743521,Uncertain,0.8429,pathogenic,https://doi.org/10.1101/2022.10.22.513328
T95M,3.49346,4.32415,0.166759684087081,Destabilizing,Uncertain,2.0,,,,clinvar,P,True,2.0,19.865,,,uncertain,neutral,uncertain,UP,neutral,neutral,neutral,806629,Uncertain significance,1,98.57,-,-0.2517,0.346,-5.7755,loss_of_function,-2.12825012617586,0.8525426003144089,Pathogenic,0.9157,pathogenic,https://doi.org/10.1101/2022.10.22.513328
A96T,0.88614,1.07483,0.4842401890112785,Neutral,Neutral,31.9,,,0.856,cBioPortal,,False,31.9,,,,neutral,neutral,neutral,UP,neutral,neutral,neutral,,,,96.91,-,-0.2138,0.3221,-8.9453,loss_of_function,-1.00240517989462,0.5278720016721834,Uncertain,0.9689,pathogenic,https://doi.org/10.1101/2022.10.22.513328
A98S,0.86576,0.47789,0.7826423257060535,Neutral,Neutral,18.8,,,0.715,cBioPortal,,False,18.8,,,,neutral,neutral,neutral,-,uncertain,uncertain,uncertain,,,,89.23,-,-0.1257,1.159,-7.9454,loss_of_function,-1.67975775405983,0.2837185239323399,Benign,0.5442,ambiguous,https://doi.org/10.1101/2022.10.22.513328
R99C,0.87135,0.42687,0.8454355522017517,Neutral,Neutral,88.5,,3.981557426e-06,0.638,cBioPortal,,False,88.5,,,,neutral,neutral,neutral,DOWN,neutral,neutral,mixed_effects,,,,83.15,-,-0.2591,0.7577,-4.6235,loss_of_function,0.0413677696585497,0.4896495748680189,Uncertain,0.9605,pathogenic,https://doi.org/10.1101/2022.10.22.513328
G103E,2.22559,1.17687,1.3272505760956512,Uncertain,Uncertain,127.5,,,,clinvar,,False,127.5,,,,neutral,neutral,neutral,UP,neutral,neutral,neutral,1903404,Uncertain significance,1,80.26,T,-0.3478,0.2449,-7.957,loss_of_function,-1.84766900936341,0.3984756197530342,Uncertain,0.9153,pathogenic,https://doi.org/10.1101/2022.10.22.513328
R106C,1.30427,1.81429,1.487149799181844,Neutral,Neutral,42.2,,3.9815257207e-06,0.914,cBioPortal,,False,42.2,,,,neutral,neutral,neutral,DOWN,neutral,neutral,destabilizing,,,,78.86,H,-0.2631,0.7438,-5.1439,loss_of_function,-1.91295834936156,0.4397903869795083,Uncertain,0.9936,pathogenic,https://doi.org/10.1101/2022.10.22.513328
Q111R,-0.00427,1.61156,-0.2560468232656948,Neutral,Neutral,30.1,,,,clinvar,,False,30.1,,,,neutral,neutral,neutral,UP,neutral,neutral,neutral,2335860,Uncertain significance,1,92.81,H,-0.2372,0.289,-8.957,loss_of_function,-1.39791838408489,0.4489825383560701,Uncertain,0.6324,pathogenic,https://doi.org/10.1101/2022.10.22.513328
R112C,2.52597,1.1949,1.4190607269040685,Uncertain,Uncertain,40.2,,,,clinvar,,False,40.2,,,,neutral,neutral,neutral,DOWN,neutral,neutral,neutral,2179773,Uncertain significance,1,94.02,H,-0.2574,0.7771,-4.6294,loss_of_function,-0.180101851546294,0.7940356893205931,Pathogenic,0.939,pathogenic,https://doi.org/10.1101/2022.10.22.513328
R112H,1.78792,0.98027,0.5736477644486315,Neutral,Neutral,40.2,,1.59255956173e-05,0.8,cBioPortal,,False,40.2,,,,neutral,neutral,neutral,DOWN,neutral,neutral,neutral,,,,94.02,H,-0.2186,0.7771,-4.7034,loss_of_function,-0.701554367358117,0.693618786545909,Pathogenic,0.8552,pathogenic,https://doi.org/10.1101/2022.10.22.513328
V114M,-0.74779,2.31905,0.7357854255383461,Uncertain,Neutral,0.0,,,0.83,"cBioPortal,clinvar",,False,0.0,,,,neutral,neutral,neutral,UP,neutral,neutral,neutral,1963401,Uncertain significance,1,94.79,H,-0.1736,1.0753,-4.96,loss_of_function,-0.08972878929509,0.6748124992864614,Uncertain,0.7056,pathogenic,https://doi.org/10.1101/2022.10.22.513328
I120L,1.17652,3.07483,0.5137997721364612,Uncertain,Neutral,7.3,,,0.757,cBioPortal,,False,7.3,,,,neutral,neutral,neutral,-,uncertain,uncertain,uncertain,,,,98.23,H,-0.15,0.9631,-7.9599,loss_of_function,-2.18580243957068,0.1644088621812078,Benign,0.425,ambiguous,https://doi.org/10.1101/2022.10.22.513328
I121V,1.29846,1.22993,1.2581819819596387,Neutral,Neutral,0.0,,,0.27,cBioPortal,,False,0.0,,,,neutral,neutral,neutral,DOWN,neutral,neutral,neutral,,,,98.52,H,-0.1115,0.6872,-3.2596,loss_of_function,-0.022626107989744,0.0694411968126886,Benign,0.0939,benign,https://doi.org/10.1101/2022.10.22.513328
P129L,1.01329,1.91973,-0.8068156516194958,Neutral,Neutral,58.7,,,,clinvar,,True,58.7,,,,neutral,neutral,neutral,UP,neutral,neutral,neutral,2191732,Uncertain significance,1,98.14,T,-0.2724,0.2649,-6.6409,loss_of_function,-1.94072797913509,0.8072148894352328,Pathogenic,0.5875,pathogenic,https://doi.org/10.1101/2022.10.22.513328
P129R,-0.30105,2.14048,-0.1909935503621862,Uncertain,Neutral,58.7,,,,clinvar,,True,58.7,,,,neutral,neutral,neutral,UP,neutral,neutral,neutral,1969308,Uncertain significance,1,98.14,T,-0.3054,0.2649,-8.9628,loss_of_function,-1.36982136423752,0.7761812223252814,Pathogenic,0.4131,ambiguous,https://doi.org/10.1101/2022.10.22.513328
P129S,1.0352,1.82075,-0.2120527385807114,Neutral,Neutral,58.7,,,0.765,cBioPortal,,True,58.7,,,,neutral,neutral,neutral,DOWN,neutral,neutral,neutral,,,,98.14,T,-0.2302,0.2649,-7.9628,loss_of_function,-2.50475572442967,0.5171882031546353,Uncertain,0.4155,ambiguous,https://doi.org/10.1101/2022.10.22.513328
K132N,1.42336,-0.1051,0.4682269629751884,Neutral,Neutral,11.5,,,,clinvar,,True,11.5,,,,neutral,neutral,neutral,DOWN,neutral,neutral,neutral,1977576,Uncertain significance,1,98.84,E,-0.1079,1.6837,-6.96,loss_of_function,-1.54159675126752,0.5104881572083012,Uncertain,0.7323,pathogenic,https://doi.org/10.1101/2022.10.22.513328
V136I,0.24069,2.13707,-0.0746131783161302,Uncertain,Neutral,3.4,,,,clinvar,,True,3.4,,,,neutral,neutral,neutral,UP,neutral,neutral,neutral,879831,Conflicting interpretations of pathogenicity,1,98.58,-,-0.1777,0.3176,-6.6352,loss_of_function,-0.980479386422242,0.4789636017540982,Uncertain,0.3008,benign,https://doi.org/10.1101/2022.10.22.513328
P139L,3.45728,0.68776,-0.8106135552025873,Uncertain,Uncertain,12.9,,,,clinvar,,True,12.9,,,,neutral,neutral,neutral,UP,neutral,neutral,neutral,2149404,Uncertain significance,1,94.23,S,-0.2962,0.0797,-7.957,loss_of_function,-5.55601285115246,0.8381897713499717,Pathogenic,0.9952,pathogenic,https://doi.org/10.1101/2022.10.22.513328
V146L,1.74248,4.85306,1.7176829927721418,Uncertain,Neutral,0.0,,,0.782,cBioPortal,,True,0.0,,,,neutral,neutral,neutral,UP,neutral,neutral,neutral,,,,97.69,H,-0.2635,0.22,-8.9511,loss_of_function,-1.06899276523406,0.109063454875608,Benign,0.8353,pathogenic,https://doi.org/10.1101/2022.10.22.513328
V146M,2.74961,4.41259,2.812018268402271,Uncertain,Uncertain,0.0,,,,clinvar,,True,0.0,,,,neutral,neutral,neutral,UP,neutral,neutral,neutral,1984164,Uncertain significance,2,97.69,H,-0.2726,0.22,-8.9511,loss_of_function,-0.216417059545346,0.7154731904867278,Pathogenic,0.804,pathogenic,https://doi.org/10.1101/2022.10.22.513328
A147S,1.39032,2.0881,2.500392661116836,Uncertain,Uncertain,0.0,,,,clinvar,,True,0.0,,,,neutral,neutral,neutral,-,uncertain,uncertain,uncertain,558834,Conflicting interpretations of pathogenicity,1,98.49,H,-0.0899,1.4382,-5.9513,loss_of_function,-0.933803756460469,0.0702151578100766,Benign,0.1822,benign,https://doi.org/10.1101/2022.10.22.513328
K149E,0.85068,0.3051,0.4492407313195223,Neutral,Neutral,38.0,,,,clinvar,,False,38.0,,,,neutral,neutral,neutral,DOWN,neutral,neutral,neutral,2147479,Uncertain significance,1,97.54,H,-0.3393,0.0885,-22.2448,loss_of_function,-1.80963166564247,0.3978413629603131,Uncertain,0.7177,pathogenic,https://doi.org/10.1101/2022.10.22.513328
I150V,1.01996,0.99116,1.167755892027103,Neutral,Neutral,15.9,,,0.27,"cBioPortal,COSMIC",,False,15.9,,,,neutral,neutral,neutral,DOWN,neutral,neutral,neutral,,,,97.78,H,-0.1076,1.0466,-8.9599,loss_of_function,-0.192725453723927,0.0351834878818208,Benign,0.1336,benign,https://doi.org/10.1101/2022.10.22.513328
P154S,2.00811,1.07313,-0.1304284260116495,Uncertain,Uncertain,59.1,,,,clinvar,,False,59.1,,,,neutral,neutral,neutral,DOWN,neutral,neutral,destabilizing,1978568,Uncertain significance,1,98.18,-,-0.2214,0.272,-6.375,loss_of_function,-2.17475559171368,0.1490012566517592,Benign,0.4108,ambiguous,https://doi.org/10.1101/2022.10.22.513328
R157C,1.91801,1.73639,1.6677961155601384,Neutral,Neutral,20.0,,,0.837,cBioPortal,,False,20.0,,,,neutral,neutral,neutral,DOWN,neutral,neutral,neutral,,,,98.73,G,-0.2538,0.8564,-5.3692,loss_of_function,-1.77278088715509,0.2186264380263038,Benign,0.2001,benign,https://doi.org/10.1101/2022.10.22.513328
R157H,1.66749,1.02177,0.6871169229965237,Neutral,Neutral,20.0,,,,clinvar,,False,20.0,,,,neutral,neutral,neutral,DOWN,neutral,neutral,neutral,1411875,Uncertain significance,2,98.73,G,-0.2078,0.8564,-4.0,loss_of_function,-1.0264652688212,0.0833119987079564,Benign,0.1734,benign,https://doi.org/10.1101/2022.10.22.513328
I159N,4.46124,3.51735,3.4406398126752133,Destabilizing,Destabilizing,0.0,,,,clinvar,,False,0.0,,,,neutral,neutral,neutral,DOWN,neutral,neutral,neutral,1028398,Uncertain significance,1,98.91,E,-0.421,0.461,-22.2448,loss_of_function,-7.73044695862297,0.9059290714686988,Pathogenic,0.9829,pathogenic,https://doi.org/10.1101/2022.10.22.513328
G162S,9.88494,6.11531,3.970953210788204,Destabilizing,Destabilizing,0.0,,,,clinvar,,False,0.0,,,,neutral,neutral,neutral,UP,neutral,neutral,neutral,1979044,Uncertain significance,1,98.14,T,-0.296,0.1917,-7.3692,loss_of_function,-2.20112241949257,0.6388694571328543,Uncertain,0.9838,pathogenic,https://doi.org/10.1101/2022.10.22.513328
L165M,0.03776,1.13639,1.1877891215554617,Neutral,Neutral,8.7,,,,clinvar,,False,8.7,,,,neutral,neutral,neutral,-,uncertain,uncertain,uncertain,2088609,Uncertain significance,1,98.48,H,-0.3061,0.1179,-22.239,loss_of_function,-3.96113242557793,0.8029900982275169,Pathogenic,0.9566,pathogenic,https://doi.org/10.1101/2022.10.22.513328
R169Q,0.42048,1.02891,1.141386627277398,Neutral,Neutral,16.9,,7.9542471703e-06,0.812,cBioPortal,,True,16.9,,,,neutral,neutral,neutral,DOWN,neutral,neutral,neutral,,,,98.41,H,-0.2319,0.661,-4.2421,loss_of_function,-2.69809861289691,0.3543360746307488,Uncertain,0.9932,pathogenic,https://doi.org/10.1101/2022.10.22.513328
R171C,1.601,1.14796,2.043839377232145,Neutral,Uncertain,32.0,,1.19323198816e-05,0.547,cBioPortal,,False,32.0,,,,neutral,neutral,neutral,DOWN,neutral,neutral,neutral,,,,98.66,H,-0.2806,0.5647,-5.3546,loss_of_function,-0.684084955797171,0.0383781504631788,Benign,0.6169,pathogenic,https://doi.org/10.1101/2022.10.22.513328
R171H,8.35833,0.6517,1.0955255142109137,Uncertain,Uncertain,32.0,3.18390219052e-05,2.38659687197e-05,0.57,cBioPortal,,False,32.0,,,,neutral,neutral,neutral,DOWN,neutral,neutral,neutral,,,,98.66,H,-0.237,0.5647,-4.4801,loss_of_function,-1.32320545119361,0.1038824809273376,Benign,0.6166,pathogenic,https://doi.org/10.1101/2022.10.22.513328
G175V,6.14143,3.88435,1.8673825004693168,Destabilizing,Uncertain,0.1,,,0.643,cBioPortal,,True,0.1,,,,neutral,neutral,neutral,UP,neutral,neutral,neutral,,,,98.39,H,-0.3324,1.5003,-22.2332,loss_of_function,-2.25628234953053,0.8502897868809767,Pathogenic,0.9814,pathogenic,https://doi.org/10.1101/2022.10.22.513328
V180F,-0.24977,0.47143,0.4762317459050574,Neutral,Neutral,40.3,,,,clinvar,,False,40.3,,,,neutral,neutral,neutral,UP,neutral,neutral,neutral,877891,Uncertain significance,1,98.13,S,-0.2173,1.4998,-7.9599,loss_of_function,-1.99200590508753,0.4162292755059644,Uncertain,0.6696,pathogenic,https://doi.org/10.1101/2022.10.22.513328
L190F,1.93705,2.58912,0.6690901823139928,Uncertain,Neutral,0.4,,,,clinvar,,False,0.4,,,,neutral,neutral,neutral,UP,neutral,neutral,neutral,558835,Uncertain significance,0,98.53,E,-0.1703,1.2482,-8.9541,loss_of_function,-1.35129086707705,0.310596856648996,Benign,0.7091,pathogenic,https://doi.org/10.1101/2022.10.22.513328
E192K,-0.63329,3.3534,1.9912645706967784,Uncertain,Neutral,1.5,,,0.763,cBioPortal,,False,1.5,,,,neutral,neutral,neutral,UP,neutral,neutral,neutral,,,,97.26,S,-0.2511,0.1708,-7.3692,loss_of_function,-3.71001567560676,0.8966884077851416,Pathogenic,0.9951,pathogenic,https://doi.org/10.1101/2022.10.22.513328
G203A,-0.86383,-1.16871,-0.8066205193101461,Neutral,Neutral,71.2,,,,clinvar,,False,71.2,,,,neutral,neutral,neutral,UP,neutral,neutral,neutral,381424,Benign,2,97.24,G,-0.2846,0.2512,-7.3634,loss_of_function,-1.1549693588164,0.417788421033198,Uncertain,0.3563,ambiguous,https://doi.org/10.1101/2022.10.22.513328
P216S,2.20792,1.48231,-0.1011706238546095,Uncertain,Uncertain,71.3,,,0.315,cBioPortal,,False,71.3,,,,neutral,neutral,neutral,DOWN,neutral,neutral,neutral,,,,96.34,T,-0.1125,1.2898,-3.3938,loss_of_function,-0.422169922866044,0.0520885100789776,Benign,0.1878,benign,https://doi.org/10.1101/2022.10.22.513328
G219E,12.23596,7.32687,1.9497831886997912,Destabilizing,Uncertain,0.0,,,0.622,cBioPortal,,True,0.0,,,,neutral,neutral,neutral,UP,neutral,neutral,neutral,,,,93.83,T,-0.3382,0.2611,-6.3575,loss_of_function,-0.630538740784966,,,0.964,pathogenic,https://doi.org/10.1101/2022.10.22.513328
V230A,2.10639,2.23673,2.593307222975632,Uncertain,Uncertain,0.0,,,,cBioPortal,,True,0.0,,,,neutral,neutral,neutral,DOWN,neutral,neutral,neutral,,,,96.74,H,-0.1005,1.8395,-6.3249,loss_of_function,-1.47778827105306,0.2706763228257187,Benign,0.6649,pathogenic,https://doi.org/10.1101/2022.10.22.513328
K232N,0.88905,0.68639,0.811882014964966,Neutral,Neutral,59.3,,,,clinvar,,True,59.3,,,,neutral,neutral,neutral,DOWN,neutral,neutral,neutral,471325,Likely benign,1,95.3,H,-0.1631,1.0615,-6.5668,loss_of_function,-0.201221657726328,0.5257259854964679,Uncertain,0.5581,ambiguous,https://doi.org/10.1101/2022.10.22.513328
E236Q,0.31694,-0.12177,-0.0043493499383279,Neutral,Neutral,57.3,,,0.068,cBioPortal,,True,57.3,,,,neutral,neutral,neutral,UP,neutral,neutral,neutral,,,,92.05,H,0.0375,2.5519,-3.4655,gain_of_function,-0.202978508211246,0.0054654725858416,Benign,0.1944,benign,https://doi.org/10.1101/2022.10.22.513328
E240G,1.19211,1.18741,1.2757525255248954,Neutral,Neutral,56.5,,,,clinvar,,True,56.5,,,,neutral,neutral,neutral,DOWN,neutral,neutral,neutral,2311319,Uncertain significance,1,93.29,H,-0.2809,0.7089,-22.1856,loss_of_function,-4.73737217846557,0.7175389469567334,Pathogenic,0.6112,pathogenic,https://doi.org/10.1101/2022.10.22.513328
Y247H,0.77891,1.65952,0.8271607529820681,Neutral,Neutral,49.9,,,0.732,cBioPortal,,True,49.9,,,,uncertain,,,DOWN,neutral,neutral,destabilizing,,,,92.51,S,-0.2606,0.2819,-7.8826,loss_of_function,-2.06663666086588,0.5285479689049779,Uncertain,0.937,pathogenic,https://doi.org/10.1101/2022.10.22.513328
A251G,0.79029,1.42007,0.7357218247173033,Neutral,Neutral,68.1,,,0.398,cBioPortal,,False,68.1,,,,neutral,neutral,neutral,DOWN,neutral,neutral,neutral,,,,98.4,H,-0.2088,0.416,-5.1822,loss_of_function,-1.24421898990585,0.171247064342296,Benign,0.4207,ambiguous,https://doi.org/10.1101/2022.10.22.513328
I252T,2.0247,1.21361,1.7846627577882856,Uncertain,Uncertain,12.3,,,0.804,cBioPortal,,False,12.3,,,,neutral,neutral,neutral,DOWN,neutral,neutral,neutral,,,,98.36,H,-0.2339,0.6432,-4.4964,loss_of_function,-1.55796046504604,0.2630826331936085,Benign,0.8614,pathogenic,https://doi.org/10.1101/2022.10.22.513328
V256I,-0.18884,0.16531,0.3477925947444621,Neutral,Neutral,0.0,,,,clinvar,,False,0.0,,,,neutral,neutral,neutral,UP,neutral,neutral,neutral,1927297,Uncertain significance,2,98.9,H,-0.1402,0.6934,-6.0722,loss_of_function,-0.548439540221596,0.308521847212853,Benign,0.237,benign,https://doi.org/10.1101/2022.10.22.513328
A257T,1.93671,2.23231,1.2071566581756157,Uncertain,Neutral,0.4,,,0.435,cBioPortal,,False,0.4,,,,neutral,neutral,neutral,UP,neutral,neutral,neutral,,,,98.9,H,-0.1059,1.196,-3.5577,loss_of_function,-0.455153551685883,0.0505825083907271,Benign,0.3695,ambiguous,https://doi.org/10.1101/2022.10.22.513328
R268K,-0.14026,0.59456,0.2756277139204677,Neutral,Neutral,52.9,,,,clinvar,,True,52.9,,,,neutral,neutral,neutral,-,uncertain,uncertain,uncertain,1938035,Uncertain significance,1,98.58,-,-0.0027,2.2695,-4.8734,loss_of_function,-0.219199502527785,0.0344475522447824,Benign,0.1868,benign,https://doi.org/10.1101/2022.10.22.513328
R269W,0.24201,-0.26769,-0.0809604814559805,Neutral,Neutral,43.8,,3.9767123723e-06,0.371,cBioPortal,,True,43.8,,,,neutral,neutral,neutral,UP,neutral,neutral,neutral,,,,98.77,E,-0.1594,1.9622,-5.0692,loss_of_function,-1.16255810587369,0.8138331791998868,Pathogenic,0.6754,pathogenic,https://doi.org/10.1101/2022.10.22.513328
V270L,-0.40664,-1.22823,0.4072768652228287,Neutral,Neutral,36.6,,,,clinvar,,True,36.6,,,,neutral,neutral,neutral,UP,neutral,neutral,neutral,2144908,Uncertain significance,1,98.82,E,-0.1541,1.2769,-6.5515,loss_of_function,-0.365519340737985,0.2329782218386084,Benign,0.8075,pathogenic,https://doi.org/10.1101/2022.10.22.513328
S274F,14.32996,5.32959,2.957925280250008,Destabilizing,Uncertain,0.0,,,,clinvar,,False,0.0,,,,uncertain,,,UP,neutral,neutral,neutral,1985290,Uncertain significance,1,98.79,E,-0.2467,0.3636,-6.8765,loss_of_function,-3.00525792364332,0.8345240787228414,Pathogenic,0.9974,pathogenic,https://doi.org/10.1101/2022.10.22.513328
T275I,-0.55417,0.4966,-0.8724562614892956,Neutral,Neutral,4.7,,,,clinvar,,False,4.7,,,,uncertain,,,UP,neutral,neutral,neutral,2168048,Uncertain significance,1,98.63,E,-0.2279,0.4837,-7.2884,loss_of_function,-1.15156629561013,0.3492440105114762,Uncertain,0.4439,ambiguous,https://doi.org/10.1101/2022.10.22.513328
K278T,1.03077,1.7449,0.5560162998448587,Neutral,Neutral,50.1,,,,clinvar,,False,50.1,,,,neutral,neutral,neutral,DOWN,neutral,neutral,neutral,1394691,Uncertain significance,1,96.11,T,-0.1514,1.1174,-4.5515,loss_of_function,-0.812359337820046,0.5194336444137342,Uncertain,0.2577,benign,https://doi.org/10.1101/2022.10.22.513328
Y281C,3.41271,4.57075,3.682391302215125,Destabilizing,Destabilizing,13.1,,,0.526,cBioPortal,,False,13.1,,,,uncertain,,,DOWN,neutral,neutral,stabilizing,,,,95.32,T,-0.2331,1.1426,-5.6849,loss_of_function,-1.8328310845511,0.2134235466786178,Benign,0.1602,benign,https://doi.org/10.1101/2022.10.22.513328
G282E,3.18211,1.38299,0.0927221782899145,Uncertain,Uncertain,109.2,,,0.501,cBioPortal,,False,109.2,,,,neutral,neutral,neutral,UP,neutral,neutral,neutral,,,,93.99,T,-0.3228,0.4237,-6.2699,loss_of_function,-1.84831823801585,0.5691017091669723,Uncertain,0.495,ambiguous,https://doi.org/10.1101/2022.10.22.513328
G282R,3.21556,1.00952,-0.1976393316977082,Uncertain,Uncertain,109.2,,,,clinvar,,False,109.2,,,,neutral,neutral,neutral,UP,neutral,neutral,neutral,2296048,Uncertain significance,1,93.99,T,-0.3427,0.4237,-6.8548,loss_of_function,-2.35240205509385,0.8415224910643264,Pathogenic,0.6765,pathogenic,https://doi.org/10.1101/2022.10.22.513328
D285V,-0.36945,-0.52517,0.3089063879653503,Neutral,Neutral,52.1,,,,clinvar,,True,52.1,,,,neutral,neutral,neutral,UP,neutral,neutral,neutral,1711317,Uncertain significance,2,95.73,S,-0.1944,2.1824,-22.1332,loss_of_function,-1.25350328595561,,,0.3717,ambiguous,https://doi.org/10.1101/2022.10.22.513328
V291A,3.01646,1.66429,2.274535078160053,Uncertain,Uncertain,0.6,,,0.484,cBioPortal,,True,0.6,,,,neutral,neutral,neutral,DOWN,neutral,neutral,neutral,,,,98.52,E,-0.1387,1.508,-7.836,loss_of_function,-1.78133689155859,0.2649782101309961,Benign,0.5817,pathogenic,https://doi.org/10.1101/2022.10.22.513328
P292S,5.0013,2.3449,0.8486836681173915,Uncertain,Uncertain,2.8,,,0.918,cBioPortal,,True,2.8,,,,neutral,neutral,neutral,DOWN,neutral,neutral,neutral,,,,98.65,E,-0.3013,0.2768,-22.1238,loss_of_function,-4.56758406381016,0.8550144310987291,Pathogenic,0.978,pathogenic,https://doi.org/10.1101/2022.10.22.513328
I300M,1.98578,1.3551,1.9799545473810776,Neutral,Neutral,3.1,,,0.422,cBioPortal,,False,3.1,,,,neutral,neutral,neutral,-,uncertain,uncertain,uncertain,,,,98.73,E,-0.1086,1.5227,-8.8328,loss_of_function,-0.529690156324586,0.5055559700087983,Uncertain,0.3527,ambiguous,https://doi.org/10.1101/2022.10.22.513328
T309P,1.69536,1.78673,3.102535552174167,Neutral,Uncertain,50.1,,,,clinvar,P,True,50.1,0.059,,,damaging,neutral,potentially_damaging,-,uncertain,uncertain,uncertain,1517920,Uncertain significance,1,97.09,-,-0.236,1.9844,-8.8168,loss_of_function,-2.57987925810832,0.2113886445027991,Benign,0.392,ambiguous,https://doi.org/10.1101/2022.10.22.513328
E311K,1.26802,0.12449,0.6318530724744353,Neutral,Neutral,71.0,,,0.276,cBioPortal,,True,71.0,,,,neutral,neutral,neutral,UP,neutral,neutral,neutral,,,,95.9,H,-0.0501,2.195,-4.4919,loss_of_function,-0.693626660055142,0.0618560576216575,Benign,0.1847,benign,https://doi.org/10.1101/2022.10.22.513328
R315C,2.45189,1.4483,1.4478953033363196,Uncertain,Uncertain,61.9,,,,clinvar,,True,61.9,,,,neutral,neutral,neutral,DOWN,neutral,neutral,neutral,2068653,Uncertain significance,1,97.37,H,-0.0969,2.4814,-3.9101,loss_of_function,-0.106679721247473,0.0118920319433694,Benign,0.1035,benign,https://doi.org/10.1101/2022.10.22.513328
R315H,1.9476,0.96939,0.6731002671032577,Neutral,Neutral,61.9,3.18958918091e-05,6.7663846013e-05,0.033,"cBioPortal,clinvar",,True,61.9,,,,neutral,neutral,neutral,DOWN,neutral,neutral,neutral,1006351,Uncertain significance,1,97.37,H,-0.0583,2.4814,-4.0096,loss_of_function,-0.48360923247791,0.0132966031274628,Benign,0.1089,benign,https://doi.org/10.1101/2022.10.22.513328
A320T,1.24759,2.72075,1.658705063947344,Uncertain,Neutral,2.8,,,,clinvar,,True,2.8,,,,neutral,neutral,neutral,UP,neutral,neutral,neutral,426816,Uncertain significance,1,97.2,H,-0.1699,0.6153,-5.6277,loss_of_function,-0.326973114394318,0.586712850583411,Uncertain,0.5225,ambiguous,https://doi.org/10.1101/2022.10.22.513328
D321N,0.32864,0.64218,-0.3435854525923904,Neutral,Neutral,85.1,0.0001274859765426,0.0001433269367052,0.094,cBioPortal,,True,85.1,,,,neutral,neutral,neutral,-,uncertain,uncertain,uncertain,,,,96.01,H,0.0085,2.4844,-3.5752,gain_of_function,-0.107368635639803,0.0265479032175896,Benign,0.103,benign,https://doi.org/10.1101/2022.10.22.513328
