Mutation,"Stability (FoldX5, nmr, kcal/mol)","Stability (Rosetta Cartddg2020, nmr, kcal/mol)","Stability (RaSP, nmr, kcal/mol)","Stability classification, nmr, (Rosetta, FoldX)","Stability classification, nmr, (RaSP, FoldX)",Relative Side Chain Solvent Accessibility in wild-type,gnomAD genome allele frequency,gnomAD exome allele frequency,REVEL score,Mutation sources,PTMs,is site part of phospho-SLiM,PTM residue SASA (%),"Change in stability with PTM (FoldX5, kcal/mol)","Change in binding with PTM (FoldX5, kcal/mol)","Change in binding with mutation (FoldX5, kcal/mol)",PTM effect in regulation,PTM effect in stability,PTM effect in function,AlloSigma2 mutation type,AlloSigma2 predicted consequence - active sites,AlloSigma2 predicted consequence - cofactor sites,AlloSigma2 predicted consequence - pockets and interfaces,ClinVar Variation ID,ClinVar Interpretation,ClinVar Review Status,DeMaSk delta fitness,DeMaSk Shannon entropy,DeMaSk log2 variant frequency,DeMaSk predicted consequence,GEMME Score,AlphaMissense pathogenicity score,AlphaMissense classification,References
G2R,1.91697,1.83639,1.701962257148642,Neutral,Neutral,106.4,,,0.605,cBioPortal,,False,106.4,,,,neutral,neutral,neutral,UP,neutral,neutral,neutral,,,,-0.4472,0.1067,-21.6186,loss_of_function,-3.28605204650207,0.9864,pathogenic,https://doi.org/10.1101/2022.10.22.513328
N5D,-0.01569,0.17381,-0.1359599804282929,Neutral,Neutral,93.1,,,0.123,"cBioPortal,COSMIC",,True,93.1,,,,neutral,neutral,neutral,-,uncertain,uncertain,uncertain,,,,-0.0581,2.2195,-8.5697,loss_of_function,-1.25746547447381,0.5645,pathogenic,https://doi.org/10.1101/2022.10.22.513328
E15G,1.04763,0.71803,0.8965458642519342,Neutral,Neutral,71.7,,,0.12,cBioPortal,,False,71.7,,,,neutral,neutral,neutral,DOWN,neutral,neutral,neutral,,,,-0.0935,1.9374,-7.622,loss_of_function,-1.1701162915503,0.314,benign,https://doi.org/10.1101/2022.10.22.513328
K25N,0.3781,0.08741,0.2023679282935681,Neutral,Neutral,82.6,,,0.091,cBioPortal,,True,82.6,,,,neutral,neutral,neutral,DOWN,neutral,neutral,neutral,,,,-0.1259,1.5049,-7.2823,loss_of_function,-0.338365884172819,0.7786,pathogenic,https://doi.org/10.1101/2022.10.22.513328
E26D,0.52687,0.53571,0.4470019498181732,Neutral,Neutral,39.6,,,0.261,cBioPortal,,True,39.6,,,,neutral,neutral,neutral,DOWN,neutral,neutral,neutral,,,,-0.1917,0.2882,-8.8764,loss_of_function,-1.93366540100385,0.9823,pathogenic,https://doi.org/10.1101/2022.10.22.513328
P39L,1.62824,1.53401,-1.016308577364183,Neutral,Neutral,73.4,,,,cBioPortal,,False,73.4,,,,neutral,neutral,neutral,UP,neutral,neutral,mixed_effects,,,,-0.3048,0.0419,-8.9599,loss_of_function,-4.31508689056243,0.9631,pathogenic,https://doi.org/10.1101/2022.10.22.513328
S40C,0.19186,1.01429,0.9141841587487696,Neutral,Neutral,82.7,,,0.457,"cBioPortal,COSMIC",,False,82.7,,,,uncertain,,,UP,neutral,neutral,mixed_effects,,,,-0.2315,1.0817,-22.2477,loss_of_function,-2.02308978457338,0.2674,benign,https://doi.org/10.1101/2022.10.22.513328
G41R,6.86921,-0.62857,3.5811264932659674,Uncertain,Destabilizing,2.0,,,0.846,COSMIC,,False,2.0,,,,neutral,neutral,neutral,UP,neutral,neutral,destabilizing,,,,-0.4545,0.0627,-22.2477,loss_of_function,-4.45669829168355,0.9909,pathogenic,https://doi.org/10.1101/2022.10.22.513328
D44N,1.61114,0.30918,1.192451455195474,Neutral,Neutral,66.9,,,0.133,cBioPortal,,False,66.9,,,,neutral,neutral,neutral,-,uncertain,uncertain,uncertain,,,,-0.0177,2.2101,-3.7506,loss_of_function,-0.401577956412556,0.3672,ambiguous,https://doi.org/10.1101/2022.10.22.513328
A45T,3.3779,0.07245,0.3719125697711123,Uncertain,Uncertain,20.3,,3.9762696229e-06,0.058,COSMIC,,False,20.3,,,,neutral,neutral,neutral,UP,neutral,neutral,neutral,,,,-0.0021,2.6239,-8.9599,loss_of_function,-1.35283768203693,0.0977,benign,https://doi.org/10.1101/2022.10.22.513328
A45V,5.234,-0.32891,-0.006772607800386,Uncertain,Uncertain,20.3,3.18796225453e-05,1.59052049783e-05,0.069,cBioPortal,,False,20.3,,,,neutral,neutral,neutral,UP,neutral,neutral,neutral,,,,0.0297,2.6239,-3.3161,gain_of_function,0.434641279569109,0.1225,benign,https://doi.org/10.1101/2022.10.22.513328
F48C,3.58048,4.06973,4.562566761248867,Destabilizing,Destabilizing,4.2,,,0.894,cBioPortal,,False,4.2,,,,neutral,neutral,neutral,DOWN,neutral,neutral,neutral,,,,-0.4118,0.0625,-22.2535,loss_of_function,-5.34936562701941,0.9967,pathogenic,https://doi.org/10.1101/2022.10.22.513328
P57L,1.25682,1.30578,-0.790107465372275,Neutral,Neutral,38.8,,,0.498,"cBioPortal,COSMIC",,False,38.8,,,,neutral,neutral,neutral,UP,neutral,neutral,destabilizing,,,,-0.3727,0.0417,-22.2535,loss_of_function,-3.17732533610666,0.9759,pathogenic,https://doi.org/10.1101/2022.10.22.513328
P57S,1.97477,1.82891,-0.01081138305624,Neutral,Neutral,38.8,,,0.52,"cBioPortal,COSMIC",,False,38.8,,,,neutral,neutral,neutral,DOWN,neutral,neutral,destabilizing,,,,-0.3236,0.0417,-22.2535,loss_of_function,-2.97883524341956,0.9842,pathogenic,https://doi.org/10.1101/2022.10.22.513328
F64Y,1.58707,0.90238,-0.2364354360447085,Neutral,Neutral,0.6,,,0.255,"cBioPortal,COSMIC",,True,0.6,,,,neutral,neutral,neutral,-,uncertain,uncertain,uncertain,,,,-0.2599,0.0907,-7.9628,loss_of_function,-1.61244865585799,0.7611,pathogenic,https://doi.org/10.1101/2022.10.22.513328
T66A,-0.34399,-0.05306,0.1706386199050436,Neutral,Neutral,54.0,,,0.091,"cBioPortal,COSMIC",,True,54.0,,,,uncertain,,,DOWN,neutral,neutral,neutral,,,,-0.0006,2.5434,-4.9629,loss_of_function,-0.736110532098163,0.0751,benign,https://doi.org/10.1101/2022.10.22.513328
F67I,0.53852,0.55408,1.1903827284819708,Neutral,Neutral,23.3,,,0.154,"cBioPortal,COSMIC",,True,23.3,,,,neutral,neutral,neutral,DOWN,neutral,neutral,neutral,,,,-0.1541,1.807,-7.9628,loss_of_function,-3.71894296002515,0.9431,pathogenic,https://doi.org/10.1101/2022.10.22.513328
V71I,0.51512,-0.09626,0.2632765482288279,Neutral,Neutral,10.8,3.186336987e-05,1.5906090442e-05,0.155,cBioPortal,,True,10.8,,,,neutral,neutral,neutral,UP,neutral,neutral,neutral,,,,-0.1527,0.7183,-8.9628,loss_of_function,-1.3571346188062,0.4769,ambiguous,https://doi.org/10.1101/2022.10.22.513328
D73H,6.58331,3.47007,0.4088895956181987,Destabilizing,Uncertain,1.5,,,0.946,"cBioPortal,COSMIC",,True,1.5,,,,neutral,neutral,neutral,UP,neutral,neutral,neutral,,,,-0.3562,0.0209,-22.2535,loss_of_function,-7.81857298919357,0.9971,pathogenic,https://doi.org/10.1101/2022.10.22.513328
R79Q,0.21113,0.69796,1.979233624091942,Neutral,Neutral,38.9,,7.9553861942e-06,0.267,"cBioPortal,COSMIC",,False,38.9,,,,neutral,neutral,neutral,DOWN,neutral,neutral,neutral,,,,-0.0496,2.7607,-6.3779,loss_of_function,0.0266066447202812,0.11,benign,https://doi.org/10.1101/2022.10.22.513328
F82L,-0.35039,3.06939,1.1968630061528367,Uncertain,Neutral,25.6,,,0.663,"cBioPortal,COSMIC",,True,25.6,,,,neutral,neutral,neutral,DOWN,neutral,neutral,destabilizing,,,,-0.3477,0.0836,-22.2477,loss_of_function,-3.92918757253548,0.9996,pathogenic,https://doi.org/10.1101/2022.10.22.513328
E84D,0.80174,1.26769,1.140478124960506,Neutral,Neutral,11.9,,,0.628,COSMIC,,True,11.9,,,,neutral,neutral,neutral,DOWN,neutral,neutral,neutral,,,,-0.2768,0.1043,-22.2506,loss_of_function,-2.50793324538788,0.941,pathogenic,https://doi.org/10.1101/2022.10.22.513328
E84K,-1.42639,0.42789,1.1642305994150532,Neutral,Neutral,11.9,,7.9548799211e-06,0.827,"cBioPortal,COSMIC",,True,11.9,,,,neutral,neutral,neutral,UP,neutral,neutral,neutral,,,,-0.3331,0.1043,-22.2506,loss_of_function,-5.09289303988265,0.9871,pathogenic,https://doi.org/10.1101/2022.10.22.513328
Q87H,0.26716,-0.00748,-0.488711118472459,Neutral,Neutral,69.4,,,0.237,"cBioPortal,COSMIC",,True,69.4,,,,neutral,neutral,neutral,UP,neutral,neutral,neutral,,,,-0.0051,2.4785,-8.9628,loss_of_function,-1.01396243834334,0.3684,ambiguous,https://doi.org/10.1101/2022.10.22.513328
A88T,2.36487,0.60136,0.9468139841940754,Uncertain,Uncertain,7.2,,,0.635,cBioPortal,,True,7.2,,,,neutral,neutral,neutral,UP,neutral,neutral,neutral,,,,-0.2967,0.1587,-22.2506,loss_of_function,-2.1919477132083,0.9523,pathogenic,https://doi.org/10.1101/2022.10.22.513328
A88V,1.40752,-0.25034,0.300581318556859,Neutral,Neutral,7.2,,3.9775665248e-06,0.473,"cBioPortal,COSMIC",,True,7.2,,,,neutral,neutral,neutral,UP,neutral,neutral,neutral,,,,-0.2208,0.1587,-7.9628,loss_of_function,-2.5844999580618,0.9615,pathogenic,https://doi.org/10.1101/2022.10.22.513328
S90L,-2.56989,6.42143,-1.756762799112559,Uncertain,Uncertain,10.6,,,0.579,"cBioPortal,COSMIC,clinvar",,False,10.6,,,,uncertain,,,UP,neutral,neutral,destabilizing,2313248,Uncertain significance,1,-0.3449,0.1419,-22.2506,loss_of_function,-4.84295206491376,0.9916,pathogenic,https://doi.org/10.1101/2022.10.22.513328
R94Q,-0.64182,-0.1602,0.4340005890551096,Neutral,Neutral,61.6,,3.9775665248e-06,0.417,cBioPortal,,True,61.6,,,,neutral,neutral,neutral,DOWN,neutral,neutral,neutral,,,,-0.2958,0.1737,-7.9657,loss_of_function,-1.58341341884219,0.9353,pathogenic,https://doi.org/10.1101/2022.10.22.513328
R94W,-0.90605,0.77109,-0.2893315477864294,Neutral,Neutral,61.6,,,0.443,"cBioPortal,COSMIC",,True,61.6,,,,neutral,neutral,neutral,UP,neutral,neutral,destabilizing,,,,-0.3439,0.1737,-8.9656,loss_of_function,-3.32029119244495,0.9881,pathogenic,https://doi.org/10.1101/2022.10.22.513328
G95E,7.48857,6.27925,5.457350583149943,Destabilizing,Destabilizing,0.0,,,0.558,"cBioPortal,COSMIC",,True,0.0,,,,neutral,neutral,neutral,UP,neutral,neutral,neutral,,,,-0.4356,0.0834,-22.2506,loss_of_function,-4.55814901981051,0.9995,pathogenic,https://doi.org/10.1101/2022.10.22.513328
G95R,5.10007,5.37041,4.269719009885607,Destabilizing,Destabilizing,0.0,,,0.55,COSMIC,,True,0.0,,,,neutral,neutral,neutral,UP,neutral,neutral,neutral,,,,-0.4526,0.0834,-22.2506,loss_of_function,-4.47746226920237,0.9994,pathogenic,https://doi.org/10.1101/2022.10.22.513328
L97M,-0.4073,2.82959,0.511600586093622,Uncertain,Neutral,85.8,,,0.081,COSMIC,,True,85.8,,,,neutral,neutral,neutral,-,uncertain,uncertain,uncertain,,,,-0.0913,1.3376,-2.1527,loss_of_function,-0.41851038850494,0.315,benign,https://doi.org/10.1101/2022.10.22.513328
K100N,1.88226,1.9983,0.6593093746289819,Neutral,Neutral,47.3,,,0.349,"cBioPortal,COSMIC",,True,47.3,,,,neutral,neutral,neutral,DOWN,neutral,neutral,destabilizing,,,,-0.3292,0.1257,-22.2419,loss_of_function,-4.46320878740837,0.9989,pathogenic,https://doi.org/10.1101/2022.10.22.513328
R102L,-0.68308,-0.10102,-0.2652277482541387,Neutral,Neutral,58.3,,,0.317,"cBioPortal,COSMIC",,False,58.3,,,,neutral,neutral,neutral,DOWN,neutral,neutral,neutral,,,,-0.0758,2.7454,-5.7901,loss_of_function,-1.01185688856296,0.252,benign,https://doi.org/10.1101/2022.10.22.513328
R102Q,-0.5393,0.18367,0.5407254924523877,Neutral,Neutral,58.3,3.18572793883e-05,0.0001471992361553,0.272,cBioPortal,,False,58.3,,,,neutral,neutral,neutral,DOWN,neutral,neutral,neutral,,,,-0.0405,2.7454,-4.3161,loss_of_function,-0.457404940747539,0.0941,benign,https://doi.org/10.1101/2022.10.22.513328
R102W,-0.2974,-0.19388,-0.3518641428660074,Neutral,Neutral,58.3,3.18572793883e-05,3.9783260795e-06,0.391,"cBioPortal,COSMIC",,False,58.3,,,,neutral,neutral,neutral,UP,neutral,neutral,neutral,,,,-0.175,2.7454,-22.2477,loss_of_function,-2.46802001657216,0.4557,ambiguous,https://doi.org/10.1101/2022.10.22.513328
W103C,2.64974,4.36463,3.7488527380637024,Uncertain,Uncertain,18.1,,,0.589,COSMIC,,False,18.1,,,,neutral,neutral,neutral,DOWN,neutral,neutral,destabilizing,,,,-0.4255,0.1527,-7.9599,loss_of_function,-2.85706817533253,0.9968,pathogenic,https://doi.org/10.1101/2022.10.22.513328
F105C,3.95831,3.20986,4.272931687983372,Destabilizing,Destabilizing,4.8,,,0.984,"cBioPortal,COSMIC",,False,4.8,,,,neutral,neutral,neutral,DOWN,neutral,neutral,destabilizing,,,,-0.3401,0.1041,-8.9656,loss_of_function,-6.52453541310019,0.9949,pathogenic,https://doi.org/10.1101/2022.10.22.513328
F105L,1.39477,2.42585,2.2382372861172333,Uncertain,Uncertain,4.8,,,0.808,"cBioPortal,COSMIC",,False,4.8,,,,neutral,neutral,neutral,DOWN,neutral,neutral,destabilizing,,,,-0.3458,0.1041,-22.2535,loss_of_function,-7.51627319958167,0.9996,pathogenic,https://doi.org/10.1101/2022.10.22.513328
D109Y,2.2119,5.13741,-0.1436162488697867,Uncertain,Uncertain,0.5,,,0.963,"cBioPortal,COSMIC",,False,0.5,,,,neutral,neutral,neutral,UP,neutral,neutral,neutral,,,,-0.3899,0.0418,-22.2506,loss_of_function,-6.87042523943105,0.9959,pathogenic,https://doi.org/10.1101/2022.10.22.513328
D111N,-0.64717,-0.16327,-0.2144541364199287,Neutral,Neutral,60.9,,,0.545,"cBioPortal,COSMIC",,False,60.9,,,,neutral,neutral,neutral,-,uncertain,uncertain,uncertain,,,,-0.1917,0.3445,-4.2109,loss_of_function,-1.22355059163263,0.3747,ambiguous,https://doi.org/10.1101/2022.10.22.513328
D111Y,-0.81047,-0.19354,-0.2289649722720427,Neutral,Neutral,60.9,,,0.9,cBioPortal,,False,60.9,,,,neutral,neutral,neutral,UP,neutral,neutral,neutral,,,,-0.3621,0.3445,-22.2535,loss_of_function,-5.57380966114313,0.9933,pathogenic,https://doi.org/10.1101/2022.10.22.513328
G114C,3.25261,1.93095,1.800210784276232,Uncertain,Uncertain,89.6,,,0.911,COSMIC,,False,89.6,,,,neutral,neutral,neutral,UP,neutral,neutral,neutral,,,,-0.4339,0.1041,-22.2535,loss_of_function,-8.07879661377975,0.9665,pathogenic,https://doi.org/10.1101/2022.10.22.513328
I116M,0.26433,1.73435,0.8013348850033497,Neutral,Neutral,1.1,,,0.672,"cBioPortal,COSMIC",,True,1.1,,,,neutral,neutral,neutral,-,uncertain,uncertain,uncertain,,,,-0.304,0.1432,-22.2535,loss_of_function,-4.23708151192262,0.9699,pathogenic,https://doi.org/10.1101/2022.10.22.513328
I116S,2.55944,3.62381,3.3477447391171555,Uncertain,Uncertain,1.1,,,0.949,cBioPortal,,True,1.1,,,,neutral,neutral,neutral,DOWN,neutral,neutral,destabilizing,,,,-0.4538,0.1432,-22.2535,loss_of_function,-7.76563721605901,0.9989,pathogenic,https://doi.org/10.1101/2022.10.22.513328
T117A,0.594,0.16803,0.7773531843879511,Neutral,Neutral,58.8,,,0.823,"cBioPortal,COSMIC",P,True,58.8,-0.3,,,damaging,neutral,potentially_damaging,DOWN,neutral,neutral,destabilizing,,,,-0.146,1.097,-7.3808,loss_of_function,-0.802573166498641,0.7665,pathogenic,https://doi.org/10.1101/2022.10.22.513328
N119S,-0.19379,0.10918,-0.1321065557162626,Neutral,Neutral,111.5,,,,clinvar,,True,111.5,,,,neutral,neutral,neutral,DOWN,neutral,neutral,destabilizing,2359595,Uncertain significance,1,0.0247,2.5221,-4.319,gain_of_function,-0.396952376215151,0.0594,benign,https://doi.org/10.1101/2022.10.22.513328
E120V,-0.77955,1.65884,-0.3508514550919356,Neutral,Neutral,22.1,,,0.945,cBioPortal,,True,22.1,,,,neutral,neutral,neutral,-,uncertain,uncertain,uncertain,,,,-0.3301,0.0418,-22.2506,loss_of_function,-5.57449921437788,0.9994,pathogenic,https://doi.org/10.1101/2022.10.22.513328
M121I,0.03555,-0.21054,0.4205622064689734,Neutral,Neutral,0.1,,,0.728,"cBioPortal,COSMIC",,True,0.1,,,,neutral,neutral,neutral,-,uncertain,uncertain,uncertain,,,,-0.3078,0.1226,-22.2506,loss_of_function,-2.29524179051612,0.9944,pathogenic,https://doi.org/10.1101/2022.10.22.513328
D123N,-0.5652,0.64966,0.0059263417925814,Neutral,Neutral,61.5,,,0.096,COSMIC,,True,61.5,,,,neutral,neutral,neutral,-,uncertain,uncertain,uncertain,,,,0.0652,3.0569,-2.7702,gain_of_function,-0.0164538448150601,0.1067,benign,https://doi.org/10.1101/2022.10.22.513328
M131I,5.73554,-0.0415,1.5304701499689572,Uncertain,Uncertain,5.1,,,0.79,"cBioPortal,COSMIC",,True,5.1,,,,neutral,neutral,neutral,-,uncertain,uncertain,uncertain,,,,-0.3088,0.1114,-22.2535,loss_of_function,-2.19892671981654,0.9972,pathogenic,https://doi.org/10.1101/2022.10.22.513328
V132L,-4.32651,0.38129,0.0666899431138884,Uncertain,Uncertain,11.5,,,0.341,"cBioPortal,COSMIC",,True,11.5,,,,neutral,neutral,neutral,UP,neutral,neutral,neutral,,,,-0.1796,0.9216,-5.1584,loss_of_function,-0.847388059601471,0.9115,pathogenic,https://doi.org/10.1101/2022.10.22.513328
T135A,-1.15172,-1.30102,0.4525763017972256,Neutral,Neutral,112.2,,,0.287,COSMIC,,True,112.2,,,,uncertain,,,DOWN,neutral,neutral,destabilizing,,,,-0.0517,2.1214,-7.375,loss_of_function,-0.628073054801383,0.228,benign,https://doi.org/10.1101/2022.10.22.513328
E142D,0.51976,-1.24932,0.0834815574077968,Neutral,Neutral,52.9,,,0.108,COSMIC,,True,52.9,,,,neutral,neutral,neutral,DOWN,neutral,neutral,destabilizing,,,,-0.1869,0.1685,-5.7872,loss_of_function,-0.843719043652721,0.8683,pathogenic,https://doi.org/10.1101/2022.10.22.513328
E142K,0.38175,0.25986,0.2082825591179282,Neutral,Neutral,52.9,,,0.662,cBioPortal,,True,52.9,,,,neutral,neutral,neutral,UP,neutral,neutral,neutral,,,,-0.3272,0.1685,-22.2448,loss_of_function,-2.37446131971994,0.9792,pathogenic,https://doi.org/10.1101/2022.10.22.513328
P145L,0.27171,2.08299,-0.3283811932351693,Uncertain,Neutral,4.7,,,0.569,cBioPortal,,True,4.7,,,,neutral,neutral,neutral,UP,neutral,neutral,neutral,,,,-0.3671,0.102,-22.2477,loss_of_function,-2.23012884934855,0.9762,pathogenic,https://doi.org/10.1101/2022.10.22.513328
E146K,-1.5724,-0.33946,0.4593110578258613,Neutral,Neutral,43.4,,,0.547,cBioPortal,,True,43.4,,,,neutral,neutral,neutral,UP,neutral,neutral,neutral,,,,-0.195,0.7131,-6.1555,loss_of_function,-1.1095643429332,0.4026,ambiguous,https://doi.org/10.1101/2022.10.22.513328
R148G,0.8075,1.65918,1.3569033586627737,Neutral,Neutral,49.9,,,0.671,COSMIC,,False,49.9,,,,neutral,neutral,neutral,DOWN,neutral,neutral,neutral,,,,-0.4404,0.0531,-22.2506,loss_of_function,-5.66504420799579,0.9936,pathogenic,https://doi.org/10.1101/2022.10.22.513328
V149A,-0.01382,1.76395,1.5818093434672935,Neutral,Neutral,1.6,,,0.815,"cBioPortal,COSMIC",,False,1.6,,,,neutral,neutral,neutral,DOWN,neutral,neutral,neutral,,,,-0.2248,0.6353,-8.9599,loss_of_function,-1.49024630713744,0.8307,pathogenic,https://doi.org/10.1101/2022.10.22.513328
D150G,-0.18723,1.94932,1.0711239037108335,Neutral,Neutral,37.9,,,0.82,COSMIC,,True,37.9,,,,neutral,neutral,neutral,DOWN,neutral,neutral,neutral,,,,-0.1656,2.1111,-22.2477,loss_of_function,-3.13475860008897,0.6206,pathogenic,https://doi.org/10.1101/2022.10.22.513328
R151Q,-0.37504,-0.07959,0.1824123773268898,Neutral,Neutral,80.4,,,0.477,"cBioPortal,COSMIC",,True,80.4,,,,neutral,neutral,neutral,DOWN,neutral,neutral,neutral,,,,-0.2247,1.0018,-8.9628,loss_of_function,-1.21645188299619,0.5335,ambiguous,https://doi.org/10.1101/2022.10.22.513328
I152V,0.39297,0.64796,0.5166732137432684,Neutral,Neutral,41.7,,,0.474,COSMIC,,True,41.7,,,,neutral,neutral,neutral,DOWN,neutral,neutral,neutral,,,,-0.1762,0.213,-7.3779,loss_of_function,-1.3479574190499,0.7959,pathogenic,https://doi.org/10.1101/2022.10.22.513328
M155L,0.09948,-0.33095,-0.4294819406125144,Neutral,Neutral,66.4,,,0.225,COSMIC,,True,66.4,,,,neutral,neutral,neutral,-,uncertain,uncertain,uncertain,,,,-0.0033,2.0197,-3.2625,loss_of_function,-0.108940778273916,0.1501,benign,https://doi.org/10.1101/2022.10.22.513328
M156I,1.0072,-0.01939,0.7987598698488996,Neutral,Neutral,30.1,,,0.771,"cBioPortal,COSMIC",,True,30.1,,,,neutral,neutral,neutral,-,uncertain,uncertain,uncertain,,,,-0.2262,0.2722,-8.9628,loss_of_function,-1.34964753729978,0.9911,pathogenic,https://doi.org/10.1101/2022.10.22.513328
K158R,-0.29609,0.11871,-0.2930035688422244,Neutral,Neutral,78.4,,,0.262,COSMIC,,True,78.4,,,,neutral,neutral,neutral,-,uncertain,uncertain,uncertain,,,,-0.0353,1.4236,-4.6381,loss_of_function,-0.511137138942447,0.1101,benign,https://doi.org/10.1101/2022.10.22.513328
D161Y,-0.19799,-1.03265,-0.2562385606532191,Neutral,Neutral,53.9,,,0.891,"cBioPortal,COSMIC",,False,53.9,,,,neutral,neutral,neutral,UP,neutral,neutral,neutral,,,,-0.3114,0.8933,-22.2273,loss_of_function,-6.1069901734769,0.9919,pathogenic,https://doi.org/10.1101/2022.10.22.513328
Q167H,0.25925,0.17857,-0.4209955971814583,Neutral,Neutral,112.8,,,0.38,cBioPortal,,True,112.8,,,,neutral,neutral,neutral,UP,neutral,neutral,destabilizing,,,,-0.1135,2.0359,-22.2185,loss_of_function,-1.72458979080405,0.2601,benign,https://doi.org/10.1101/2022.10.22.513328
Q167R,-0.00423,0.14694,-0.4578598877797246,Neutral,Neutral,112.8,,,0.488,"cBioPortal,COSMIC",,True,112.8,,,,neutral,neutral,neutral,UP,neutral,neutral,destabilizing,,,,-0.0763,2.0359,-8.9306,loss_of_function,-1.16227292024647,0.161,benign,https://doi.org/10.1101/2022.10.22.513328
Q170P,5.2953,7.75034,5.038633659176594,Destabilizing,Destabilizing,50.3,,,0.631,COSMIC,,False,50.3,,,,neutral,neutral,neutral,DOWN,neutral,neutral,destabilizing,,,,-0.2569,2.3529,-22.2096,loss_of_function,-2.98129319427005,0.9966,pathogenic,https://doi.org/10.1101/2022.10.22.513328
E171D,0.45188,-0.02925,0.2577192703360909,Neutral,Neutral,84.9,,,0.352,"cBioPortal,COSMIC",,False,84.9,,,,neutral,neutral,neutral,DOWN,neutral,neutral,destabilizing,,,,-0.1235,0.8472,-5.5999,loss_of_function,-0.311161577599599,0.2071,benign,https://doi.org/10.1101/2022.10.22.513328
S173F,5.70997,1.74524,-0.8215718916114906,Uncertain,Uncertain,0.8,,,0.625,"cBioPortal,COSMIC",,False,0.8,,,,uncertain,,,UP,neutral,neutral,destabilizing,,,,-0.2817,0.8334,-22.2096,loss_of_function,-2.5836032897788,0.9903,pathogenic,https://doi.org/10.1101/2022.10.22.513328
D187E,-0.02199,-0.10068,0.0037344163473695,Neutral,Neutral,93.8,,,0.421,cBioPortal,,False,93.8,,,,neutral,neutral,neutral,UP,neutral,neutral,destabilizing,,,,-0.1582,0.5168,-5.0284,loss_of_function,-0.103588563067625,0.8477,pathogenic,https://doi.org/10.1101/2022.10.22.513328
D187H,0.09525,0.49558,-0.110886464580478,Neutral,Neutral,93.8,,,,clinvar,,False,93.8,,,,neutral,neutral,neutral,UP,neutral,neutral,destabilizing,2494069,Uncertain significance,1,-0.3081,0.5168,-21.7756,loss_of_function,-0.364622476822502,0.9692,pathogenic,https://doi.org/10.1101/2022.10.22.513328
G188R,2.78112,0.86701,0.1190827046706127,Uncertain,Uncertain,49.1,,4.0078875226e-06,0.748,COSMIC,,False,49.1,,,,neutral,neutral,neutral,UP,neutral,neutral,mixed_effects,,,,-0.4369,0.2269,-21.7553,loss_of_function,-0.811397800775724,0.9729,pathogenic,https://doi.org/10.1101/2022.10.22.513328
