Mutation,"Stability (FoldX5, alphafold, kcal/mol)","Stability (Rosetta Cartddg2020, alphafold, kcal/mol)","Stability (RaSP, alphafold, kcal/mol)","Stability classification, alphafold, (Rosetta, FoldX)","Stability classification, alphafold, (RaSP, FoldX)",gnomAD genome allele frequency,gnomAD exome allele frequency,REVEL score,Mutation sources,PTMs,is site part of phospho-SLiM,PTM residue SASA (%),"Change in stability with PTM (FoldX5, kcal/mol)","Change in binding with PTM (FoldX5, kcal/mol)","Change in binding with mutation (FoldX5, kcal/mol)",PTM effect in regulation,PTM effect in stability,PTM effect in function,AlloSigma2 mutation type,AlloSigma2 predicted consequence - active sites,AlloSigma2 predicted consequence - cofactor sites,AlloSigma2 predicted consequence - pockets and interfaces,ClinVar Variation ID,ClinVar Interpretation,ClinVar Review Status,AlphaFold2 model pLDDT score,AlphaFold2 model secondary structure,DeMaSk delta fitness,DeMaSk Shannon entropy,DeMaSk log2 variant frequency,DeMaSk predicted consequence,GEMME Score,EVE score,EVE classification (25% Uncertain),AlphaMissense pathogenicity score,AlphaMissense classification,References
E3K,-0.11188,1.42993,0.6141239030128267,Neutral,Neutral,,,0.105,"cBioPortal,COSMIC",,False,77.4,,,,neutral,neutral,neutral,UP,neutral,neutral,neutral,,,,75.59,-,-0.0116,2.4346,-1.2574,loss_of_function,-0.019536637532911,,,0.6705,pathogenic,https://doi.org/10.1101/2022.10.22.513328
R8C,1.91706,1.08844,1.475560973725587,Neutral,Neutral,,,0.757,"cBioPortal,COSMIC",,True,51.3,,,,neutral,neutral,neutral,DOWN,neutral,neutral,neutral,,,,94.18,E,-0.4047,0.1317,-21.8576,loss_of_function,-5.59576676824919,0.8944944522520089,Pathogenic,0.9778,pathogenic,https://doi.org/10.1101/2022.10.22.513328
R8H,2.38624,0.27177,0.4560652853107655,Uncertain,Uncertain,,,0.552,cBioPortal,,True,51.3,,,,neutral,neutral,neutral,DOWN,neutral,neutral,neutral,,,,94.18,E,-0.3656,0.1317,-21.8576,loss_of_function,-6.2706703150168,0.9028461770878876,Pathogenic,0.9787,pathogenic,https://doi.org/10.1101/2022.10.22.513328
G14R,3.11438,4.60544,1.331196704521434,Destabilizing,Uncertain,3.18511912346e-05,4.0121648839e-06,0.645,cBioPortal,,False,92.8,,,,neutral,neutral,neutral,UP,neutral,neutral,stabilizing,,,,75.92,E,-0.4583,0.0001,-21.8651,loss_of_function,-6.34758831283605,0.903664498068909,Pathogenic,0.9893,pathogenic,https://doi.org/10.1101/2022.10.22.513328
K16N,1.85027,0.73333,0.6105686236733728,Neutral,Neutral,,,0.38,cBioPortal,,False,50.3,,,,neutral,neutral,neutral,DOWN,neutral,neutral,neutral,,,,91.42,E,-0.0465,2.3525,-6.9962,loss_of_function,-2.57799872674319,0.174385862811583,Benign,0.9022,pathogenic,https://doi.org/10.1101/2022.10.22.513328
K22Q,0.41557,0.94864,0.6412081783887108,Neutral,Neutral,,4.0118751504e-06,0.142,cBioPortal,,True,50.2,,,,neutral,neutral,neutral,DOWN,neutral,neutral,neutral,,,,84.45,T,0.047,3.0734,-5.4075,gain_of_function,-0.962459237693666,9.539551368958568e-09,Benign,0.1977,benign,https://doi.org/10.1101/2022.10.22.513328
A27V,0.79937,0.72925,-0.2659066116254038,Neutral,Neutral,,,0.151,COSMIC,,False,40.3,,,,neutral,neutral,neutral,UP,neutral,neutral,neutral,,,,87.45,H,0.0669,3.1538,-5.5924,gain_of_function,-0.430544205685628,9.80728566099123e-05,Benign,0.1317,benign,https://doi.org/10.1101/2022.10.22.513328
A34P,9.29283,13.08163,5.757049691905151,Destabilizing,Destabilizing,,,0.204,"cBioPortal,COSMIC",,True,5.7,,,,neutral,neutral,neutral,UP,neutral,neutral,neutral,,,,89.37,H,-0.0881,3.2522,-7.6073,loss_of_function,-1.94439482045575,0.0132977920231545,Benign,0.9815,pathogenic,https://doi.org/10.1101/2022.10.22.513328
S45L,-0.92972,-0.97993,-0.6079210725177131,Neutral,Neutral,,,0.355,"cBioPortal,COSMIC",,False,38.8,,,,uncertain,,,UP,neutral,neutral,neutral,,,,90.61,E,-0.0081,2.9034,-6.0334,loss_of_function,-1.13733820610332,9.54880450654255e-06,Benign,0.0976,benign,https://doi.org/10.1101/2022.10.22.513328
N49S,0.9839,0.58265,0.5726183532687579,Neutral,Neutral,,,,clinvar,,True,64.3,,,,neutral,neutral,neutral,DOWN,neutral,neutral,neutral,2223152,Uncertain significance,1,83.19,S,0.0475,2.6724,-2.5596,gain_of_function,-1.09534811514272,1.280123995513907e-07,Benign,0.0775,benign,https://doi.org/10.1101/2022.10.22.513328
N51H,1.51662,1.1381,0.2235423376961137,Neutral,Neutral,,,0.234,COSMIC,,True,85.6,,,,neutral,neutral,neutral,UP,neutral,neutral,stabilizing,,,,78.63,T,-0.0065,2.6736,-6.3038,loss_of_function,-1.99201214112503,0.0063699305956674,Benign,0.2462,benign,https://doi.org/10.1101/2022.10.22.513328
N51K,0.68118,1.30816,0.7784577890651079,Neutral,Neutral,,,0.182,cBioPortal,,True,85.6,,,,neutral,neutral,neutral,UP,neutral,neutral,stabilizing,,,,78.63,T,0.0089,2.6736,-3.6257,gain_of_function,-1.09856516718483,3.3006398448866507e-06,Benign,0.6815,pathogenic,https://doi.org/10.1101/2022.10.22.513328
G54E,2.56823,0.28503,0.5033077268925523,Uncertain,Uncertain,,,0.172,"cBioPortal,COSMIC",,True,83.2,,,,neutral,neutral,neutral,UP,neutral,neutral,neutral,,,,84.42,S,-0.076,2.9592,-3.6221,loss_of_function,-0.279945814378645,2.1579780781731059e-07,Benign,0.3498,ambiguous,https://doi.org/10.1101/2022.10.22.513328
S59F,0.27287,0.3085,-0.2651089136137891,Neutral,Neutral,,4.0119717236e-06,0.352,COSMIC,,False,98.0,,,,uncertain,,,UP,neutral,neutral,stabilizing,,,,72.58,T,-0.0617,2.4711,-8.6329,loss_of_function,-2.00057747609368,0.0270714886960624,Benign,0.165,benign,https://doi.org/10.1101/2022.10.22.513328
K62I,0.64705,0.44116,-0.3975153123766484,Neutral,Neutral,,,0.26,"cBioPortal,COSMIC",,False,66.1,,,,neutral,neutral,neutral,-,uncertain,uncertain,uncertain,,,,84.94,-,-0.0328,2.6255,-5.3074,loss_of_function,-0.965413003176454,0.0008644945366356,Benign,0.5773,pathogenic,https://doi.org/10.1101/2022.10.22.513328
L64F,8.86349,2.72687,1.7820568588134993,Uncertain,Uncertain,,,0.308,"cBioPortal,COSMIC",,False,0.0,,,,neutral,neutral,neutral,UP,neutral,neutral,neutral,,,,85.16,T,-0.1091,1.7293,-5.633,loss_of_function,-1.5899796484536,0.017404962119509,Benign,0.6547,pathogenic,https://doi.org/10.1101/2022.10.22.513328
L66M,0.06439,0.3881,0.5086090653080918,Neutral,Neutral,,,0.089,"cBioPortal,COSMIC",,False,75.2,,,,neutral,neutral,neutral,-,uncertain,uncertain,uncertain,,,,84.43,T,0.0657,3.2753,-6.311,gain_of_function,-0.892323882485083,6.295088554501205e-07,Benign,0.0774,benign,https://doi.org/10.1101/2022.10.22.513328
G72D,3.32324,0.25884,0.533528107904,Uncertain,Uncertain,,,0.626,COSMIC,,False,66.7,,,,neutral,neutral,neutral,UP,neutral,neutral,neutral,,,,86.72,T,-0.4356,0.0746,-21.9566,loss_of_function,-6.41050460094495,0.9031565624182514,Pathogenic,0.9988,pathogenic,https://doi.org/10.1101/2022.10.22.513328
D73N,1.20142,1.14014,0.6290568197258228,Neutral,Neutral,,,0.671,"cBioPortal,COSMIC",,False,45.5,,,,neutral,neutral,neutral,-,uncertain,uncertain,uncertain,,,,92.59,-,-0.204,0.4029,-7.6688,loss_of_function,-1.68757871868051,0.6395570368856506,Uncertain,0.4498,ambiguous,https://doi.org/10.1101/2022.10.22.513328
L77M,1.56263,0.82551,1.9640838904922269,Neutral,Neutral,,,0.278,COSMIC,,False,0.0,,,,neutral,neutral,neutral,-,uncertain,uncertain,uncertain,,,,92.31,E,-0.097,1.4145,-4.6582,loss_of_function,-0.898407114626843,0.0006669155985657,Benign,0.2419,benign,https://doi.org/10.1101/2022.10.22.513328
P79S,3.01945,1.60578,1.5216320150584088,Uncertain,Uncertain,,,0.196,"cBioPortal,COSMIC",,False,34.1,,,,neutral,neutral,neutral,DOWN,neutral,neutral,neutral,,,,85.02,E,-0.0268,2.336,-5.4635,loss_of_function,-1.46133189020301,2.05402660720129e-07,Benign,0.1579,benign,https://doi.org/10.1101/2022.10.22.513328
S80W,-0.5325,-0.88027,-1.3782495880258503,Neutral,Neutral,,4.0185496251e-06,0.294,"cBioPortal,COSMIC",,False,63.3,,,,uncertain,,,UP,neutral,neutral,stabilizing,,,,78.65,-,-0.0811,3.1013,-21.8839,loss_of_function,-1.65427626400871,0.0953457980482869,Benign,0.2937,benign,https://doi.org/10.1101/2022.10.22.513328
S81R,-1.90165,-0.00748,-0.4797154060565989,Neutral,Neutral,,,0.016,COSMIC,,False,114.2,,,,uncertain,,,UP,neutral,neutral,stabilizing,,,,52.46,-,0.0165,3.3094,-5.3111,gain_of_function,-1.278938041614,3.892305786451324e-05,Benign,0.3032,benign,https://doi.org/10.1101/2022.10.22.513328
A83T,-0.02574,0.75612,-0.1109933031737392,Neutral,Neutral,,,0.142,cBioPortal,,True,111.3,,,,neutral,neutral,neutral,UP,neutral,neutral,mixed_effects,,,,33.36,-,0.0378,2.8132,-4.5672,gain_of_function,-0.388322526917604,5.1330062929624374e-08,Benign,0.0703,benign,https://doi.org/10.1101/2022.10.22.513328
S86L,-0.14714,0.33129,-0.3901237309841848,Neutral,Neutral,,,0.213,"cBioPortal,COSMIC",,True,92.5,,,,uncertain,,,UP,neutral,neutral,stabilizing,,,,24.82,-,-0.0413,2.6324,-7.6546,loss_of_function,-1.37868942802868,0.000668650773165,Benign,0.0963,benign,https://doi.org/10.1101/2022.10.22.513328
M89I,2.35287,-0.37925,-0.1416059164958011,Uncertain,Uncertain,,,0.127,"cBioPortal,COSMIC",,False,97.8,,,,neutral,neutral,neutral,-,uncertain,uncertain,uncertain,,,,29.09,-,0.1055,3.625,-4.4245,gain_of_function,-0.475073697925883,1.3792616322516692e-08,Benign,0.2965,benign,https://doi.org/10.1101/2022.10.22.513328
E90D,0.28963,-0.11395,-0.0262789197621321,Neutral,Neutral,,,0.163,"cBioPortal,COSMIC",,False,115.3,,,,neutral,neutral,neutral,DOWN,neutral,neutral,stabilizing,,,,24.08,-,0.1145,3.2374,-2.0648,gain_of_function,-0.0065532699202846,2.6464763858384477e-09,Benign,0.0557,benign,https://doi.org/10.1101/2022.10.22.513328
T91M,0.09454,0.13197,-0.0932959316185116,Neutral,Neutral,3.18775900542e-05,3.61164394006e-05,0.314,"cBioPortal,COSMIC",,False,88.2,,,,uncertain,,,UP,neutral,neutral,mixed_effects,,,,27.1,-,-0.011,2.9808,-6.1155,loss_of_function,-0.297386881772317,0.0004877257717936,Benign,0.0804,benign,https://doi.org/10.1101/2022.10.22.513328
S92P,-0.69526,0.86939,1.623388586719486,Neutral,Neutral,,,0.145,"cBioPortal,COSMIC",,False,112.8,,,,uncertain,,,UP,neutral,neutral,stabilizing,,,,24.32,-,-0.1019,2.6805,-5.5131,loss_of_function,-0.290473080287228,1.8999128791919535e-05,Benign,0.0917,benign,https://doi.org/10.1101/2022.10.22.513328
P95L,0.25462,0.84082,-0.6981700036251498,Neutral,Neutral,3.18694626809e-05,2.00625952973e-05,0.054,"cBioPortal,COSMIC",,False,81.0,,,,neutral,neutral,neutral,UP,neutral,neutral,stabilizing,,,,29.92,-,0.0326,3.4368,-4.0614,gain_of_function,-0.0371828626338203,1.2444424756015813e-05,Benign,0.0669,benign,https://doi.org/10.1101/2022.10.22.513328
P95Q,0.55623,0.43435,-0.3687442315243727,Neutral,Neutral,,,0.06,cBioPortal,,False,81.0,,,,neutral,neutral,neutral,UP,neutral,neutral,stabilizing,,,,29.92,-,0.0589,3.4368,-2.8845,gain_of_function,0.0223575772483932,4.232797847459885e-09,Benign,0.0621,benign,https://doi.org/10.1101/2022.10.22.513328
P95S,1.01307,1.0585,-0.3929422012231731,Neutral,Neutral,,8.0243941582e-06,0.146,cBioPortal,,False,81.0,,,,neutral,neutral,neutral,DOWN,neutral,neutral,neutral,,,,29.92,-,0.0869,3.4368,-3.0304,gain_of_function,0.0038896955071461,3.181427627421745e-11,Benign,0.0572,benign,https://doi.org/10.1101/2022.10.22.513328
K98R,0.11667,-0.12653,-0.1816027140175391,Neutral,Neutral,,,,clinvar,,False,102.7,,,,neutral,neutral,neutral,-,uncertain,uncertain,uncertain,2388149,Uncertain significance,1,34.29,-,0.1477,3.2789,-2.2334,gain_of_function,-0.0077818278138027,1.0876636656029494e-09,Benign,0.0615,benign,https://doi.org/10.1101/2022.10.22.513328
A102T,-0.10461,0.75612,0.3989002711581613,Neutral,Neutral,,,,clinvar,,False,37.7,,,,neutral,neutral,neutral,UP,neutral,neutral,stabilizing,2235478,Uncertain significance,1,59.34,-,0.0777,3.2349,-4.3363,gain_of_function,-0.0069348792322226,3.3934436564300766e-08,Benign,0.0621,benign,https://doi.org/10.1101/2022.10.22.513328
P103L,0.62073,0.97449,-0.4862266664024023,Neutral,Neutral,,,0.174,"cBioPortal,COSMIC",,False,85.5,,,,neutral,neutral,neutral,UP,neutral,neutral,stabilizing,,,,59.2,T,-0.0406,2.698,-5.0732,loss_of_function,-0.427724087574076,3.615833718742484e-07,Benign,0.0846,benign,https://doi.org/10.1101/2022.10.22.513328
N104S,0.52721,0.15272,0.6822899169693377,Neutral,Neutral,6.372673974e-05,0.001793365750325,0.023,"cBioPortal,COSMIC",,False,111.0,,,,neutral,neutral,neutral,DOWN,neutral,neutral,destabilizing,,,,78.79,T,0.0947,3.2207,-3.1916,gain_of_function,-0.0267557275518272,1.0309121698576534e-09,Benign,0.0556,benign,https://doi.org/10.1101/2022.10.22.513328
V105M,0.5755,0.84218,0.8666206237508214,Neutral,Neutral,,8.023814682e-06,0.306,cBioPortal,,False,15.7,,,,neutral,neutral,neutral,UP,neutral,neutral,neutral,,,,87.92,-,-0.1101,1.975,-8.7413,loss_of_function,-0.326353052696185,0.1376846192159943,Benign,0.1315,benign,https://doi.org/10.1101/2022.10.22.513328
D108N,1.37335,1.4068,0.1383074898276948,Neutral,Neutral,,,0.488,cBioPortal,,False,26.8,,,,neutral,neutral,neutral,-,uncertain,uncertain,uncertain,,,,95.17,-,-0.1333,1.0261,-5.0506,loss_of_function,-1.23947615756553,0.5139693646535938,Uncertain,0.7101,pathogenic,https://doi.org/10.1101/2022.10.22.513328
Y113C,2.28698,2.28537,1.579326216489987,Uncertain,Uncertain,,,0.29,COSMIC,P,True,57.3,1.647,,,damaging,uncertain,potentially_damaging,DOWN,neutral,neutral,neutral,,,,97.35,H,-0.1329,3.1446,-22.1488,loss_of_function,-2.34383092827502,0.0388411046671158,Benign,0.1714,benign,https://doi.org/10.1101/2022.10.22.513328
Y113S,2.82031,1.9381,1.3589404336392723,Uncertain,Uncertain,,,0.271,COSMIC,P,True,57.3,1.647,,,uncertain,uncertain,potentially_damaging,DOWN,neutral,neutral,neutral,,,,97.35,H,-0.0911,3.1446,-7.2761,loss_of_function,-1.68841043059888,8.712797507892279e-05,Benign,0.2971,benign,https://doi.org/10.1101/2022.10.22.513328
S115N,-0.08088,-0.42755,-0.4093115910938089,Neutral,Neutral,,4.0129377112e-06,0.319,cBioPortal,,True,32.3,,,,uncertain,,,UP,neutral,neutral,stabilizing,,,,92.73,H,0.0911,3.3956,-6.2792,gain_of_function,-0.153581478682764,7.20039693834645e-05,Benign,0.1179,benign,https://doi.org/10.1101/2022.10.22.513328
G119E,12.7659,4.40646,3.786647519089542,Destabilizing,Destabilizing,,,0.823,"cBioPortal,COSMIC",,True,28.0,,,,neutral,neutral,neutral,UP,neutral,neutral,neutral,,,,90.78,-,-0.4362,0.0713,-22.1519,loss_of_function,-6.74404191986039,0.90360184145626,Pathogenic,0.9987,pathogenic,https://doi.org/10.1101/2022.10.22.513328
G119R,16.66392,3.63333,3.3063142066464657,Destabilizing,Destabilizing,,,,clinvar,,True,28.0,,,,neutral,neutral,neutral,UP,neutral,neutral,neutral,2365300,Uncertain significance,1,90.78,-,-0.4532,0.0713,-22.1519,loss_of_function,-6.36260373323482,0.9036825644880844,Pathogenic,0.9973,pathogenic,https://doi.org/10.1101/2022.10.22.513328
K120R,0.13577,-0.2398,-0.328426496966584,Neutral,Neutral,,,0.07,"cBioPortal,COSMIC",,True,44.2,,,,neutral,neutral,neutral,-,uncertain,uncertain,uncertain,,,,93.33,-,0.0425,2.1966,-3.3375,gain_of_function,-0.593332100615002,1.6541856970103625e-06,Benign,0.1258,benign,https://doi.org/10.1101/2022.10.22.513328
R131C,0.7099,1.36395,1.1324875904467475,Neutral,Neutral,,3.25966490645e-05,0.462,cBioPortal,,False,100.1,,,,neutral,neutral,neutral,DOWN,neutral,neutral,neutral,,,,89.61,-,-0.2004,1.6323,-8.8764,loss_of_function,-3.32298209317168,0.5067311001903216,Uncertain,0.5915,pathogenic,https://doi.org/10.1101/2022.10.22.513328
R131H,0.64432,0.46939,0.1022330756114353,Neutral,Neutral,,1.08156047545e-05,0.071,"cBioPortal,COSMIC",,False,100.1,,,,neutral,neutral,neutral,DOWN,neutral,neutral,neutral,,,,89.61,-,-0.1297,1.6323,-2.6867,loss_of_function,-0.726774844277196,2.262103421826134e-09,Benign,0.1444,benign,https://doi.org/10.1101/2022.10.22.513328
G133S,0.09173,-0.58537,-0.1628861625911826,Neutral,Neutral,,1.60232443865e-05,0.34,"cBioPortal,COSMIC",,False,88.9,,,,neutral,neutral,neutral,UP,neutral,neutral,neutral,,,,86.04,-,-0.1637,1.5383,-5.7127,loss_of_function,-0.926100341991509,0.0083090494771743,Benign,0.2459,benign,https://doi.org/10.1101/2022.10.22.513328
V139M,-0.52311,-0.53231,0.1381642999801519,Neutral,Neutral,,,,clinvar,,False,96.1,,,,neutral,neutral,neutral,UP,neutral,neutral,neutral,2351795,Uncertain significance,1,88.09,T,-0.0966,2.1289,-8.8856,loss_of_function,-2.67712926906558,0.0208147448332762,Benign,0.8675,pathogenic,https://doi.org/10.1101/2022.10.22.513328
V142F,0.09773,1.65408,0.0804998129560224,Neutral,Neutral,,,0.294,COSMIC,,False,48.4,,,,neutral,neutral,neutral,UP,neutral,neutral,neutral,,,,91.81,S,-0.1171,2.6397,-8.8856,loss_of_function,-2.66089735513824,0.0008679470468379,Benign,0.9022,pathogenic,https://doi.org/10.1101/2022.10.22.513328
V142I,-0.45687,0.17857,-0.0967722703744228,Neutral,Neutral,,5.2769891611e-06,0.158,"cBioPortal,COSMIC",,False,48.4,,,,neutral,neutral,neutral,UP,neutral,neutral,neutral,,,,91.81,S,0.0398,2.6397,-5.8857,gain_of_function,-1.14628583571602,6.576730668734639e-05,Benign,0.2062,benign,https://doi.org/10.1101/2022.10.22.513328
E145K,0.00965,0.5966,0.6417065026515608,Neutral,Neutral,,,0.688,COSMIC,,False,45.6,,,,neutral,neutral,neutral,UP,neutral,neutral,neutral,,,,94.58,-,-0.1944,0.8706,-8.8856,loss_of_function,-2.64174125686428,0.8308375170456428,Pathogenic,0.9918,pathogenic,https://doi.org/10.1101/2022.10.22.513328
D148N,2.57001,-0.00544,0.3424899561889999,Uncertain,Uncertain,,,0.328,cBioPortal,,False,39.0,,,,neutral,neutral,neutral,-,uncertain,uncertain,uncertain,,,,94.11,-,-0.1817,0.4555,-4.2449,loss_of_function,-1.17171141132745,0.0006700032383068,Benign,0.7877,pathogenic,https://doi.org/10.1101/2022.10.22.513328
E149D,0.76057,0.75238,0.2882442291932341,Neutral,Neutral,,,,clinvar,,False,73.7,,,,neutral,neutral,neutral,DOWN,neutral,neutral,neutral,2208393,Uncertain significance,1,92.71,H,-0.0307,1.8717,-5.8918,loss_of_function,-1.26419582330491,0.0073127545791771,Benign,0.2968,benign,https://doi.org/10.1101/2022.10.22.513328
E156A,0.33694,0.98639,0.3345245480567704,Neutral,Neutral,,,0.534,"cBioPortal,COSMIC",,False,101.3,,,,neutral,neutral,neutral,DOWN,neutral,neutral,destabilizing,,,,87.15,S,-0.1211,1.317,-6.8887,loss_of_function,-2.69230692707182,0.00280661638014,Benign,0.3144,benign,https://doi.org/10.1101/2022.10.22.513328
P158S,0.97617,1.10748,0.4084250659678246,Neutral,Neutral,,0.0,0.186,cBioPortal,,False,59.3,,,,neutral,neutral,neutral,DOWN,neutral,neutral,neutral,,,,91.3,-,-0.0358,2.2221,-5.1699,loss_of_function,-1.60911771398385,0.001986037015879,Benign,0.5574,ambiguous,https://doi.org/10.1101/2022.10.22.513328
M162T,2.94067,1.73265,1.4459476998558785,Uncertain,Uncertain,,4.5680038737e-06,0.809,"cBioPortal,COSMIC",,False,8.7,,,,neutral,neutral,neutral,DOWN,neutral,neutral,neutral,,,,95.57,E,-0.1581,1.5386,-7.9008,loss_of_function,-3.17296082930631,0.0976953681008128,Benign,0.8668,pathogenic,https://doi.org/10.1101/2022.10.22.513328
M162V,1.92341,0.46871,-0.045221810603056,Neutral,Neutral,,,0.612,"cBioPortal,COSMIC",,False,8.7,,,,neutral,neutral,neutral,DOWN,neutral,neutral,neutral,,,,95.57,E,-0.1363,1.5386,-7.9008,loss_of_function,-1.16119057417767,0.0012093416390847,Benign,0.323,benign,https://doi.org/10.1101/2022.10.22.513328
F164L,2.19176,1.14694,1.6686608259365348,Uncertain,Uncertain,,,0.696,COSMIC,,False,4.9,,,,neutral,neutral,neutral,DOWN,neutral,neutral,neutral,,,,97.68,H,-0.2516,0.2766,-6.9008,loss_of_function,-2.86582730723255,0.2119304762964635,Benign,0.9967,pathogenic,https://doi.org/10.1101/2022.10.22.513328
R169W,1.36844,0.15476,-0.4584927373282244,Neutral,Neutral,3.1849162367e-05,4.608337404e-06,0.547,COSMIC,,True,39.8,,,,neutral,neutral,neutral,UP,neutral,neutral,neutral,,,,93.19,H,-0.3692,0.6321,-22.1856,loss_of_function,-5.29004546448035,0.8531715615533091,Pathogenic,0.9176,pathogenic,https://doi.org/10.1101/2022.10.22.513328
G178W,9.13609,4.5551,2.3034462438897814,Destabilizing,Uncertain,,,0.931,"cBioPortal,COSMIC",,False,8.7,,,,neutral,neutral,neutral,UP,neutral,neutral,stabilizing,,,,77.97,T,-0.3491,1.4318,-22.155,loss_of_function,-4.48949763421644,0.8298637575145758,Pathogenic,0.998,pathogenic,https://doi.org/10.1101/2022.10.22.513328
F180S,0.68495,1.87347,1.365716849625046,Neutral,Neutral,,,0.743,COSMIC,,False,74.2,,,,neutral,neutral,neutral,DOWN,neutral,neutral,neutral,,,,79.32,T,-0.1667,1.9474,-6.0935,loss_of_function,-2.769165649703,0.3367722546236402,Uncertain,0.9982,pathogenic,https://doi.org/10.1101/2022.10.22.513328
L183M,1.05238,1.67313,1.548988623287352,Neutral,Neutral,,,0.45,COSMIC,,False,7.2,,,,neutral,neutral,neutral,-,uncertain,uncertain,uncertain,,,,92.31,-,-0.2055,0.4164,-7.9068,loss_of_function,-1.6547939798897,0.2073559095422638,Benign,0.6779,pathogenic,https://doi.org/10.1101/2022.10.22.513328
S187N,0.07347,0.49252,-0.6207048580824731,Neutral,Neutral,,,0.243,cBioPortal,,False,44.7,,,,uncertain,,,UP,neutral,neutral,neutral,,,,92.28,-,-0.0004,2.2086,-2.7984,loss_of_function,-1.35695194883645,3.0065761821122168e-05,Benign,0.4122,ambiguous,https://doi.org/10.1101/2022.10.22.513328
E195K,0.7244,0.87313,0.1809891834395821,Neutral,Neutral,,0.0,0.198,"cBioPortal,COSMIC",,False,106.8,,,,neutral,neutral,neutral,UP,neutral,neutral,neutral,,,,88.11,T,0.0284,2.9225,-2.2204,gain_of_function,-1.20833933323502,3.941154419832898e-13,Benign,0.4688,ambiguous,https://doi.org/10.1101/2022.10.22.513328
P199L,1.52124,1.55612,-0.7825034820897109,Neutral,Neutral,,,0.671,COSMIC,,False,53.2,,,,neutral,neutral,neutral,UP,neutral,neutral,neutral,,,,87.52,S,-0.3253,0.5525,-22.1916,loss_of_function,-4.51583316032693,0.6227860633889597,Uncertain,0.7564,pathogenic,https://doi.org/10.1101/2022.10.22.513328
P199S,1.6583,1.47653,-0.0007482456794644,Neutral,Neutral,,,0.638,"cBioPortal,COSMIC",,False,53.2,,,,neutral,neutral,neutral,DOWN,neutral,neutral,neutral,,,,87.52,S,-0.1915,0.5525,-5.5819,loss_of_function,-3.00988057178082,0.0479568324035068,Benign,0.6958,pathogenic,https://doi.org/10.1101/2022.10.22.513328
P201L,1.44439,1.33231,-1.2652731406039075,Neutral,Neutral,,,0.712,"cBioPortal,COSMIC",,False,83.9,,,,neutral,neutral,neutral,UP,neutral,neutral,destabilizing,,,,91.19,T,-0.3742,0.0216,-22.1976,loss_of_function,-7.38811922089508,0.9045206004414436,Pathogenic,0.9975,pathogenic,https://doi.org/10.1101/2022.10.22.513328
I204V,-0.03231,0.14218,0.9054786222173838,Neutral,Neutral,,,0.2,cBioPortal,,False,29.8,,,,neutral,neutral,neutral,DOWN,neutral,neutral,neutral,,,,89.96,-,-0.1449,0.3944,-4.5176,loss_of_function,-1.67831217149024,0.0073912168683074,Benign,0.6886,pathogenic,https://doi.org/10.1101/2022.10.22.513328
T206A,-0.15584,0.4432,0.2292554208292546,Neutral,Neutral,,,0.407,COSMIC,,False,107.4,,,,uncertain,,,DOWN,neutral,neutral,neutral,,,,88.78,T,-0.1494,1.1454,-8.9157,loss_of_function,-3.41542866049891,0.4453357486744312,Uncertain,0.9243,pathogenic,https://doi.org/10.1101/2022.10.22.513328
P210L,-0.43126,1.07721,-0.6413082595000102,Neutral,Neutral,,4.0181943842e-06,0.721,"cBioPortal,COSMIC",,False,31.1,,,,neutral,neutral,neutral,UP,neutral,neutral,destabilizing,,,,91.11,-,-0.3723,0.043,-22.2036,loss_of_function,-7.50124181729509,0.9037031796966256,Pathogenic,0.9953,pathogenic,https://doi.org/10.1101/2022.10.22.513328
P210S,1.51475,1.87585,1.0311997986773191,Neutral,Neutral,,,0.726,cBioPortal,,False,31.1,,,,neutral,neutral,neutral,DOWN,neutral,neutral,destabilizing,,,,91.11,-,-0.3232,0.043,-22.2036,loss_of_function,-7.23418607156896,0.9057008466717285,Pathogenic,0.9984,pathogenic,https://doi.org/10.1101/2022.10.22.513328
I213M,-0.97559,0.60068,1.066997203085842,Neutral,Neutral,,,0.482,"cBioPortal,COSMIC",,False,9.5,,,,neutral,neutral,neutral,-,uncertain,uncertain,uncertain,,,,95.17,E,-0.1288,1.1788,-6.5909,loss_of_function,-2.10050430543709,0.0048099407449571,Benign,0.5148,ambiguous,https://doi.org/10.1101/2022.10.22.513328
N216Y,0.06672,-1.23469,-0.0011671521810296,Neutral,Neutral,,,0.775,cBioPortal,,False,63.4,,,,neutral,neutral,neutral,UP,neutral,neutral,stabilizing,,,,91.83,-,-0.2292,1.5241,-22.2006,loss_of_function,-6.06231449167452,0.6302394067527208,Uncertain,0.5251,ambiguous,https://doi.org/10.1101/2022.10.22.513328
R217K,-0.07726,0.15646,0.5513663213440023,Neutral,Neutral,,,0.573,COSMIC,,False,72.9,,,,neutral,neutral,neutral,-,uncertain,uncertain,uncertain,,,,90.89,-,-0.0696,1.7113,-7.9247,loss_of_function,-2.03247205352479,0.7975312855797615,Pathogenic,0.5753,pathogenic,https://doi.org/10.1101/2022.10.22.513328
D224N,1.1395,2.43537,1.2964349363083263,Uncertain,Neutral,,,0.46,"cBioPortal,COSMIC",,False,0.6,,,,neutral,neutral,neutral,-,uncertain,uncertain,uncertain,,,,97.71,S,-0.3133,0.0214,-22.2125,loss_of_function,-4.57121121597588,0.8971013642624559,Pathogenic,0.9934,pathogenic,https://doi.org/10.1101/2022.10.22.513328
D224Y,15.69744,6.9932,1.933485209714102,Destabilizing,Uncertain,,,0.88,COSMIC,,False,0.6,,,,neutral,neutral,neutral,UP,neutral,neutral,neutral,,,,97.71,S,-0.3916,0.0214,-22.2125,loss_of_function,-7.61382914844196,0.8987160150728357,Pathogenic,0.9984,pathogenic,https://doi.org/10.1101/2022.10.22.513328
N225D,2.25552,1.49184,0.8472403517448226,Uncertain,Uncertain,,,0.842,cBioPortal,,False,2.5,,,,neutral,neutral,neutral,-,uncertain,uncertain,uncertain,,,,97.77,E,-0.2027,1.4047,-22.2125,loss_of_function,-4.14416569871547,0.6962119765791309,Pathogenic,0.9333,pathogenic,https://doi.org/10.1101/2022.10.22.513328
I226L,0.13033,0.95816,0.876706569460969,Neutral,Neutral,,,0.19,COSMIC,,False,0.0,,,,neutral,neutral,neutral,-,uncertain,uncertain,uncertain,,,,98.55,E,-0.1242,1.1311,-5.9248,loss_of_function,-2.24028958845999,0.0019296640112289,Benign,0.2822,benign,https://doi.org/10.1101/2022.10.22.513328
F228L,1.67617,2.32007,1.8821139060209304,Uncertain,Neutral,,,0.846,cBioPortal,,False,0.0,,,,neutral,neutral,neutral,DOWN,neutral,neutral,neutral,,,,98.4,E,-0.2203,0.6002,-6.6058,loss_of_function,-2.75135203872038,0.1350314841994534,Benign,0.9945,pathogenic,https://doi.org/10.1101/2022.10.22.513328
F228S,5.70119,5.84048,5.608993850126178,Destabilizing,Destabilizing,,,0.742,cBioPortal,,False,0.0,,,,neutral,neutral,neutral,DOWN,neutral,neutral,neutral,,,,98.4,E,-0.3051,0.6002,-8.9276,loss_of_function,-6.68752344782684,0.8709985752966467,Pathogenic,0.9989,pathogenic,https://doi.org/10.1101/2022.10.22.513328
E229D,4.02489,1.80782,1.3319104913882298,Uncertain,Uncertain,,,0.301,"cBioPortal,COSMIC",,False,0.6,,,,neutral,neutral,neutral,DOWN,neutral,neutral,neutral,,,,97.64,S,-0.0971,1.2082,-6.9277,loss_of_function,-2.48886123151331,0.6241535169063177,Uncertain,0.9797,pathogenic,https://doi.org/10.1101/2022.10.22.513328
H231R,0.36418,-0.05,0.1499324028884735,Neutral,Neutral,,,0.454,"cBioPortal,COSMIC",,True,52.4,,,,neutral,neutral,neutral,UP,neutral,neutral,neutral,,,,94.16,H,0.0157,2.8893,-5.9278,gain_of_function,-1.76991335362397,1.3858712376956174e-07,Benign,0.7967,pathogenic,https://doi.org/10.1101/2022.10.22.513328
H231Y,-0.41577,-0.56122,-0.110197008718379,Neutral,Neutral,,,0.117,cBioPortal,,True,52.4,,,,neutral,neutral,neutral,UP,neutral,neutral,neutral,,,,94.16,H,-0.0029,2.8893,-22.2155,loss_of_function,-2.81672300650842,0.012515524167141,Benign,0.5632,ambiguous,https://doi.org/10.1101/2022.10.22.513328
A234G,2.01395,1.7949,3.095080271379356,Uncertain,Uncertain,,,0.516,cBioPortal,,True,3.4,,,,neutral,neutral,neutral,DOWN,neutral,neutral,neutral,,,,95.22,H,-0.0927,1.7974,-7.3457,loss_of_function,-3.85801646508533,0.0019995555643905,Benign,0.7462,pathogenic,https://doi.org/10.1101/2022.10.22.513328
R236L,0.46913,-0.5551,0.1805637576289442,Neutral,Neutral,,,0.799,"cBioPortal,COSMIC",,True,21.8,,,,neutral,neutral,neutral,DOWN,neutral,neutral,neutral,,,,95.2,H,-0.2207,2.0816,-22.2155,loss_of_function,-3.79630070586482,0.2725880166270712,Benign,0.6645,pathogenic,https://doi.org/10.1101/2022.10.22.513328
D239G,0.7027,0.98741,0.8425759776576541,Neutral,Neutral,,,0.354,"cBioPortal,COSMIC",,False,42.7,,,,neutral,neutral,neutral,DOWN,neutral,neutral,neutral,,,,95.17,H,-0.0823,2.112,-5.9307,loss_of_function,-2.56072332079916,0.0032758436790972,Benign,0.5663,pathogenic,https://doi.org/10.1101/2022.10.22.513328
G245E,3.56555,0.47075,0.0491529674825363,Uncertain,Uncertain,,,0.855,"cBioPortal,COSMIC",,False,73.0,,,,neutral,neutral,neutral,UP,neutral,neutral,neutral,,,,93.21,-,-0.3975,0.4961,-22.2214,loss_of_function,-6.32744633560123,0.8537097881391507,Pathogenic,0.9855,pathogenic,https://doi.org/10.1101/2022.10.22.513328
Q247E,1.89678,3.59762,2.054500597018857,Uncertain,Uncertain,,,0.472,"cBioPortal,COSMIC",,False,6.6,,,,neutral,neutral,neutral,DOWN,neutral,neutral,neutral,,,,97.21,-,-0.3049,0.0001,-22.2214,loss_of_function,-4.58664659611782,0.9026204633044992,Pathogenic,0.836,pathogenic,https://doi.org/10.1101/2022.10.22.513328
H248R,2.18936,-0.78367,1.3385794208141415,Uncertain,Uncertain,,,0.141,COSMIC,,False,1.0,,,,neutral,neutral,neutral,UP,neutral,neutral,neutral,,,,97.64,-,-0.1525,0.749,-0.2898,loss_of_function,0.338230764245018,1.843718628487925e-21,Benign,0.0868,benign,https://doi.org/10.1101/2022.10.22.513328
G250R,13.3782,6.97041,11.827324000077914,Destabilizing,Destabilizing,,,0.774,cBioPortal,,False,0.0,,,,neutral,neutral,neutral,UP,neutral,neutral,neutral,,,,98.48,E,-0.3773,0.1629,-8.9336,loss_of_function,-7.4990619396837,0.8995313476301496,Pathogenic,0.9934,pathogenic,https://doi.org/10.1101/2022.10.22.513328
G254R,29.06136,36.54932,9.55424649098328,Destabilizing,Destabilizing,,,0.551,"cBioPortal,COSMIC",,True,0.0,,,,neutral,neutral,neutral,UP,neutral,neutral,neutral,,,,98.44,E,-0.4563,0.0424,-22.2273,loss_of_function,-7.69649494138618,0.8921647818122636,Pathogenic,0.999,pathogenic,https://doi.org/10.1101/2022.10.22.513328
R255W,2.39179,-0.49048,0.2152179266988396,Uncertain,Uncertain,,,0.52,cBioPortal,,True,36.0,,,,neutral,neutral,neutral,UP,neutral,neutral,neutral,,,,98.0,E,-0.2517,1.9114,-22.2273,loss_of_function,-3.47474307202843,0.3665529415389887,Uncertain,0.4167,ambiguous,https://doi.org/10.1101/2022.10.22.513328
T257K,-0.16478,1.45102,0.3942763290034451,Neutral,Neutral,,,0.141,"cBioPortal,COSMIC",,True,37.2,,,,uncertain,,,UP,neutral,neutral,neutral,,,,97.59,E,-0.1579,1.8694,-7.3546,loss_of_function,-2.97942942191789,5.414869854642758e-07,Benign,0.3376,benign,https://doi.org/10.1101/2022.10.22.513328
T257M,-0.29642,0.83163,0.1624676517266704,Neutral,Neutral,,,0.201,"cBioPortal,COSMIC",,True,37.2,,,,uncertain,,,UP,neutral,neutral,neutral,,,,97.59,E,-0.1196,1.8694,-7.3546,loss_of_function,-3.01810663412062,1.0124861335580862e-05,Benign,0.1047,benign,https://doi.org/10.1101/2022.10.22.513328
K260I,0.19346,1.01871,0.0075318725173173,Neutral,Neutral,,,0.121,"cBioPortal,COSMIC",,True,85.3,,,,neutral,neutral,neutral,-,uncertain,uncertain,uncertain,,,,92.68,T,-0.0953,2.8847,-22.2273,loss_of_function,-2.51603572033814,0.729368463019045,Pathogenic,0.8186,pathogenic,https://doi.org/10.1101/2022.10.22.513328
I262T,2.3077,2.64388,1.883124774894332,Uncertain,Uncertain,,,0.339,"cBioPortal,COSMIC",,True,10.0,,,,neutral,neutral,neutral,DOWN,neutral,neutral,neutral,,,,93.74,S,-0.1812,1.2575,-5.2421,loss_of_function,-2.53628243345625,3.92965259325191e-07,Benign,0.8639,pathogenic,https://doi.org/10.1101/2022.10.22.513328
P263L,0.95715,2.31769,0.2288249564175037,Uncertain,Neutral,,0.0,0.765,"cBioPortal,COSMIC",,True,15.2,,,,neutral,neutral,neutral,UP,neutral,neutral,neutral,,,,95.22,T,-0.369,0.0804,-22.2302,loss_of_function,-7.76017826550254,0.8251134019259865,Pathogenic,0.9666,pathogenic,https://doi.org/10.1101/2022.10.22.513328
P263S,2.34556,2.36293,1.0960072770955849,Uncertain,Uncertain,,,0.746,"cBioPortal,COSMIC",,True,15.2,,,,neutral,neutral,neutral,DOWN,neutral,neutral,neutral,,,,95.22,T,-0.247,0.0804,-7.9424,loss_of_function,-5.09074003047501,0.1626145233251314,Benign,0.9844,pathogenic,https://doi.org/10.1101/2022.10.22.513328
P277H,2.05148,1.89966,-0.4148459063743764,Uncertain,Uncertain,,,0.824,"cBioPortal,COSMIC",,True,22.6,,,,neutral,neutral,neutral,UP,neutral,neutral,neutral,,,,97.8,S,-0.3258,0.4404,-22.2273,loss_of_function,-5.30541188274448,0.8027900900515977,Pathogenic,0.7373,pathogenic,https://doi.org/10.1101/2022.10.22.513328
Q278L,1.12304,1.51837,-0.6871170106709457,Neutral,Neutral,,,0.597,cBioPortal,,False,3.0,,,,neutral,neutral,neutral,UP,neutral,neutral,neutral,,,,97.58,E,-0.2471,0.0423,-8.9424,loss_of_function,-7.79482264314939,0.9022583213746452,Pathogenic,0.8004,pathogenic,https://doi.org/10.1101/2022.10.22.513328
Q282H,0.77809,-0.70204,-0.2332728883726081,Neutral,Neutral,,,0.122,COSMIC,,False,79.1,,,,neutral,neutral,neutral,UP,neutral,neutral,neutral,,,,93.26,S,0.059,3.1188,-7.9424,gain_of_function,-0.95290760579078,2.672764209427476e-06,Benign,0.2629,benign,https://doi.org/10.1101/2022.10.22.513328
S284N,0.75385,1.13197,0.1577762161310797,Neutral,Neutral,,,0.182,"cBioPortal,COSMIC",,True,74.6,,,,uncertain,,,UP,neutral,neutral,neutral,,,,93.53,-,-0.0421,2.0954,-8.9424,loss_of_function,-3.22451853772529,0.0887205729986459,Benign,0.3791,ambiguous,https://doi.org/10.1101/2022.10.22.513328
E286K,-0.68321,-0.13027,0.0074888034977299,Neutral,Neutral,,,0.147,cBioPortal,,True,71.3,,,,neutral,neutral,neutral,UP,neutral,neutral,neutral,,,,96.38,E,0.0226,2.9084,-3.1096,gain_of_function,-1.25865154831913,7.718334680111434e-06,Benign,0.1721,benign,https://doi.org/10.1101/2022.10.22.513328
E286Q,-0.12208,-0.47177,0.0779992143067881,Neutral,Neutral,,,0.093,COSMIC,,True,71.3,,,,neutral,neutral,neutral,UP,neutral,neutral,neutral,,,,96.38,E,0.0683,2.9084,-3.8551,gain_of_function,-0.171089740402283,3.831123842355337e-06,Benign,0.0996,benign,https://doi.org/10.1101/2022.10.22.513328
P291Q,1.09129,0.93197,-0.4916185181836785,Neutral,Neutral,,,0.326,"cBioPortal,COSMIC",,False,74.7,,,,neutral,neutral,neutral,UP,neutral,neutral,neutral,,,,95.59,T,-0.0463,2.5418,-7.3575,loss_of_function,-1.08534379804032,0.0043827106268844,Benign,0.1466,benign,https://doi.org/10.1101/2022.10.22.513328
P291S,1.3109,0.66837,-0.4258739060442529,Neutral,Neutral,,4.0404366904e-06,0.21,"cBioPortal,COSMIC",,False,74.7,,,,neutral,neutral,neutral,DOWN,neutral,neutral,neutral,,,,95.59,T,-0.0048,2.5418,-4.855,loss_of_function,-0.522578624584967,0.0004982804119825,Benign,0.1283,benign,https://doi.org/10.1101/2022.10.22.513328
D297N,0.95212,1.32007,-0.0876190636328194,Neutral,Neutral,,1.2144863937e-05,0.486,COSMIC,,False,44.8,,,,neutral,neutral,neutral,-,uncertain,uncertain,uncertain,,,,97.49,H,-0.0477,1.8813,-3.6946,loss_of_function,-0.764504598857456,6.415642047469864e-07,Benign,0.1043,benign,https://doi.org/10.1101/2022.10.22.513328
E298Q,-0.53359,0.40442,0.7839269313876437,Neutral,Neutral,,,0.319,cBioPortal,,False,47.2,,,,neutral,neutral,neutral,UP,neutral,neutral,neutral,,,,95.94,H,-0.002,2.1498,-3.9425,loss_of_function,-1.10647532588503,4.855289029527799e-06,Benign,0.1155,benign,https://doi.org/10.1101/2022.10.22.513328
A300S,1.11305,1.25408,1.7392857660988803,Neutral,Neutral,,0.0,0.458,COSMIC,,False,0.3,,,,neutral,neutral,neutral,-,uncertain,uncertain,uncertain,,,,97.53,H,-0.1719,0.6248,-7.3546,loss_of_function,-2.78957308525054,0.1965906733117931,Benign,0.3805,ambiguous,https://doi.org/10.1101/2022.10.22.513328
K302R,0.13015,0.39592,-0.0436529954576841,Neutral,Neutral,3.19305191902e-05,4.06765320816e-05,0.214,cBioPortal,,False,41.2,,,,neutral,neutral,neutral,-,uncertain,uncertain,uncertain,,,,96.07,H,0.1376,3.2444,-3.585,gain_of_function,-0.285076332623366,1.888860973906832e-06,Benign,0.0897,benign,https://doi.org/10.1101/2022.10.22.513328
R306P,2.80718,3.43741,4.412096893339277,Uncertain,Uncertain,,,0.38,"cBioPortal,COSMIC",,False,53.2,,,,neutral,neutral,neutral,DOWN,neutral,neutral,neutral,,,,97.54,E,-0.3059,2.6737,-22.2302,loss_of_function,-3.12766409952481,0.3042585171819967,Benign,0.9534,pathogenic,https://doi.org/10.1101/2022.10.22.513328
R306Q,1.29163,1.44558,0.9397850683881156,Neutral,Neutral,,4.1110307176e-06,0.132,"cBioPortal,COSMIC",,False,53.2,,,,neutral,neutral,neutral,DOWN,neutral,neutral,neutral,,,,97.54,E,-0.039,2.6737,-2.7331,loss_of_function,-0.0887120564015289,5.905907509847624e-07,Benign,0.0775,benign,https://doi.org/10.1101/2022.10.22.513328
R306W,0.94914,1.11293,0.0426314419524215,Neutral,Neutral,,1.23274161736e-05,0.288,cBioPortal,,False,53.2,,,,neutral,neutral,neutral,UP,neutral,neutral,neutral,,,,97.54,E,-0.1086,2.6737,-7.9424,loss_of_function,-1.23781200449239,0.2787213638819715,Benign,0.2398,benign,https://doi.org/10.1101/2022.10.22.513328
V308A,2.19703,3.20408,2.617769542925421,Uncertain,Uncertain,,,0.698,"cBioPortal,COSMIC",,False,0.0,,,,neutral,neutral,neutral,DOWN,neutral,neutral,neutral,,,,98.66,E,-0.2826,0.7422,-22.2214,loss_of_function,-5.80719056407953,0.8745333719674206,Pathogenic,0.8762,pathogenic,https://doi.org/10.1101/2022.10.22.513328
D314N,-0.46351,0.67993,0.3781511130988135,Neutral,Neutral,,,0.519,cBioPortal,,True,29.3,,,,neutral,neutral,neutral,-,uncertain,uncertain,uncertain,,,,96.01,E,-0.3133,0.0214,-22.2125,loss_of_function,-4.62406569949223,0.9026299670248394,Pathogenic,0.9633,pathogenic,https://doi.org/10.1101/2022.10.22.513328
D314Y,0.524,1.52755,0.6005125568281635,Neutral,Neutral,,,0.68,"cBioPortal,COSMIC",,True,29.3,,,,neutral,neutral,neutral,UP,neutral,neutral,neutral,,,,96.01,E,-0.3916,0.0214,-22.2125,loss_of_function,-7.70432761310554,0.9046574520849466,Pathogenic,0.9903,pathogenic,https://doi.org/10.1101/2022.10.22.513328
E318K,-0.96924,0.25136,0.1710257176163915,Neutral,Neutral,,,0.231,cBioPortal,,False,52.8,,,,neutral,neutral,neutral,UP,neutral,neutral,neutral,,,,90.38,E,-0.0488,2.2792,-5.743,loss_of_function,-2.09538258674189,0.0001514263025313,Benign,0.6349,pathogenic,https://doi.org/10.1101/2022.10.22.513328
R321Q,0.44742,1.52653,0.2963791821762085,Neutral,Neutral,,4.0154192098e-06,0.143,"cBioPortal,COSMIC",,False,100.9,,,,neutral,neutral,neutral,DOWN,neutral,neutral,neutral,,,,84.76,T,-0.008,3.0589,-3.5969,loss_of_function,-1.24771785286407,2.1132144462465745e-08,Benign,0.1796,benign,https://doi.org/10.1101/2022.10.22.513328
V325A,2.47742,2.23707,2.436767275717892,Uncertain,Uncertain,,,0.521,"cBioPortal,COSMIC",,False,0.4,,,,neutral,neutral,neutral,DOWN,neutral,neutral,neutral,,,,94.6,E,-0.2153,0.5048,-4.7579,loss_of_function,-3.66417527369534,0.3198859233787049,Benign,0.9826,pathogenic,https://doi.org/10.1101/2022.10.22.513328
V325I,0.36045,1.43367,1.1942368513230834,Neutral,Neutral,,4.0156127022e-06,0.553,"cBioPortal,COSMIC",,False,0.4,,,,neutral,neutral,neutral,UP,neutral,neutral,neutral,,,,94.6,E,-0.1721,0.5048,-8.9276,loss_of_function,-0.656958881407863,0.6102317110280695,Uncertain,0.6502,pathogenic,https://doi.org/10.1101/2022.10.22.513328
R326C,1.17543,1.10306,1.3513490894627318,Neutral,Neutral,,8.0308384195e-06,0.417,"cBioPortal,COSMIC",,False,71.7,,,,neutral,neutral,neutral,DOWN,neutral,neutral,neutral,,,,94.13,-,-0.1034,2.5782,-6.9248,loss_of_function,-1.18975127494036,0.002914354873612,Benign,0.2573,benign,https://doi.org/10.1101/2022.10.22.513328
R329Q,4.71935,1.87007,1.882380097680402,Uncertain,Uncertain,,,0.516,"cBioPortal,COSMIC",,False,1.4,,,,neutral,neutral,neutral,DOWN,neutral,neutral,neutral,,,,92.13,-,-0.2992,0.1892,-8.9247,loss_of_function,-7.64289054495022,0.902477685413715,Pathogenic,0.97,pathogenic,https://doi.org/10.1101/2022.10.22.513328
N330S,0.61201,1.17347,0.7418697602811819,Neutral,Neutral,,,0.475,COSMIC,,False,24.3,,,,neutral,neutral,neutral,DOWN,neutral,neutral,neutral,,,,90.62,S,-0.04,1.8829,-5.4654,loss_of_function,-1.47642531963967,0.0004966762150975,Benign,0.1003,benign,https://doi.org/10.1101/2022.10.22.513328
Y334C,1.52621,2.32041,3.2938759076625246,Uncertain,Uncertain,,,0.36,"cBioPortal,COSMIC",,True,27.8,,,,uncertain,,,DOWN,neutral,neutral,neutral,,,,89.54,-,-0.2003,1.5498,-6.6088,loss_of_function,-2.60064810901708,0.0006259868834032,Benign,0.2237,benign,https://doi.org/10.1101/2022.10.22.513328
S337N,4.48259,1.5966,0.4972983182580714,Uncertain,Uncertain,,,0.411,COSMIC,,True,16.1,,,,uncertain,,,UP,neutral,neutral,neutral,,,,95.65,-,-0.2314,0.7749,-22.2214,loss_of_function,-6.04972200324733,0.8780672286432583,Pathogenic,0.9042,pathogenic,https://doi.org/10.1101/2022.10.22.513328
S337R,3.0116,-0.15068,-0.0819023718938521,Uncertain,Uncertain,,,0.8,cBioPortal,,True,16.1,,,,uncertain,,,UP,neutral,neutral,neutral,,,,95.65,-,-0.303,0.7749,-22.2214,loss_of_function,-4.07294065603314,0.4699251719343243,Uncertain,0.9961,pathogenic,https://doi.org/10.1101/2022.10.22.513328
E339K,0.03092,0.21973,0.0573835999813288,Neutral,Neutral,,,0.442,"cBioPortal,COSMIC",,False,85.3,,,,neutral,neutral,neutral,UP,neutral,neutral,neutral,,,,96.02,H,-0.0696,2.0737,-6.1263,loss_of_function,-3.80338029030112,0.0346918865256413,Benign,0.4226,ambiguous,https://doi.org/10.1101/2022.10.22.513328
E339Q,-0.05484,0.19184,0.1840622402985586,Neutral,Neutral,,,0.309,cBioPortal,,False,85.3,,,,neutral,neutral,neutral,UP,neutral,neutral,neutral,,,,96.02,H,0.0036,2.0737,-1.4743,gain_of_function,-1.36856062792835,5.979064191131633e-06,Benign,0.2039,benign,https://doi.org/10.1101/2022.10.22.513328
G345E,15.09122,11.76769,5.814982193642768,Destabilizing,Destabilizing,,,0.818,cBioPortal,,True,0.0,,,,neutral,neutral,neutral,UP,neutral,neutral,neutral,,,,98.53,H,-0.2737,1.1047,-8.9306,loss_of_function,-6.28755234666164,0.7466352395315541,Pathogenic,0.9991,pathogenic,https://doi.org/10.1101/2022.10.22.513328
D346H,-0.67743,0.08469,-0.5606136605791756,Neutral,Neutral,,,0.071,"cBioPortal,COSMIC",,True,50.5,,,,neutral,neutral,neutral,UP,neutral,neutral,neutral,,,,98.43,H,0.0586,3.4148,-2.1759,gain_of_function,-0.0641934012556029,4.1156143012560775e-08,Benign,0.0881,benign,https://doi.org/10.1101/2022.10.22.513328
M354T,1.68836,0.17585,0.8799135069472092,Neutral,Neutral,,1.60472430836e-05,0.061,COSMIC,,False,39.8,,,,neutral,neutral,neutral,DOWN,neutral,neutral,neutral,,,,96.23,E,-0.0581,2.5395,-6.3458,loss_of_function,-0.249451362015746,1.460681448914193e-13,Benign,0.0785,benign,https://doi.org/10.1101/2022.10.22.513328
C355F,2.05469,-0.48163,0.2186220406853173,Uncertain,Uncertain,,,0.831,"cBioPortal,COSMIC",,True,4.6,,,,neutral,neutral,neutral,UP,neutral,neutral,neutral,,,,94.6,-,-0.3754,1.2063,-22.2185,loss_of_function,-6.41809741924629,0.8747656281737106,Pathogenic,0.9835,pathogenic,https://doi.org/10.1101/2022.10.22.513328
R356Q,0.66782,0.1898,1.4900063912030448,Neutral,Neutral,,2.40704783606e-05,0.577,cBioPortal,,True,53.2,,,,neutral,neutral,neutral,DOWN,neutral,neutral,neutral,,,,91.9,T,-0.1464,1.6747,-5.7608,loss_of_function,-1.43062992549555,6.935059865227882e-05,Benign,0.1302,benign,https://doi.org/10.1101/2022.10.22.513328
L357P,1.64087,6.67619,4.576628865856047,Uncertain,Uncertain,,,,clinvar,,True,9.4,,,,neutral,neutral,neutral,DOWN,neutral,neutral,neutral,2303655,Uncertain significance,1,91.65,T,-0.2816,2.4035,-22.2185,loss_of_function,-5.2880213932998,0.6726598720202729,Uncertain,0.9539,pathogenic,https://doi.org/10.1101/2022.10.22.513328
G361V,6.90041,3.80918,3.520193147696405,Destabilizing,Destabilizing,,,0.831,"cBioPortal,COSMIC",,False,9.9,,,,neutral,neutral,neutral,UP,neutral,neutral,neutral,,,,94.03,S,-0.4188,0.5602,-22.2185,loss_of_function,-6.25270068703558,0.8244054898736873,Pathogenic,0.7995,pathogenic,https://doi.org/10.1101/2022.10.22.513328
G364E,6.6183,7.21769,1.307054089352508,Destabilizing,Uncertain,,,0.706,cBioPortal,,False,1.7,,,,neutral,neutral,neutral,UP,neutral,neutral,neutral,,,,97.4,E,-0.4095,0.3653,-22.2185,loss_of_function,-5.62299912636902,0.8907232208453213,Pathogenic,0.9993,pathogenic,https://doi.org/10.1101/2022.10.22.513328
K366N,2.40344,1.82721,1.033024067592067,Uncertain,Uncertain,,,0.403,COSMIC,,False,3.9,,,,neutral,neutral,neutral,DOWN,neutral,neutral,neutral,,,,98.55,-,-0.1682,0.8364,-3.5045,loss_of_function,-3.13137813255486,0.470248492588282,Uncertain,0.9919,pathogenic,https://doi.org/10.1101/2022.10.22.513328
K366T,2.51922,1.26463,1.3575008182532982,Uncertain,Uncertain,,,0.901,cBioPortal,,False,3.9,,,,neutral,neutral,neutral,DOWN,neutral,neutral,neutral,,,,98.55,-,-0.2674,0.8364,-22.2185,loss_of_function,-5.56183135276823,0.9054256605352368,Pathogenic,0.9693,pathogenic,https://doi.org/10.1101/2022.10.22.513328
T369I,1.56239,-0.66054,-0.8430742645108824,Neutral,Neutral,,,0.85,"cBioPortal,COSMIC",,False,1.7,,,,uncertain,,,UP,neutral,neutral,neutral,,,,98.79,E,-0.341,0.0822,-22.2244,loss_of_function,-7.76478412999779,0.9056954688632556,Pathogenic,0.9476,pathogenic,https://doi.org/10.1101/2022.10.22.513328
A372T,4.32828,1.75578,1.1595668456999868,Uncertain,Uncertain,,,0.305,COSMIC,,False,0.0,,,,neutral,neutral,neutral,UP,neutral,neutral,neutral,,,,97.44,E,-0.1517,1.7338,-22.2273,loss_of_function,-3.59691131186478,0.2028663309579529,Benign,0.7108,pathogenic,https://doi.org/10.1101/2022.10.22.513328
G374C,7.13494,2.74796,4.623584751352801,Uncertain,Destabilizing,,,0.819,cBioPortal,,False,0.0,,,,neutral,neutral,neutral,UP,neutral,neutral,neutral,,,,95.38,E,-0.4345,0.0962,-22.2244,loss_of_function,-5.81776442946047,0.9057991269941024,Pathogenic,0.9909,pathogenic,https://doi.org/10.1101/2022.10.22.513328
G374D,14.10336,9.00136,6.833332248793022,Destabilizing,Destabilizing,,,0.743,cBioPortal,,False,0.0,,,,neutral,neutral,neutral,UP,neutral,neutral,neutral,,,,95.38,E,-0.3672,0.0962,-8.9365,loss_of_function,-7.42244332072484,0.7405893775294727,Pathogenic,0.9987,pathogenic,https://doi.org/10.1101/2022.10.22.513328
G375D,6.42254,2.13061,5.23338592655566,Uncertain,Destabilizing,,,0.256,"cBioPortal,COSMIC",,False,4.5,,,,neutral,neutral,neutral,UP,neutral,neutral,neutral,,,,93.98,-,-0.1892,1.5837,-0.8695,loss_of_function,-0.959445418909421,1.6551580692070356e-13,Benign,0.9182,pathogenic,https://doi.org/10.1101/2022.10.22.513328
D377Y,1.57733,1.37823,1.0011203350326154,Neutral,Neutral,,,0.815,COSMIC,,False,63.5,,,,neutral,neutral,neutral,UP,neutral,neutral,neutral,,,,94.64,T,-0.1486,2.6624,-22.2155,loss_of_function,-3.72239977064178,0.2871191017323058,Benign,0.8557,pathogenic,https://doi.org/10.1101/2022.10.22.513328
H381L,-0.08101,-0.30374,-0.4925681859658137,Neutral,Neutral,,,0.615,cBioPortal,,False,50.3,,,,neutral,neutral,neutral,UP,neutral,neutral,neutral,,,,93.82,E,-0.1768,1.8471,-22.2155,loss_of_function,-5.28788756706574,0.5091030510734124,Uncertain,0.7936,pathogenic,https://doi.org/10.1101/2022.10.22.513328
H381Q,-0.0822,-0.12109,0.3597802696288404,Neutral,Neutral,,,0.389,cBioPortal,,False,50.3,,,,neutral,neutral,neutral,DOWN,neutral,neutral,neutral,,,,93.82,E,-0.0952,1.8471,-22.2155,loss_of_function,-4.05556974375684,0.0798523313587454,Benign,0.9153,pathogenic,https://doi.org/10.1101/2022.10.22.513328
H381Y,-1.02412,-0.21803,-0.1691992326672792,Neutral,Neutral,,,0.844,COSMIC,,False,50.3,,,,neutral,neutral,neutral,UP,neutral,neutral,neutral,,,,93.82,E,-0.031,1.8471,-8.9276,loss_of_function,-3.79850673129439,0.7481293853932658,Pathogenic,0.6867,pathogenic,https://doi.org/10.1101/2022.10.22.513328
G384E,9.77975,7.19048,6.277753990881094,Destabilizing,Destabilizing,,,0.663,"cBioPortal,COSMIC",,False,0.0,,,,neutral,neutral,neutral,UP,neutral,neutral,neutral,,,,97.76,E,-0.3304,1.2255,-22.2155,loss_of_function,-5.26576041668417,0.5762932392542941,Uncertain,0.9986,pathogenic,https://doi.org/10.1101/2022.10.22.513328
R396C,3.24125,1.91531,1.423479259607587,Uncertain,Uncertain,,4.0127444765e-06,0.698,"cBioPortal,COSMIC",,False,41.3,,,,neutral,neutral,neutral,DOWN,neutral,neutral,neutral,,,,97.33,H,-0.213,1.4959,-8.9037,loss_of_function,-4.47108192584257,0.6279420497987799,Uncertain,0.4127,ambiguous,https://doi.org/10.1101/2022.10.22.513328
A406T,1.92356,0.42143,0.6489363450223503,Neutral,Neutral,,,0.219,cBioPortal,,False,32.1,,,,neutral,neutral,neutral,UP,neutral,neutral,neutral,,,,93.81,-,-0.0435,1.9979,-5.8009,loss_of_function,-0.725866342024566,0.0661548240333767,Benign,0.2161,benign,https://doi.org/10.1101/2022.10.22.513328
P407S,2.36391,2.51871,0.3010501507701785,Uncertain,Uncertain,,,0.643,COSMIC,,False,38.1,,,,neutral,neutral,neutral,DOWN,neutral,neutral,neutral,,,,93.51,T,-0.1525,0.878,-3.8044,loss_of_function,-0.760477113427492,0.0008593403094948,Benign,0.4153,ambiguous,https://doi.org/10.1101/2022.10.22.513328
L409F,-0.3005,0.07551,0.4256872166548214,Neutral,Neutral,,,0.351,"cBioPortal,COSMIC",,False,33.5,,,,neutral,neutral,neutral,UP,neutral,neutral,neutral,,,,96.38,E,-0.1761,1.1846,-8.9336,loss_of_function,-4.07609229937967,0.4265181804456562,Uncertain,0.5634,ambiguous,https://doi.org/10.1101/2022.10.22.513328
L409P,7.5505,9.33912,6.419231211336007,Destabilizing,Destabilizing,,,0.711,cBioPortal,,False,33.5,,,,neutral,neutral,neutral,DOWN,neutral,neutral,neutral,,,,96.38,E,-0.3938,1.1846,-22.2214,loss_of_function,-6.78612729467751,0.884633355175802,Pathogenic,0.9977,pathogenic,https://doi.org/10.1101/2022.10.22.513328
A412T,0.95314,0.54422,0.876763026380504,Neutral,Neutral,,0.0,0.134,"cBioPortal,COSMIC",,True,0.3,,,,neutral,neutral,neutral,UP,neutral,neutral,neutral,,,,96.68,E,-0.033,2.1981,-7.3428,loss_of_function,-1.91815446857692,1.8699381029116948e-05,Benign,0.2242,benign,https://doi.org/10.1101/2022.10.22.513328
A412V,-0.78186,-0.40646,-0.2097954311621075,Neutral,Neutral,,,0.231,cBioPortal,,True,0.3,,,,neutral,neutral,neutral,UP,neutral,neutral,neutral,,,,96.68,E,0.001,2.1981,-1.2696,gain_of_function,0.0654217618744432,8.049353247148358e-15,Benign,0.1098,benign,https://doi.org/10.1101/2022.10.22.513328
V421M,1.3627,2.99626,1.6458923895172417,Uncertain,Neutral,,,0.478,"cBioPortal,COSMIC",,True,0.5,,,,neutral,neutral,neutral,UP,neutral,neutral,neutral,,,,94.52,-,-0.277,0.9088,-22.2185,loss_of_function,-2.68853320073804,0.6851663494334281,Pathogenic,0.9711,pathogenic,https://doi.org/10.1101/2022.10.22.513328
V429I,-0.51321,0.11156,0.1127353193380609,Neutral,Neutral,3.19631784185e-05,3.64747554165e-05,0.064,"cBioPortal,COSMIC",,True,66.8,,,,neutral,neutral,neutral,UP,neutral,neutral,neutral,,,,85.71,E,0.0132,2.1266,-1.8487,gain_of_function,-0.013975180272699,1.4414874997242339e-09,Benign,0.0563,benign,https://doi.org/10.1101/2022.10.22.513328
D430H,2.0062,2.85952,1.4429639619569894,Uncertain,Uncertain,,,0.638,cBioPortal,,True,28.7,,,,neutral,neutral,neutral,UP,neutral,neutral,neutral,,,,86.71,-,-0.2595,1.0615,-22.0756,loss_of_function,-6.71281157367295,0.8850935533390836,Pathogenic,0.9979,pathogenic,https://doi.org/10.1101/2022.10.22.513328
F432S,0.96039,0.08503,0.926844062893562,Neutral,Neutral,,,0.798,"cBioPortal,COSMIC",,False,90.6,,,,neutral,neutral,neutral,DOWN,neutral,neutral,neutral,,,,89.03,T,-0.2591,1.0373,-7.7813,loss_of_function,-6.19337649603856,0.2111347407006706,Benign,0.9671,pathogenic,https://doi.org/10.1101/2022.10.22.513328
N434K,-0.11239,0.54014,0.0314407203623229,Neutral,Neutral,,,0.322,"cBioPortal,COSMIC",,False,78.1,,,,neutral,neutral,neutral,UP,neutral,neutral,neutral,,,,90.47,-,-0.1678,1.7748,-22.0459,loss_of_function,-2.66188334550087,0.7402725470816419,Pathogenic,0.9709,pathogenic,https://doi.org/10.1101/2022.10.22.513328
E435K,-0.5073,0.69456,0.6391612292342913,Neutral,Neutral,,8.092251669e-06,0.277,cBioPortal,,False,67.7,,,,neutral,neutral,neutral,UP,neutral,neutral,stabilizing,,,,87.88,E,-0.0518,2.2376,-5.585,loss_of_function,-1.91718866710593,0.0043042820784219,Benign,0.7505,pathogenic,https://doi.org/10.1101/2022.10.22.513328
Q438K,-0.88401,-0.15952,0.2808016518553746,Neutral,Neutral,,,0.146,"cBioPortal,COSMIC",,False,44.4,,,,neutral,neutral,neutral,UP,neutral,neutral,neutral,,,,94.71,E,0.0286,2.8456,-2.6921,gain_of_function,-1.29281497418097,2.2196554428718457e-07,Benign,0.1211,benign,https://doi.org/10.1101/2022.10.22.513328
Q438L,-0.7271,-0.78435,-0.7861282960028393,Neutral,Neutral,,,0.143,cBioPortal,,False,44.4,,,,neutral,neutral,neutral,UP,neutral,neutral,neutral,,,,94.71,E,0.0288,2.8456,-5.4363,gain_of_function,-1.63084800232338,6.015027898483156e-06,Benign,0.1605,benign,https://doi.org/10.1101/2022.10.22.513328
R441L,1.6626,2.07789,0.0491618781457925,Uncertain,Neutral,,,0.744,cBioPortal,,False,13.3,,,,neutral,neutral,neutral,DOWN,neutral,neutral,neutral,,,,95.38,S,-0.3025,1.1826,-22.0426,loss_of_function,-6.02120280191982,0.8729177428513399,Pathogenic,0.9733,pathogenic,https://doi.org/10.1101/2022.10.22.513328
L443V,1.64823,0.14592,1.077188582703832,Neutral,Neutral,,,0.38,"cBioPortal,COSMIC",,False,0.1,,,,neutral,neutral,neutral,DOWN,neutral,neutral,neutral,,,,95.5,E,-0.1222,1.3037,-5.0477,loss_of_function,-1.8275367607781,0.0463768729917632,Benign,0.4523,ambiguous,https://doi.org/10.1101/2022.10.22.513328
P444L,1.34096,0.57007,-0.9821070335900628,Neutral,Neutral,,,0.607,cBioPortal,,False,26.6,,,,neutral,neutral,neutral,UP,neutral,neutral,neutral,,,,95.43,E,-0.3732,0.0238,-22.0359,loss_of_function,-7.10736554461766,0.9039974918103988,Pathogenic,0.9576,pathogenic,https://doi.org/10.1101/2022.10.22.513328
Y447C,2.33817,2.9966,2.811885161944556,Uncertain,Uncertain,,,0.781,"cBioPortal,COSMIC",,True,9.0,,,,uncertain,,,DOWN,neutral,neutral,neutral,,,,94.7,G,-0.3939,0.3016,-22.0326,loss_of_function,-6.50599679231669,0.8969603562316786,Pathogenic,0.9858,pathogenic,https://doi.org/10.1101/2022.10.22.513328
P457L,1.86407,2.12891,-1.3429503165846584,Uncertain,Neutral,,,0.786,"cBioPortal,COSMIC",,False,14.1,,,,neutral,neutral,neutral,UP,neutral,neutral,neutral,,,,94.54,-,-0.2466,0.6618,-8.7346,loss_of_function,-2.24800750559601,0.4704999304799191,Uncertain,0.9615,pathogenic,https://doi.org/10.1101/2022.10.22.513328
P457S,2.84215,1.62517,-0.0825022651025647,Uncertain,Uncertain,,,0.515,"cBioPortal,COSMIC",,False,14.1,,,,neutral,neutral,neutral,DOWN,neutral,neutral,neutral,,,,94.54,-,-0.1857,0.6618,-6.4128,loss_of_function,-2.4107904410182,0.0041912552981534,Benign,0.9258,pathogenic,https://doi.org/10.1101/2022.10.22.513328
K458M,0.02404,0.4551,0.1727890885120386,Neutral,Neutral,,,0.17,"cBioPortal,COSMIC",,False,107.2,,,,neutral,neutral,neutral,DOWN,neutral,neutral,mixed_effects,,,,91.83,S,0.0322,3.0869,-6.4161,gain_of_function,-0.897693494955119,4.019723098629456e-05,Benign,0.7352,pathogenic,https://doi.org/10.1101/2022.10.22.513328
D459E,0.22779,0.01156,0.2544915921599461,Neutral,Neutral,,,,clinvar,,False,107.7,,,,neutral,neutral,neutral,UP,neutral,neutral,neutral,2385001,Uncertain significance,1,94.38,S,0.0695,2.8366,-2.2269,gain_of_function,-0.312289139880887,6.143599989519857e-10,Benign,0.1833,benign,https://doi.org/10.1101/2022.10.22.513328
D459N,-0.12427,-0.47585,0.2541443547002636,Neutral,Neutral,,,0.053,"cBioPortal,COSMIC",,False,107.7,,,,neutral,neutral,neutral,-,uncertain,uncertain,uncertain,,,,94.38,S,0.0422,2.8366,-3.3084,gain_of_function,-0.625763555885522,4.77824645782458e-06,Benign,0.2466,benign,https://doi.org/10.1101/2022.10.22.513328
S465Y,-0.1909,0.19864,-0.7639302263507947,Neutral,Neutral,3.19040326697e-05,1.60522661787e-05,0.215,"cBioPortal,clinvar",,True,33.4,,,,uncertain,,,UP,neutral,neutral,neutral,2473418,Uncertain significance,1,90.66,-,0.0337,3.331,-4.4847,gain_of_function,-0.707139105387806,4.019359979167488e-06,Benign,0.1684,benign,https://doi.org/10.1101/2022.10.22.513328
S467L,-1.35833,0.96939,-0.8130064201141096,Neutral,Neutral,,,0.316,"cBioPortal,COSMIC",,True,18.6,,,,uncertain,,,UP,neutral,neutral,neutral,,,,85.06,-,0.0155,3.1245,-5.3992,gain_of_function,-0.970922187176228,,,0.0936,benign,https://doi.org/10.1101/2022.10.22.513328
P470L,0.04121,1.46803,-0.4497651821684134,Neutral,Neutral,,,0.166,"cBioPortal,COSMIC",,False,32.6,,,,neutral,neutral,neutral,UP,neutral,neutral,neutral,,,,92.57,-,-0.0406,2.7424,-5.8908,loss_of_function,-0.409256599714243,0.000132825812378,Benign,0.0938,benign,https://doi.org/10.1101/2022.10.22.513328
P470S,1.74976,1.36361,1.5627192735121238,Neutral,Neutral,,,0.428,"cBioPortal,COSMIC",,False,32.6,,,,neutral,neutral,neutral,DOWN,neutral,neutral,neutral,,,,92.57,-,0.0165,2.7424,-4.3058,gain_of_function,-0.576551827761224,7.203996254239207e-06,Benign,0.1059,benign,https://doi.org/10.1101/2022.10.22.513328
F471V,3.98316,4.00408,3.9148038821253377,Destabilizing,Destabilizing,,,0.942,"cBioPortal,COSMIC",,False,0.0,,,,neutral,neutral,neutral,DOWN,neutral,neutral,neutral,,,,95.44,-,-0.3452,0.4486,-22.0258,loss_of_function,-5.48966592444493,0.9057916969285218,Pathogenic,0.9791,pathogenic,https://doi.org/10.1101/2022.10.22.513328
P472S,2.48269,1.80238,0.2703050907401338,Uncertain,Uncertain,,,0.358,"cBioPortal,COSMIC",,False,24.3,,,,neutral,neutral,neutral,DOWN,neutral,neutral,neutral,,,,95.79,-,-0.1616,0.9238,-6.4195,loss_of_function,-0.810916604125475,0.1194839616316991,Benign,0.3339,benign,https://doi.org/10.1101/2022.10.22.513328
E474D,3.17885,1.45918,1.0910042946147775,Uncertain,Uncertain,,,0.553,COSMIC,,False,12.0,,,,neutral,neutral,neutral,DOWN,neutral,neutral,neutral,,,,95.69,T,-0.1284,0.8571,-6.7347,loss_of_function,-2.31416300033702,0.6871742044150515,Pathogenic,0.9333,pathogenic,https://doi.org/10.1101/2022.10.22.513328
R476W,5.19605,2.46701,1.98960860035698,Uncertain,Uncertain,,,0.794,"cBioPortal,COSMIC",,False,3.2,,,,neutral,neutral,neutral,UP,neutral,neutral,neutral,,,,94.83,B,-0.3248,0.3679,-8.7244,loss_of_function,-5.69383042308201,0.9058166526778516,Pathogenic,0.9145,pathogenic,https://doi.org/10.1101/2022.10.22.513328
D477G,0.35216,1.28503,1.177502055499639,Neutral,Neutral,,,0.297,"cBioPortal,COSMIC",,False,80.8,,,,neutral,neutral,neutral,DOWN,neutral,neutral,neutral,,,,90.99,G,0.0244,3.2579,-5.6865,gain_of_function,-1.63475182124454,3.147529673731233e-05,Benign,0.1638,benign,https://doi.org/10.1101/2022.10.22.513328
D477N,0.52845,0.28639,0.2290008603467813,Neutral,Neutral,,,,clinvar,,False,80.8,,,,neutral,neutral,neutral,-,uncertain,uncertain,uncertain,2323164,Uncertain significance,1,90.99,G,0.0616,3.2579,-7.1015,gain_of_function,-1.36154478804336,6.798794812218983e-06,Benign,0.1313,benign,https://doi.org/10.1101/2022.10.22.513328
E481D,0.10703,1.02211,1.1019233778928543,Neutral,Neutral,,,0.164,"cBioPortal,COSMIC",,False,29.1,,,,neutral,neutral,neutral,DOWN,neutral,neutral,neutral,,,,91.26,B,0.022,2.3857,-4.8244,gain_of_function,-0.380014391681546,6.397065177518342e-05,Benign,0.3527,ambiguous,https://doi.org/10.1101/2022.10.22.513328
Q483R,-0.01364,1.89796,0.9866030072855848,Neutral,Neutral,,,0.653,"cBioPortal,COSMIC",,True,14.3,,,,neutral,neutral,neutral,UP,neutral,neutral,neutral,,,,93.49,-,-0.2068,0.5512,-7.7313,loss_of_function,-4.66244888297055,0.7298255803446695,Pathogenic,0.756,pathogenic,https://doi.org/10.1101/2022.10.22.513328
H486R,-1.40825,0.00136,0.3617781044446344,Neutral,Neutral,,4.0564001882e-06,0.536,"cBioPortal,COSMIC",,True,72.7,,,,neutral,neutral,neutral,UP,neutral,neutral,neutral,,,,92.6,H,0.0675,3.3179,-3.5082,gain_of_function,-0.716436298869487,1.39163544255044e-06,Benign,0.1386,benign,https://doi.org/10.1101/2022.10.22.513328
L492F,1.6384,2.21837,1.2578835587671515,Uncertain,Neutral,,,0.548,"cBioPortal,COSMIC",,True,5.4,,,,neutral,neutral,neutral,UP,neutral,neutral,neutral,,,,91.54,H,-0.0986,1.8235,-5.2651,loss_of_function,-2.1807543735377,6.68554896941356e-05,Benign,0.2319,benign,https://doi.org/10.1101/2022.10.22.513328
S493Y,0.40425,1.03299,-0.8389363045473242,Neutral,Neutral,,,0.319,cBioPortal,,True,33.2,,,,uncertain,,,UP,neutral,neutral,neutral,,,,89.73,H,-0.0137,2.961,-7.1154,loss_of_function,-1.58594669521098,0.00057493942913,Benign,0.1851,benign,https://doi.org/10.1101/2022.10.22.513328
L501F,6.07861,2.3466,1.3298786694420976,Uncertain,Uncertain,,,0.319,"cBioPortal,COSMIC",,True,11.8,,,,neutral,neutral,neutral,UP,neutral,neutral,neutral,,,,93.48,H,-0.1002,1.8402,-5.8965,loss_of_function,-1.10368264916617,0.0008791326726636,Benign,0.475,ambiguous,https://doi.org/10.1101/2022.10.22.513328
T503I,-1.20519,-1.19728,-1.4729808732615317,Neutral,Neutral,,,,clinvar,,True,8.2,,,,uncertain,,,UP,neutral,neutral,neutral,2485778,Uncertain significance,1,92.11,H,0.0211,2.9621,-3.1907,gain_of_function,-0.134249491245636,2.1613604627892878e-07,Benign,0.077,benign,https://doi.org/10.1101/2022.10.22.513328
D506H,7.64659,1.67245,1.0956838163576144,Uncertain,Uncertain,,,0.836,cBioPortal,,True,7.5,,,,neutral,neutral,neutral,UP,neutral,neutral,neutral,,,,95.76,-,-0.2807,0.8273,-22.0088,loss_of_function,-5.12716711611225,0.8373550645878216,Pathogenic,0.9516,pathogenic,https://doi.org/10.1101/2022.10.22.513328
F507V,3.76846,3.31871,2.5677409558420776,Destabilizing,Uncertain,,,0.869,"cBioPortal,COSMIC",,True,2.4,,,,neutral,neutral,neutral,DOWN,neutral,neutral,neutral,,,,97.0,H,-0.2624,0.6103,-8.7244,loss_of_function,-3.24279946353183,0.8713658719940376,Pathogenic,0.869,pathogenic,https://doi.org/10.1101/2022.10.22.513328
L509F,0.94459,2.62959,0.7568530072119051,Uncertain,Neutral,,4.018452735e-06,0.237,cBioPortal,,True,0.0,,,,neutral,neutral,neutral,UP,neutral,neutral,neutral,,,,95.56,H,-0.1068,1.5983,-2.8142,loss_of_function,-1.42966511137624,2.2480314530903884e-05,Benign,0.4081,ambiguous,https://doi.org/10.1101/2022.10.22.513328
F512L,1.90096,2.64626,2.451854467276584,Uncertain,Uncertain,,,0.559,"cBioPortal,COSMIC",,True,6.2,,,,neutral,neutral,neutral,DOWN,neutral,neutral,neutral,,,,95.0,H,-0.1409,1.4932,-7.1361,loss_of_function,-3.04946110313391,0.2250674375919009,Benign,0.995,pathogenic,https://doi.org/10.1101/2022.10.22.513328
N516S,1.00019,1.96531,1.6632986848812494,Neutral,Neutral,,8.0490671131e-06,0.175,COSMIC,,True,16.6,,,,neutral,neutral,neutral,DOWN,neutral,neutral,neutral,,,,89.22,-,0.0237,2.5273,-4.599,gain_of_function,-0.680375637709718,3.667638776193212e-08,Benign,0.1285,benign,https://doi.org/10.1101/2022.10.22.513328
P520S,0.77865,2.88537,0.0276157960699613,Uncertain,Neutral,,,0.322,COSMIC,,False,71.2,,,,neutral,neutral,neutral,DOWN,neutral,neutral,neutral,,,,76.95,-,-0.0357,2.0873,-2.7275,loss_of_function,-1.27426640947634,0.0002294661924419,Benign,0.8229,pathogenic,https://doi.org/10.1101/2022.10.22.513328
L521Q,2.32056,1.17687,1.9070926642556365,Uncertain,Uncertain,,,0.459,COSMIC,,False,3.0,,,,neutral,neutral,neutral,DOWN,neutral,neutral,neutral,,,,86.77,-,-0.1473,2.3338,-6.9109,loss_of_function,-1.69290658324914,,,0.9392,pathogenic,https://doi.org/10.1101/2022.10.22.513328
L521V,2.96084,-0.03299,1.1355985869951648,Uncertain,Uncertain,,,0.109,"cBioPortal,COSMIC",,False,3.0,,,,neutral,neutral,neutral,DOWN,neutral,neutral,neutral,,,,86.77,-,-0.0369,2.3338,-6.9109,loss_of_function,-0.672515806082692,,,0.3386,benign,https://doi.org/10.1101/2022.10.22.513328
S524N,0.50738,-0.24354,-0.3364695103381188,Neutral,Neutral,,,0.128,cBioPortal,,True,35.7,,,,uncertain,,,UP,neutral,neutral,neutral,,,,88.58,T,0.0688,3.1542,-6.3038,gain_of_function,-0.315319024970335,9.601456597191618e-05,Benign,0.2732,benign,https://doi.org/10.1101/2022.10.22.513328
A531V,5.87448,4.35544,3.193585865611076,Destabilizing,Destabilizing,,,0.322,"cBioPortal,COSMIC",,False,0.0,,,,neutral,neutral,neutral,UP,neutral,neutral,neutral,,,,96.45,H,-0.0702,1.5271,-3.1108,loss_of_function,-1.96599883944416,0.089402269803061,Benign,0.9259,pathogenic,https://doi.org/10.1101/2022.10.22.513328
R533Q,1.79416,0.83163,1.2565863365953285,Neutral,Neutral,,0.0,0.367,"cBioPortal,COSMIC",,True,51.9,,,,neutral,neutral,neutral,DOWN,neutral,neutral,neutral,,,,95.73,H,-0.0749,2.4061,-4.9434,loss_of_function,-1.57972570678157,0.0009676123235903,Benign,0.1091,benign,https://doi.org/10.1101/2022.10.22.513328
R533W,2.3782,-0.11531,-0.0985160382288102,Uncertain,Uncertain,,,0.413,"cBioPortal,COSMIC",,True,51.9,,,,neutral,neutral,neutral,UP,neutral,neutral,neutral,,,,95.73,H,-0.2046,2.4061,-21.9316,loss_of_function,-3.32576660301491,0.5469816723175569,Uncertain,0.4589,ambiguous,https://doi.org/10.1101/2022.10.22.513328
A540T,3.03281,3.01973,1.591756970614855,Destabilizing,Uncertain,,0.0,0.376,"cBioPortal,COSMIC",,False,0.0,,,,neutral,neutral,neutral,UP,neutral,neutral,neutral,,,,95.36,H,-0.0788,1.6838,-7.0552,loss_of_function,-1.77736214093682,0.0697749125920106,Benign,0.6246,pathogenic,https://doi.org/10.1101/2022.10.22.513328
W543C,5.73521,5.5415,5.927808054847292,Destabilizing,Destabilizing,,,,COSMIC,,False,2.7,,,,neutral,neutral,neutral,DOWN,neutral,neutral,neutral,,,,94.58,H,-0.3005,1.5487,-8.6329,loss_of_function,-3.90197931273917,0.1382916654392603,Benign,0.992,pathogenic,https://doi.org/10.1101/2022.10.22.513328
Q548H,1.68185,0.40782,0.1443548137318201,Neutral,Neutral,,,0.154,COSMIC,,True,42.0,,,,neutral,neutral,neutral,UP,neutral,neutral,neutral,,,,92.01,H,0.0675,2.937,-2.9891,gain_of_function,-1.39513717968166,5.3396747427866696e-08,Benign,0.5682,pathogenic,https://doi.org/10.1101/2022.10.22.513328
W549L,2.89403,4.25272,3.331433409074479,Uncertain,Uncertain,,,,COSMIC,,True,3.5,,,,neutral,neutral,neutral,DOWN,neutral,neutral,neutral,,,,92.88,H,-0.4167,0.3556,-7.6329,loss_of_function,-4.38366280530789,0.6085523832299637,Uncertain,0.941,pathogenic,https://doi.org/10.1101/2022.10.22.513328
S557R,-0.12464,-0.62891,-0.2588827352545797,Neutral,Neutral,,,,COSMIC,,False,47.8,,,,uncertain,,,UP,neutral,neutral,stabilizing,,,,88.13,H,-0.0113,2.9431,-4.1579,loss_of_function,-1.07944702105302,6.585690357006933e-07,Benign,0.4809,ambiguous,https://doi.org/10.1101/2022.10.22.513328
G561R,3.04148,0.35952,0.5660780829520112,Uncertain,Uncertain,,8.4301394345e-06,0.093,"cBioPortal,COSMIC",,False,41.5,,,,neutral,neutral,neutral,UP,neutral,neutral,stabilizing,,,,57.89,-,-0.0988,3.1512,-8.2287,loss_of_function,-0.931938358704148,8.364912294931543e-05,Benign,0.2039,benign,https://doi.org/10.1101/2022.10.22.513328
P564A,0.84122,1.98265,-0.3607904379465326,Neutral,Neutral,0.0018167909734175,0.0021320171904378,0.035,"COSMIC,clinvar",,True,58.1,,,,neutral,neutral,neutral,DOWN,neutral,neutral,neutral,769931,Likely benign,1,48.43,T,-0.0282,2.2501,-4.1189,loss_of_function,-0.121937072954461,1.686159627149461e-06,Benign,0.0604,benign,https://doi.org/10.1101/2022.10.22.513328
P564S,1.09902,3.30952,-0.3463687363270706,Uncertain,Neutral,,3.77719580983e-05,0.204,cBioPortal,,True,58.1,,,,neutral,neutral,neutral,DOWN,neutral,neutral,neutral,,,,48.43,T,-0.0188,2.2501,-2.3376,loss_of_function,-0.0736286944212478,1.645377154903881e-07,Benign,0.0667,benign,https://doi.org/10.1101/2022.10.22.513328
G565C,2.04489,0.47857,1.6601717819731157,Uncertain,Uncertain,,,0.146,cBioPortal,,True,104.8,,,,neutral,neutral,neutral,UP,neutral,neutral,neutral,,,,45.26,T,-0.1658,2.9634,-21.2821,loss_of_function,-1.13735381891133,0.028557348964904,Benign,0.1096,benign,https://doi.org/10.1101/2022.10.22.513328
H567L,0.01498,0.2017,-0.1276523839878424,Neutral,Neutral,,,0.085,"cBioPortal,COSMIC",,True,91.5,,,,neutral,neutral,neutral,UP,neutral,neutral,neutral,,,,30.82,-,0.0893,3.7456,-4.3052,gain_of_function,-0.0168064846460809,,,0.0715,benign,https://doi.org/10.1101/2022.10.22.513328
G570S,1.478,0.61054,0.8170205392852264,Neutral,Neutral,,,,clinvar,,False,90.4,,,,neutral,neutral,neutral,UP,neutral,neutral,stabilizing,2295164,Uncertain significance,1,26.69,-,-0.0396,2.7506,-3.2587,loss_of_function,-0.0473594764303955,,,0.0748,benign,https://doi.org/10.1101/2022.10.22.513328
A571T,0.07402,1.91224,0.3699881620433604,Neutral,Neutral,,1.68355836897e-05,0.225,"cBioPortal,clinvar",,False,86.6,,,,neutral,neutral,neutral,UP,neutral,neutral,stabilizing,2407990,Uncertain significance,1,27.88,-,0.0531,2.9758,-4.5025,gain_of_function,-0.0400912273307115,,,0.0737,benign,https://doi.org/10.1101/2022.10.22.513328
V572I,0.8327,0.31701,0.1671604340926974,Neutral,Neutral,6.37308010962e-05,4.2271501399e-06,0.046,cBioPortal,,False,92.0,,,,neutral,neutral,neutral,UP,neutral,neutral,stabilizing,,,,28.28,-,0.1233,3.4281,-3.7495,gain_of_function,-0.0004402877101176,,,0.0708,benign,https://doi.org/10.1101/2022.10.22.513328
G573W,0.64029,0.94286,-0.5284723760565585,Neutral,Neutral,,,0.333,"cBioPortal,COSMIC",,False,95.4,,,,neutral,neutral,neutral,UP,neutral,neutral,stabilizing,,,,24.6,-,-0.251,2.455,-21.3805,loss_of_function,-1.30795300046043,,,0.3345,benign,https://doi.org/10.1101/2022.10.22.513328
G574A,-1.84451,0.89966,0.3478912747186125,Neutral,Neutral,,,,COSMIC,,False,108.2,,,,neutral,neutral,neutral,UP,neutral,neutral,stabilizing,,,,25.6,-,-0.0092,2.9952,-2.8566,loss_of_function,-0.012358064493285,,,0.076,benign,https://doi.org/10.1101/2022.10.22.513328
G574V,-1.74789,0.4534,0.1367266748120604,Neutral,Neutral,,,,"cBioPortal,COSMIC",,False,108.2,,,,neutral,neutral,neutral,UP,neutral,neutral,stabilizing,,,,25.6,-,-0.1123,2.9952,-6.0661,loss_of_function,-0.31317008805262,,,0.0893,benign,https://doi.org/10.1101/2022.10.22.513328
T576I,0.12615,1.02347,-0.425104386834742,Neutral,Neutral,,0.0,,COSMIC,,False,106.6,,,,uncertain,,,UP,neutral,neutral,stabilizing,,,,29.64,-,0.0331,3.2509,-6.0389,gain_of_function,-0.151727563230921,,,0.0893,benign,https://doi.org/10.1101/2022.10.22.513328
T578A,0.02139,0.46463,0.2849760753404201,Neutral,Neutral,,,0.018,"cBioPortal,COSMIC",,False,107.1,,,,uncertain,,,DOWN,neutral,neutral,neutral,,,,31.86,-,0.0781,3.2411,-2.1265,gain_of_function,-0.0001871927953027,,,0.0523,benign,https://doi.org/10.1101/2022.10.22.513328
T578M,0.05814,0.99966,0.0243625412299847,Neutral,Neutral,,,,clinvar,,False,107.1,,,,uncertain,,,UP,neutral,neutral,neutral,777257,Benign,1,31.86,-,0.0032,3.2411,-8.0333,gain_of_function,-0.288188821551589,,,0.0852,benign,https://doi.org/10.1101/2022.10.22.513328
H588Y,-0.67564,-0.7881,0.0891476724090134,Neutral,Neutral,,,0.335,"cBioPortal,COSMIC",,False,55.4,,,,neutral,neutral,neutral,UP,neutral,neutral,neutral,,,,77.53,T,-0.0606,1.2341,-3.6699,loss_of_function,-0.756961535037462,,,0.2023,benign,https://doi.org/10.1101/2022.10.22.513328
F591L,0.45041,1.24218,0.9922619650417824,Neutral,Neutral,,,0.568,COSMIC,,False,36.1,,,,neutral,neutral,neutral,DOWN,neutral,neutral,neutral,,,,73.61,-,-0.1921,0.8483,-5.5443,loss_of_function,-1.91631727887805,,,0.9957,pathogenic,https://doi.org/10.1101/2022.10.22.513328
F591S,1.88967,1.83878,2.269148615566723,Neutral,Uncertain,,,0.816,cBioPortal,,False,36.1,,,,neutral,neutral,neutral,DOWN,neutral,neutral,neutral,,,,73.61,-,-0.346,0.8483,-21.417,loss_of_function,-3.51850300093502,,,0.9914,pathogenic,https://doi.org/10.1101/2022.10.22.513328
Q594H,0.52748,-0.4966,-0.4360930212506408,Neutral,Neutral,,0.0,0.111,COSMIC,,False,52.6,,,,neutral,neutral,neutral,UP,neutral,neutral,neutral,,,,80.06,-,0.0798,3.2264,-5.797,gain_of_function,-0.649760726974141,,,0.2089,benign,https://doi.org/10.1101/2022.10.22.513328
Q594R,-0.5145,0.47959,-0.5439830510020199,Neutral,Neutral,,4.3057050592e-06,0.121,cBioPortal,,False,52.6,,,,neutral,neutral,neutral,UP,neutral,neutral,neutral,,,,80.06,-,0.0586,3.2264,-3.949,gain_of_function,-0.622139203142876,,,0.139,benign,https://doi.org/10.1101/2022.10.22.513328
P595L,2.01211,2.72993,-0.1578320229610802,Uncertain,Uncertain,,,0.203,"cBioPortal,COSMIC",,False,23.6,,,,neutral,neutral,neutral,UP,neutral,neutral,neutral,,,,75.4,T,-0.0208,2.9059,-4.9386,loss_of_function,-0.914198276272465,,,0.1333,benign,https://doi.org/10.1101/2022.10.22.513328
P595S,2.2448,2.06633,0.1967237319381792,Uncertain,Uncertain,3.18511912346e-05,,0.092,cBioPortal,,False,23.6,,,,neutral,neutral,neutral,DOWN,neutral,neutral,neutral,,,,75.4,T,0.0376,2.9059,-3.1085,gain_of_function,-0.545161658961764,,,0.0963,benign,https://doi.org/10.1101/2022.10.22.513328
H599Q,-0.13883,1.08299,0.6850628402006556,Neutral,Neutral,,,,clinvar,,False,72.1,,,,neutral,neutral,neutral,DOWN,neutral,neutral,neutral,2403000,Uncertain significance,1,80.94,B,0.1171,3.215,-5.2854,gain_of_function,-0.102769459628664,,,0.0815,benign,https://doi.org/10.1101/2022.10.22.513328
C600Y,21.73816,7.96871,-0.0825905289772782,Destabilizing,Uncertain,,,0.814,cBioPortal,,False,0.0,,,,neutral,neutral,neutral,UP,neutral,neutral,neutral,,,,75.35,-,-0.4915,0.0002,-21.391,loss_of_function,-4.09613404221417,,,0.9988,pathogenic,https://doi.org/10.1101/2022.10.22.513328
E601K,-0.97794,-0.01088,0.0485785050146875,Neutral,Neutral,,,0.393,"cBioPortal,COSMIC",,False,29.6,,,,neutral,neutral,neutral,UP,neutral,neutral,neutral,,,,75.87,T,-0.2233,1.2499,-21.391,loss_of_function,-3.51867558257374,,,0.9299,pathogenic,https://doi.org/10.1101/2022.10.22.513328
