Mutation,"Stability (FoldX5, xray, kcal/mol)","Stability (Rosetta Cartddg2020, xray, kcal/mol)","Stability (RaSP, xray, kcal/mol)","Stability classification, xray, (Rosetta, FoldX)","Stability classification, xray, (RaSP, FoldX)","Local Int. (Binding with PP3CA_1MF8, heterodimer, FoldX5, kcal/mol)","Local Int. (Binding with PPP3R1_1MF8, heterodimer, FoldX5, kcal/mol)","Local Int. (Binding with PP3CA_1MF8, heterodimer, Rosetta Talaris 2014, kcal/mol)","Local Int. (Binding with PPP3R1_1MF8, heterodimer, Rosetta Talaris 2014, kcal/mol)",Local Int. classification (PPP3R1_1MF8),Local Int. classification (PP3CA_1MF8),Relative Side Chain Solvent Accessibility in wild-type,gnomAD genome allele frequency,gnomAD exome allele frequency,REVEL score,Mutation sources,PTMs,is site part of phospho-SLiM,PTM residue SASA (%),"Change in stability with PTM (FoldX5, kcal/mol)","Change in binding with PTM (FoldX5, kcal/mol)","Change in binding with mutation (FoldX5, kcal/mol)",PTM effect in regulation,PTM effect in stability,PTM effect in function,AlloSigma2 mutation type,AlloSigma2 predicted consequence - active sites,AlloSigma2 predicted consequence - cofactor sites,AlloSigma2 predicted consequence - pockets and interfaces,AlphaFold2 model pLDDT score,AlphaFold2 model secondary structure,DeMaSk delta fitness,DeMaSk Shannon entropy,DeMaSk log2 variant frequency,DeMaSk predicted consequence,GEMME Score,AlphaMissense pathogenicity score,AlphaMissense classification,References
P4L,2.28581,-0.05442,-0.3424394948849052,Uncertain,Uncertain,,0.0,,0.0003,Neutral,,14.8,,,0.276,"cBioPortal,COSMIC",,False,14.8,,,,neutral,neutral,neutral,UP,neutral,neutral,neutral,98.37,-,-0.2589,0.4213,-6.8073,loss_of_function,-0.655052924866123,0.8505,pathogenic,https://doi.org/10.1101/2022.10.22.513328
V6M,2.48087,2.37891,1.7637197289611095,Uncertain,Uncertain,,,,,,,0.0,,0.0,0.25,cBioPortal,,False,0.0,,,,neutral,neutral,neutral,UP,neutral,neutral,neutral,98.84,E,-0.1717,0.9998,-3.2276,loss_of_function,-0.0285921868945182,0.8164,pathogenic,https://doi.org/10.1101/2022.10.22.513328
S21F,0.79583,1.08299,-0.2071468868237486,Neutral,Neutral,,,,,,,3.1,,,0.107,"cBioPortal,COSMIC",P,True,3.1,3.646,,,uncertain,damaging,uncertain,UP,neutral,neutral,neutral,98.75,E,-0.1213,1.728,-6.9069,loss_of_function,-0.684649041517048,0.3626,ambiguous,https://doi.org/10.1101/2022.10.22.513328
E23Q,0.11791,0.44354,0.6373083632116877,Neutral,Neutral,,,,,Uncertain,Uncertain,26.4,,,0.208,"cBioPortal,COSMIC",,True,26.4,,,,neutral,neutral,neutral,UP,neutral,neutral,neutral,98.7,E,-0.1185,0.9092,-4.4101,loss_of_function,-0.160389954206987,0.2065,benign,https://doi.org/10.1101/2022.10.22.513328
V29I,2.39382,1.88469,0.986813810148699,Uncertain,Uncertain,,,,,,,0.0,,,0.237,cBioPortal,,True,0.0,,,,neutral,neutral,neutral,UP,neutral,neutral,stabilizing,98.51,-,-0.1187,0.86,-4.8667,loss_of_function,-0.386974131206278,0.4932,ambiguous,https://doi.org/10.1101/2022.10.22.513328
N35H,3.8928,2.38741,0.9273734927290594,Uncertain,Uncertain,,,,,,,0.0,,,0.589,COSMIC,,False,0.0,,,,neutral,neutral,neutral,UP,neutral,neutral,stabilizing,98.82,H,-0.3089,0.2724,-22.2535,loss_of_function,-4.01764787619183,0.9908,pathogenic,https://doi.org/10.1101/2022.10.22.513328
R37C,2.77772,3.34898,2.376134252187897,Uncertain,Uncertain,,,,,,,8.6,,4.0526192078e-06,0.303,"cBioPortal,COSMIC",,True,8.6,,,,neutral,neutral,neutral,DOWN,neutral,neutral,stabilizing,98.74,H,-0.2234,1.1045,-3.8754,loss_of_function,-0.318520898020111,0.5455,ambiguous,https://doi.org/10.1101/2022.10.22.513328
G47R,13.78184,0.19524,5.815880738821596,Uncertain,Destabilizing,,,,,Uncertain,Uncertain,26.8,,,0.549,"cBioPortal,COSMIC",,False,26.8,,,,neutral,neutral,neutral,UP,neutral,neutral,neutral,98.5,-,-0.3423,0.4164,-6.6409,loss_of_function,-1.07752521856748,0.9736,pathogenic,https://doi.org/10.1101/2022.10.22.513328
C52Y,-1.10546,0.04116,-0.5816648915969802,Neutral,Neutral,,,,,,,0.1,,,0.212,COSMIC,,True,0.1,,,,neutral,neutral,neutral,UP,neutral,neutral,destabilizing,98.31,B,-0.2282,2.0432,-6.6438,loss_of_function,-0.513607837295471,0.4864,ambiguous,https://doi.org/10.1101/2022.10.22.513328
H54D,0.97421,1.43401,1.6811771663866384,Neutral,Neutral,,,,,,,15.6,,,0.695,"cBioPortal,COSMIC",,True,15.6,,,,neutral,neutral,neutral,DOWN,neutral,neutral,mixed_effects,98.48,-,-0.3279,0.1784,-22.2535,loss_of_function,-4.63251626220325,0.9981,pathogenic,https://doi.org/10.1101/2022.10.22.513328
R55K,0.44211,-0.36497,1.173926904464493,Neutral,Neutral,,,,,Uncertain,Uncertain,37.1,,,0.583,"cBioPortal,COSMIC",,True,37.1,,,,neutral,neutral,neutral,-,uncertain,uncertain,uncertain,98.68,E,-0.1969,0.2561,-6.6409,loss_of_function,-0.0980627397151284,0.9688,pathogenic,https://doi.org/10.1101/2022.10.22.513328
P58L,2.43861,0.38707,-0.8304331800503073,Uncertain,Uncertain,0.17972,,0.00785,,Uncertain,Neutral,48.7,,0.0,0.635,"cBioPortal,COSMIC",,True,48.7,,,,neutral,neutral,neutral,UP,neutral,neutral,neutral,98.34,T,-0.2606,0.3303,-5.5063,loss_of_function,-1.32444562559766,0.8098,pathogenic,https://doi.org/10.1101/2022.10.22.513328
G59E,2.98876,1.21156,1.4147855496106256,Uncertain,Uncertain,-0.25442,,-0.00519,,Uncertain,Neutral,197.1,,,,cBioPortal,,True,197.1,,,,neutral,neutral,neutral,UP,neutral,neutral,neutral,97.34,T,-0.198,1.7237,-5.2653,loss_of_function,-0.34604815745395,0.6463,pathogenic,https://doi.org/10.1101/2022.10.22.513328
M61I,2.10178,0.27687,0.7301473615891452,Uncertain,Uncertain,-0.01138,,-0.0716,,,Neutral,6.9,,,0.439,"cBioPortal,COSMIC",,True,6.9,,,,neutral,neutral,neutral,-,uncertain,uncertain,uncertain,98.32,E,-0.2067,0.3412,-6.3808,loss_of_function,-0.0755073534972275,0.9778,pathogenic,https://doi.org/10.1101/2022.10.22.513328
F67S,3.89995,2.77211,4.217085708001018,Uncertain,Destabilizing,0.00397,0.0007,0.01739,-0.01951,Neutral,Neutral,11.8,,,0.674,COSMIC,,False,11.8,,,,neutral,neutral,neutral,DOWN,neutral,neutral,mixed_effects,98.17,T,-0.3343,0.2295,-7.9657,loss_of_function,-1.23345005517327,0.993,pathogenic,https://doi.org/10.1101/2022.10.22.513328
R69G,3.14778,1.63129,1.1637796983329851,Uncertain,Uncertain,1.62009,-0.31096,0.5559,0.01338,Neutral,Uncertain,58.0,,,0.093,"cBioPortal,COSMIC",,False,58.0,,,,neutral,neutral,neutral,DOWN,neutral,neutral,stabilizing,97.7,T,-0.1756,2.1383,-7.9657,loss_of_function,-0.627154830855363,0.5716,pathogenic,https://doi.org/10.1101/2022.10.22.513328
R69H,1.64871,-0.13776,0.2947521339077674,Neutral,Neutral,0.14004,-0.04447,0.48077,-0.08777,Neutral,Neutral,58.0,,1.59229330043e-05,0.049,COSMIC,,False,58.0,,,,neutral,neutral,neutral,DOWN,neutral,neutral,stabilizing,97.7,T,-0.0871,2.1383,-3.4739,loss_of_function,-0.0881218037792128,0.1639,benign,https://doi.org/10.1101/2022.10.22.513328
G75V,13.20336,9.97381,4.684613223849915,Destabilizing,Destabilizing,-0.01134,-0.0045,0.03474,-0.01689,Neutral,Neutral,26.6,,,0.584,COSMIC,,False,26.6,,,,neutral,neutral,neutral,UP,neutral,neutral,neutral,97.78,-,-0.4317,0.4219,-22.2448,loss_of_function,-2.74834572136004,0.9937,pathogenic,https://doi.org/10.1101/2022.10.22.513328
S77F,38.0507,6.86939,3.3831315728848885,Destabilizing,Destabilizing,,,,,,,0.2,,,0.659,cBioPortal,P,False,0.2,18.338,,,uncertain,neutral,uncertain,UP,neutral,neutral,neutral,98.64,B,-0.2607,0.1973,-6.6322,loss_of_function,-1.61125569334791,0.9915,pathogenic,https://doi.org/10.1101/2022.10.22.513328
I78M,0.53614,1.38299,1.3365862191212918,Neutral,Neutral,,,,,,,18.4,,,0.335,"cBioPortal,COSMIC",,False,18.4,,,,neutral,neutral,neutral,-,uncertain,uncertain,uncertain,98.66,T,-0.2075,0.367,-7.3692,loss_of_function,-0.562014118793366,0.7087,pathogenic,https://doi.org/10.1101/2022.10.22.513328
E84K,0.48276,0.60986,0.5899798934794428,Neutral,Neutral,,0.0645,,0.00346,Neutral,Uncertain,59.5,,,0.03,"cBioPortal,COSMIC",,False,59.5,,,,neutral,neutral,neutral,UP,neutral,neutral,stabilizing,98.28,-,-0.0486,2.33,-6.6264,loss_of_function,-0.254165816561538,0.2987,benign,https://doi.org/10.1101/2022.10.22.513328
D85N,1.35111,1.08163,0.8522876299526627,Neutral,Neutral,,,,,,,19.0,,,0.43,cBioPortal,,False,19.0,,,,neutral,neutral,neutral,-,uncertain,uncertain,uncertain,98.67,-,-0.2209,0.1611,-6.6322,loss_of_function,-0.281898078897739,0.9683,pathogenic,https://doi.org/10.1101/2022.10.22.513328
E86D,4.29436,2.08129,1.2638276211335615,Uncertain,Uncertain,,,,,Uncertain,Uncertain,34.4,,,0.286,cBioPortal,,False,34.4,,,,neutral,neutral,neutral,DOWN,neutral,neutral,mixed_effects,98.45,-,-0.1799,0.2542,-5.96,loss_of_function,-0.585726641583679,0.9806,pathogenic,https://doi.org/10.1101/2022.10.22.513328
F88I,1.96232,2.58707,1.6763413504146734,Uncertain,Neutral,,,,,Uncertain,Uncertain,46.2,,,0.421,cBioPortal,,False,46.2,,,,neutral,neutral,neutral,DOWN,neutral,neutral,stabilizing,98.31,-,-0.3716,0.2353,-22.2506,loss_of_function,-2.22100008470557,0.9582,pathogenic,https://doi.org/10.1101/2022.10.22.513328
H92Y,7.51538,1.44524,0.1069257590491279,Uncertain,Uncertain,,,,,,,0.0,,,0.537,cBioPortal,,False,0.0,,,,neutral,neutral,neutral,UP,neutral,neutral,neutral,98.69,-,-0.173,0.2506,-7.9628,loss_of_function,-1.55595518863948,0.9741,pathogenic,https://doi.org/10.1101/2022.10.22.513328
G96C,3.52486,2.54864,0.5004037033229449,Uncertain,Uncertain,,,,,,,8.7,,,0.7,"cBioPortal,COSMIC",,False,8.7,,,,neutral,neutral,neutral,UP,neutral,neutral,neutral,98.57,T,-0.4096,0.3678,-22.2477,loss_of_function,-1.93485873727169,0.9033,pathogenic,https://doi.org/10.1101/2022.10.22.513328
S99C,0.72581,-0.57381,-0.2888634117500172,Neutral,Neutral,,,,,,,0.0,,,0.684,cBioPortal,P,False,0.0,14.492,,,uncertain,damaging,uncertain,UP,neutral,neutral,neutral,98.85,E,-0.309,0.2394,-22.2506,loss_of_function,-1.86636296519536,0.9056,pathogenic,https://doi.org/10.1101/2022.10.22.513328
S99F,20.62168,2.81327,0.4320570331883644,Uncertain,Uncertain,,,,,,,0.0,,,0.697,cBioPortal,P,False,0.0,14.492,,,uncertain,neutral,uncertain,UP,neutral,neutral,neutral,98.85,E,-0.2637,0.2394,-7.9628,loss_of_function,-2.85392810218548,0.9969,pathogenic,https://doi.org/10.1101/2022.10.22.513328
M100I,1.95686,0.47279,0.8496576978278938,Neutral,Neutral,,,,,,,0.1,,,0.57,"cBioPortal,COSMIC",,False,0.1,,,,neutral,neutral,neutral,-,uncertain,uncertain,uncertain,98.75,E,-0.2017,0.4102,-6.6438,loss_of_function,-0.825184201840687,0.9971,pathogenic,https://doi.org/10.1101/2022.10.22.513328
M100K,2.27112,3.76054,2.1902400465455827,Uncertain,Uncertain,,,,,,,0.1,,,0.525,"cBioPortal,COSMIC",,False,0.1,,,,neutral,neutral,neutral,UP,neutral,neutral,neutral,98.75,E,-0.3588,0.4102,-8.9656,loss_of_function,-3.98884459490949,0.9933,pathogenic,https://doi.org/10.1101/2022.10.22.513328
A101V,-0.19634,-0.17313,-0.0910547499044267,Neutral,Neutral,,,,,,,7.0,,,0.52,cBioPortal,,False,7.0,,,,neutral,neutral,neutral,UP,neutral,neutral,stabilizing,98.52,-,-0.1998,0.2673,-5.7958,loss_of_function,-1.63368869118435,0.9968,pathogenic,https://doi.org/10.1101/2022.10.22.513328
A103T,0.4369,-1.00544,-0.1071174062700236,Neutral,Neutral,0.0,-0.00042,-0.0087,-0.01049,Neutral,Neutral,168.0,,,0.395,cBioPortal,,False,168.0,,,,neutral,neutral,neutral,UP,neutral,neutral,stabilizing,96.8,S,-0.1914,0.4368,-6.6322,loss_of_function,-0.488754369816414,0.87,pathogenic,https://doi.org/10.1101/2022.10.22.513328
T107K,0.30251,0.2381,0.0350372296880546,Neutral,Neutral,0.01703,0.17477,0.0326,-0.02644,Neutral,Neutral,35.7,,,0.583,cBioPortal,P,False,35.7,3.526,,,damaging,damaging,uncertain,,,,,98.22,-,-0.3081,0.2709,-7.9512,loss_of_function,-2.52556163550307,0.9504,pathogenic,https://doi.org/10.1101/2022.10.22.513328
Q111H,5.32794,2.58878,0.3870360275838858,Uncertain,Uncertain,,,,,,,11.5,,,0.61,cBioPortal,,True,11.5,,,,neutral,neutral,neutral,UP,neutral,neutral,neutral,98.83,-,-0.1831,0.3876,-6.1293,loss_of_function,-2.11076007453971,0.9974,pathogenic,https://doi.org/10.1101/2022.10.22.513328
Q111L,0.81599,-0.30408,-0.7424138498547961,Neutral,Neutral,,,,,,,11.5,,,0.728,COSMIC,,True,11.5,,,,neutral,neutral,neutral,UP,neutral,neutral,neutral,98.83,-,-0.2102,0.3876,-7.9366,loss_of_function,-3.29488094261457,0.9671,pathogenic,https://doi.org/10.1101/2022.10.22.513328
T116A,-0.22408,1.1,0.980782651864196,Neutral,Neutral,0.05261,,-0.00509,,,Neutral,11.5,,,0.569,"cBioPortal,COSMIC",P,False,11.5,6.658,,,uncertain,damaging,uncertain,DOWN,neutral,neutral,neutral,98.35,S,-0.2017,0.3877,-5.4948,loss_of_function,-0.492626859370933,0.4756,ambiguous,https://doi.org/10.1101/2022.10.22.513328
L122F,0.1094,0.28367,0.6974082482512913,Neutral,Neutral,0.06647,,0.01765,,,Neutral,1.6,,,0.47,COSMIC,,True,1.6,,,,neutral,neutral,neutral,UP,neutral,neutral,stabilizing,98.13,G,-0.274,0.1217,-8.9541,loss_of_function,-3.26272790077404,0.9959,pathogenic,https://doi.org/10.1101/2022.10.22.513328
E134G,1.3698,1.46088,0.7680058643089362,Neutral,Neutral,,,,,Uncertain,Uncertain,89.0,,,0.256,"cBioPortal,COSMIC",,False,89.0,,,,neutral,neutral,neutral,DOWN,neutral,neutral,mixed_effects,98.57,E,-0.1948,0.7818,-6.6264,loss_of_function,-0.589047143103656,0.2154,benign,https://doi.org/10.1101/2022.10.22.513328
E134K,-0.42129,0.34456,-0.1894737166219173,Neutral,Neutral,,,,,Uncertain,Uncertain,89.0,,,0.276,COSMIC,,False,89.0,,,,neutral,neutral,neutral,UP,neutral,neutral,neutral,98.57,E,-0.1897,0.7818,-6.3634,loss_of_function,-0.479035301160087,0.4209,ambiguous,https://doi.org/10.1101/2022.10.22.513328
E134Q,-0.14623,-0.22177,0.036387211114689,Neutral,Neutral,,,,,Uncertain,Uncertain,89.0,,,0.173,cBioPortal,,False,89.0,,,,neutral,neutral,neutral,UP,neutral,neutral,neutral,98.57,E,-0.1415,0.7818,-6.6264,loss_of_function,-0.316000893514764,0.243,benign,https://doi.org/10.1101/2022.10.22.513328
M136V,2.60938,1.78333,0.5254613493227028,Uncertain,Uncertain,,,,,Uncertain,Uncertain,29.6,,,0.24,cBioPortal,,False,29.6,,,,neutral,neutral,neutral,DOWN,neutral,neutral,mixed_effects,98.51,H,-0.1923,0.8128,-5.7755,loss_of_function,-0.416850043085177,0.2212,benign,https://doi.org/10.1101/2022.10.22.513328
M142R,4.69122,2.68231,2.835663893118701,Uncertain,Uncertain,0.0,,-0.00027,,,Neutral,0.0,,,0.522,COSMIC,,False,0.0,,,,neutral,neutral,neutral,UP,neutral,neutral,neutral,98.08,H,-0.2824,1.4478,-7.3575,loss_of_function,-2.68425677435897,0.982,pathogenic,https://doi.org/10.1101/2022.10.22.513328
E143D,2.20278,0.58469,0.6144891434088251,Uncertain,Uncertain,0.01231,,-0.04674,,,Neutral,13.0,,,0.201,COSMIC,,False,13.0,,,,neutral,neutral,neutral,DOWN,neutral,neutral,stabilizing,97.65,H,-0.1797,0.3661,-7.9366,loss_of_function,-0.507362883558022,0.7429,pathogenic,https://doi.org/10.1101/2022.10.22.513328
E143Q,0.15656,0.34524,0.4174246145311239,Neutral,Neutral,0.13707,,-0.00095,,,Neutral,13.0,,,0.349,cBioPortal,,False,13.0,,,,neutral,neutral,neutral,UP,neutral,neutral,neutral,97.65,H,-0.1865,0.3661,-7.9366,loss_of_function,-0.587177465047143,0.6769,pathogenic,https://doi.org/10.1101/2022.10.22.513328
R144C,-0.11635,0.27517,1.1280064871994484,Neutral,Neutral,-0.03273,,-0.00462,,Uncertain,Neutral,76.7,,,0.103,"cBioPortal,COSMIC",,False,76.7,,,,neutral,neutral,neutral,DOWN,neutral,neutral,stabilizing,97.38,T,-0.0713,2.7659,-4.0297,loss_of_function,0.0238356021023146,0.1569,benign,https://doi.org/10.1101/2022.10.22.513328
R144H,0.17263,0.14524,0.1751071643443535,Neutral,Neutral,0.00972,,0.0473,,Uncertain,Neutral,76.7,,8.0878665826e-06,0.041,COSMIC,,False,76.7,,,,neutral,neutral,neutral,DOWN,neutral,neutral,stabilizing,97.38,T,-0.0277,2.7659,-3.1553,loss_of_function,-0.387942444814864,0.1043,benign,https://doi.org/10.1101/2022.10.22.513328
F145Y,0.34362,-0.22075,0.4558601142154711,Neutral,Neutral,0.0,,-0.01664,,Uncertain,Neutral,28.7,,,0.119,"cBioPortal,COSMIC",,False,28.7,,,,neutral,neutral,neutral,-,uncertain,uncertain,uncertain,98.2,T,-0.0834,1.7342,-3.003,loss_of_function,-0.0956836707041927,0.1335,benign,https://doi.org/10.1101/2022.10.22.513328
S147F,0.8439,3.94592,-0.4846216333513981,Uncertain,Neutral,0.10087,,-0.1672,,Uncertain,Neutral,56.7,,,0.279,"cBioPortal,COSMIC",P,False,56.7,0.587,,,damaging,neutral,uncertain,UP,neutral,neutral,neutral,98.55,-,-0.2068,0.756,-6.1263,loss_of_function,-1.20653094127191,0.7771,pathogenic,https://doi.org/10.1101/2022.10.22.513328
N149T,1.24713,-0.1,0.5670016500323277,Neutral,Neutral,0.56956,,-0.17877,,Uncertain,Neutral,84.8,,,0.076,"cBioPortal,COSMIC",,True,84.8,,,,neutral,neutral,neutral,-,uncertain,uncertain,uncertain,97.34,T,-0.1213,1.5633,-5.9337,loss_of_function,-0.213940853453796,0.1793,benign,https://doi.org/10.1101/2022.10.22.513328
K155Q,0.04121,0.23129,0.1388088242729168,Neutral,Neutral,,,,,Uncertain,Uncertain,75.8,,,0.185,"cBioPortal,COSMIC",,True,75.8,,,,neutral,neutral,neutral,DOWN,neutral,neutral,stabilizing,98.26,-,-0.1819,0.6934,-7.3309,loss_of_function,0.122914699044287,0.1842,benign,https://doi.org/10.1101/2022.10.22.513328
G162V,5.99051,4.34286,2.0661360657987347,Destabilizing,Uncertain,,,,,Uncertain,Uncertain,26.9,,,0.629,cBioPortal,,False,26.9,,,,neutral,neutral,neutral,UP,neutral,neutral,neutral,98.68,E,-0.3831,0.2089,-8.8916,loss_of_function,-2.16129431954749,0.9645,pathogenic,https://doi.org/10.1101/2022.10.22.513328
