Mutation,"Stability (FoldX5, alphafold, kcal/mol)","Stability (Rosetta Cartddg2020, alphafold, kcal/mol)","Stability (RaSP, alphafold, kcal/mol)","Stability classification, alphafold, (Rosetta, FoldX)","Stability classification, alphafold, (RaSP, FoldX)",Relative Side Chain Solvent Accessibility in wild-type,gnomAD genome allele frequency,gnomAD exome allele frequency,REVEL score,Mutation sources,PTMs,is site part of phospho-SLiM,PTM residue SASA (%),"Change in stability with PTM (FoldX5, kcal/mol)","Change in binding with PTM (FoldX5, kcal/mol)","Change in binding with mutation (FoldX5, kcal/mol)",PTM effect in regulation,PTM effect in stability,PTM effect in function,ClinVar Variation ID,ClinVar Interpretation,ClinVar Review Status,AlphaFold2 model pLDDT score,AlphaFold2 model secondary structure,DeMaSk delta fitness,DeMaSk Shannon entropy,DeMaSk log2 variant frequency,DeMaSk predicted consequence,AlphaMissense pathogenicity score,AlphaMissense classification,References
S81L,-0.41253,-0.84864,-0.464185725348113,Neutral,Neutral,99.9,,,0.042,"cBioPortal,COSMIC",P,False,99.9,-0.21,,,damaging,neutral,uncertain,,,,35.02,H,0.0124,3.0844,-5.2792,gain_of_function,0.079,benign,https://doi.org/10.1101/2022.10.22.513328
K82E,0.73673,,-0.0324517200640084,,Neutral,101.7,,,,clinvar,,False,101.7,,,,neutral,neutral,neutral,2483581,Uncertain significance,1,35.08,H,-0.0007,2.861,-5.8887,loss_of_function,0.0671,benign,https://doi.org/10.1101/2022.10.22.513328
E87K,-0.37792,-0.09728,0.0245921048927361,Neutral,Neutral,93.1,,,0.061,"cBioPortal,COSMIC",,True,93.1,,,,neutral,neutral,neutral,,,,58.25,T,-0.0166,2.6407,-5.9635,loss_of_function,0.0733,benign,https://doi.org/10.1101/2022.10.22.513328
E87Q,-0.34393,-0.36803,0.2241879089028015,Neutral,Neutral,93.1,,,0.054,cBioPortal,,True,93.1,,,,neutral,neutral,neutral,,,,58.25,T,0.0536,2.6407,-1.8931,gain_of_function,0.0871,benign,https://doi.org/10.1101/2022.10.22.513328
E89K,-0.6928,0.0432,0.0521025137733288,Neutral,Neutral,54.0,,,0.17,"cBioPortal,COSMIC",,False,54.0,,,,neutral,neutral,neutral,,,,82.81,S,-0.0665,2.0677,-5.4051,loss_of_function,0.096,benign,https://doi.org/10.1101/2022.10.22.513328
P90S,0.96562,1.54048,0.3624401181031939,Neutral,Neutral,52.5,,,0.121,"cBioPortal,COSMIC",,False,52.5,,,,neutral,neutral,neutral,,,,86.27,-,-0.0809,1.6945,-4.4959,loss_of_function,0.1496,benign,https://doi.org/10.1101/2022.10.22.513328
W91L,0.84126,2.81156,1.0545097633442315,Uncertain,Neutral,11.5,,,0.499,cBioPortal,,False,11.5,,,,neutral,neutral,neutral,,,,89.31,H,-0.4445,0.1118,-8.6793,loss_of_function,0.6566,pathogenic,https://doi.org/10.1101/2022.10.22.513328
K96N,0.55645,0.30068,0.5507742856906578,Neutral,Neutral,64.5,,,0.123,"cBioPortal,COSMIC",,False,64.5,,,,neutral,neutral,neutral,,,,88.26,-,-0.064,2.9946,-22.002,loss_of_function,0.3349,benign,https://doi.org/10.1101/2022.10.22.513328
K109I,-1.50222,0.84116,-0.1007150992037553,Neutral,Neutral,20.8,,,0.582,cBioPortal,,False,20.8,,,,neutral,neutral,neutral,,,,92.63,H,-0.3544,0.0598,-22.0459,loss_of_function,0.9764,pathogenic,https://doi.org/10.1101/2022.10.22.513328
I110T,2.88844,1.99048,2.3350983561063323,Uncertain,Uncertain,5.1,,,0.193,cBioPortal,,False,5.1,,,,neutral,neutral,neutral,,,,93.71,H,-0.1727,1.3538,-5.2988,loss_of_function,0.0648,benign,https://doi.org/10.1101/2022.10.22.513328
E111K,0.22529,0.35918,0.0219529023145764,Neutral,Neutral,70.0,,,0.127,"cBioPortal,COSMIC",,False,70.0,,,,neutral,neutral,neutral,,,,94.52,H,-0.0686,2.1016,-6.4363,loss_of_function,0.2706,benign,https://doi.org/10.1101/2022.10.22.513328
E112Q,-0.34466,0.36973,0.8581577935597037,Neutral,Neutral,45.2,,1.20729204395e-05,0.156,COSMIC,,False,45.2,,,,neutral,neutral,neutral,,,,95.04,H,-0.1035,1.1575,-5.9509,loss_of_function,0.6332,pathogenic,https://doi.org/10.1101/2022.10.22.513328
E114K,-0.17417,0.26633,0.5143829723282894,Neutral,Neutral,21.0,,2.40849717804e-05,0.169,"cBioPortal,COSMIC",,False,21.0,,,,neutral,neutral,neutral,,,,94.42,H,-0.0666,1.9596,-3.4728,loss_of_function,0.2283,benign,https://doi.org/10.1101/2022.10.22.513328
L117I,0.66465,,1.726227800784601,,Neutral,0.3,,,,clinvar,,False,0.3,,,,neutral,neutral,neutral,2529356,Uncertain significance,1,92.89,H,-0.0958,1.1482,-4.1733,loss_of_function,0.0973,benign,https://doi.org/10.1101/2022.10.22.513328
A119P,3.38978,,5.1352777836739945,,Destabilizing,47.9,,,,clinvar,,False,47.9,,,,neutral,neutral,neutral,2244707,Uncertain significance,1,90.18,I,-0.1346,3.5391,-21.8839,loss_of_function,0.6029,pathogenic,https://doi.org/10.1101/2022.10.22.513328
E123K,-0.34174,-0.00238,0.0009056477916058,Neutral,Neutral,81.0,3.18654005481e-05,8.0225272565e-06,0.061,cBioPortal,,False,81.0,,,,neutral,neutral,neutral,,,,82.29,S,0.0588,3.3879,-4.6618,gain_of_function,0.0859,benign,https://doi.org/10.1101/2022.10.22.513328
P126L,1.1053,1.06327,-0.8689518306166255,Neutral,Neutral,88.2,,,0.032,cBioPortal,,False,88.2,,,,neutral,neutral,neutral,,,,66.9,T,0.0041,3.1328,-4.1553,gain_of_function,0.085,benign,https://doi.org/10.1101/2022.10.22.513328
Q128L,-0.38714,0.21531,-0.8780294184668708,Neutral,Neutral,44.3,,,0.052,"cBioPortal,COSMIC",,False,44.3,,,,neutral,neutral,neutral,,,,71.34,-,0.0162,2.7296,-5.8147,gain_of_function,0.0806,benign,https://doi.org/10.1101/2022.10.22.513328
I135V,1.38063,,1.2688368457511852,,Neutral,0.4,,,,clinvar,,True,0.4,,,,neutral,neutral,neutral,2264453,Uncertain significance,1,95.03,E,-0.0973,0.9336,-4.9069,loss_of_function,0.0828,benign,https://doi.org/10.1101/2022.10.22.513328
P138L,2.10852,0.8432,-1.2767119031552598,Uncertain,Uncertain,23.1,,,0.555,"cBioPortal,COSMIC",,False,23.1,,,,neutral,neutral,neutral,,,,87.95,-,-0.2171,0.9865,-8.8136,loss_of_function,0.4533,ambiguous,https://doi.org/10.1101/2022.10.22.513328
P138S,3.3613,2.04014,-0.2852729977224538,Uncertain,Uncertain,23.1,,,0.539,"cBioPortal,COSMIC",,False,23.1,,,,neutral,neutral,neutral,,,,87.95,-,-0.1504,0.9865,-5.3543,loss_of_function,0.4316,ambiguous,https://doi.org/10.1101/2022.10.22.513328
G140R,8.2195,6.13707,1.4257991766720612,Destabilizing,Uncertain,14.8,,,0.926,cBioPortal,,False,14.8,,,,neutral,neutral,neutral,,,,89.89,T,-0.4574,0.0229,-22.1015,loss_of_function,0.9934,pathogenic,https://doi.org/10.1101/2022.10.22.513328
T145M,-0.8021,-1.02177,-0.4148587874888981,Neutral,Neutral,35.1,,3.9967067137e-06,0.269,cBioPortal,,True,35.1,,,,uncertain,,,,,,94.06,H,-0.1687,1.4164,-8.82,loss_of_function,0.092,benign,https://doi.org/10.1101/2022.10.22.513328
T146P,5.2658,10.49864,7.024268254823647,Destabilizing,Destabilizing,0.3,,,0.683,cBioPortal,,True,0.3,,,,uncertain,,,,,,94.99,H,-0.4086,0.8455,-22.1079,loss_of_function,0.9349,pathogenic,https://doi.org/10.1101/2022.10.22.513328
L147F,2.90857,2.0034,1.8586496830046364,Uncertain,Uncertain,0.1,,,0.231,COSMIC,,True,0.1,,,,neutral,neutral,neutral,,,,94.49,H,-0.195,1.7098,-22.1079,loss_of_function,0.2113,benign,https://doi.org/10.1101/2022.10.22.513328
I156F,3.2644,3.98129,1.0789071781628647,Destabilizing,Uncertain,3.5,,,0.177,COSMIC,,False,3.5,,,,neutral,neutral,neutral,,,,89.06,-,-0.0279,2.7995,-2.2966,loss_of_function,0.125,benign,https://doi.org/10.1101/2022.10.22.513328
V158L,0.90065,1.29558,0.7040284416239952,Neutral,Neutral,13.6,,,0.192,"cBioPortal,COSMIC",,False,13.6,,,,neutral,neutral,neutral,,,,91.15,E,-0.1041,1.6226,-2.9873,loss_of_function,0.1545,benign,https://doi.org/10.1101/2022.10.22.513328
Q159R,0.02088,0.67959,0.1972679264109789,Neutral,Neutral,40.3,,,0.364,cBioPortal,,False,40.3,,,,neutral,neutral,neutral,,,,91.26,E,-0.019,2.5414,-6.8201,loss_of_function,0.2348,benign,https://doi.org/10.1101/2022.10.22.513328
P164T,1.80251,1.68673,-0.137760167435858,Neutral,Neutral,44.8,,,0.424,"cBioPortal,COSMIC",,False,44.8,,,,neutral,neutral,neutral,,,,82.6,-,-0.1639,0.9868,-5.6114,loss_of_function,0.2437,benign,https://doi.org/10.1101/2022.10.22.513328
D172Y,0.04141,0.46599,0.1390996354443435,Neutral,Neutral,94.4,,,0.116,"cBioPortal,COSMIC",,True,94.4,,,,neutral,neutral,neutral,,,,52.39,T,-0.0357,2.9735,-5.7083,loss_of_function,0.1171,benign,https://doi.org/10.1101/2022.10.22.513328
T180S,-0.05859,-0.42721,-0.1416126125082412,Neutral,Neutral,109.3,,,0.012,"cBioPortal,COSMIC,clinvar",,False,109.3,,,,neutral,,,2524777,Uncertain significance,1,54.54,T,0.1631,3.7987,-2.627,gain_of_function,0.0676,benign,https://doi.org/10.1101/2022.10.22.513328
E181K,-0.28765,-0.01769,0.4540716964535884,Neutral,Neutral,104.5,,,0.121,"cBioPortal,COSMIC",,True,104.5,,,,neutral,neutral,neutral,,,,50.85,T,0.0301,3.1022,-5.1218,gain_of_function,0.1035,benign,https://doi.org/10.1101/2022.10.22.513328
E181V,0.62205,0.93912,0.3986947979252947,Neutral,Neutral,104.5,,,0.167,"cBioPortal,COSMIC",,True,104.5,,,,neutral,neutral,neutral,,,,50.85,T,0.0294,3.1022,-6.9962,gain_of_function,0.1637,benign,https://doi.org/10.1101/2022.10.22.513328
H185N,0.12655,-0.15102,0.5643173753680403,Neutral,Neutral,97.8,,,0.056,"cBioPortal,COSMIC",,True,97.8,,,,neutral,neutral,neutral,,,,44.88,-,0.0874,3.1992,-3.2759,gain_of_function,0.0718,benign,https://doi.org/10.1101/2022.10.22.513328
M186L,0.02719,-0.4983,-0.576337766983045,Neutral,Neutral,91.2,,,0.021,"cBioPortal,COSMIC",,True,91.2,,,,neutral,neutral,neutral,,,,48.28,-,0.1458,3.72,-4.7051,gain_of_function,0.0761,benign,https://doi.org/10.1101/2022.10.22.513328
Y189H,0.20186,0.60748,-0.3201609545579442,Neutral,Neutral,96.6,,,0.124,"cBioPortal,COSMIC",,True,96.6,,,,uncertain,,,,,,63.71,-,-0.0294,2.7197,-6.5314,loss_of_function,0.1622,benign,https://doi.org/10.1101/2022.10.22.513328
Q190H,0.42803,1.07279,-0.171100463571,Neutral,Neutral,51.6,,4.0075341642e-06,0.215,"cBioPortal,COSMIC",,True,51.6,,,,neutral,neutral,neutral,,,,68.61,-,-0.0431,2.7911,-22.0326,loss_of_function,0.2003,benign,https://doi.org/10.1101/2022.10.22.513328
I193T,1.49293,1.25578,1.87001029885071,Neutral,Neutral,15.5,,,0.092,cBioPortal,,False,15.5,,,,neutral,neutral,neutral,,,,86.79,H,0.0061,3.1523,-2.707,gain_of_function,0.0887,benign,https://doi.org/10.1101/2022.10.22.513328
L200I,1.89377,2.03027,1.5244684279532827,Uncertain,Neutral,5.0,,,0.127,"cBioPortal,COSMIC",,False,5.0,,,,neutral,neutral,neutral,,,,90.74,H,-0.0876,1.2527,-4.4532,loss_of_function,0.1198,benign,https://doi.org/10.1101/2022.10.22.513328
R202T,0.73806,0.55918,0.9128226227900456,Neutral,Neutral,67.1,6.37389253617e-05,9.5571838165e-05,0.591,cBioPortal,,False,67.1,,,,neutral,neutral,neutral,,,,87.79,H,-0.2545,0.9427,-7.836,loss_of_function,0.805,pathogenic,https://doi.org/10.1101/2022.10.22.513328
A203V,1.54242,0.82551,0.5276334562569542,Neutral,Neutral,2.9,9.56876754274e-05,1.59318118453e-05,0.478,"cBioPortal,COSMIC",,False,2.9,,,,neutral,neutral,neutral,,,,85.64,H,-0.0648,1.6669,-4.5786,loss_of_function,0.5223,ambiguous,https://doi.org/10.1101/2022.10.22.513328
M211K,0.04897,-0.03299,0.1637785013391596,Neutral,Neutral,71.0,,,0.36,cBioPortal,,True,71.0,,,,neutral,neutral,neutral,,,,74.23,-,-0.1528,2.5836,-7.7846,loss_of_function,0.7934,pathogenic,https://doi.org/10.1101/2022.10.22.513328
G213R,3.58149,1.58946,1.0957184981201369,Uncertain,Uncertain,115.6,,,0.572,"cBioPortal,COSMIC",,False,115.6,,,,neutral,neutral,neutral,,,,65.92,T,-0.1796,2.2479,-7.778,loss_of_function,0.5021,ambiguous,https://doi.org/10.1101/2022.10.22.513328
L216V,0.53562,1.13129,0.6853377865154117,Neutral,Neutral,92.3,,4.0212321055e-06,0.056,cBioPortal,,False,92.3,,,,neutral,neutral,neutral,,,,56.85,T,0.0794,3.4884,-4.9408,gain_of_function,0.0705,benign,https://doi.org/10.1101/2022.10.22.513328
R217I,1.74325,2.35102,0.320288462140369,Uncertain,Neutral,87.6,,,0.079,"cBioPortal,COSMIC",,False,87.6,,,,neutral,neutral,neutral,,,,58.61,T,-0.0504,3.4797,-8.7845,loss_of_function,0.0946,benign,https://doi.org/10.1101/2022.10.22.513328
I223T,3.36785,2.72313,2.6644948208592214,Uncertain,Uncertain,0.2,,,0.677,cBioPortal,,True,0.2,,,,neutral,neutral,neutral,,,,93.76,E,-0.1891,1.2622,-6.8703,loss_of_function,0.7443,pathogenic,https://doi.org/10.1101/2022.10.22.513328
S236Y,0.01612,0.23707,-1.5995535526674165,Neutral,Neutral,21.6,,,0.093,"cBioPortal,COSMIC",,True,21.6,,,,uncertain,,,,,,90.73,H,-0.0759,2.3818,-8.864,loss_of_function,0.1701,benign,https://doi.org/10.1101/2022.10.22.513328
E241K,0.36131,0.77755,0.5148587840781599,Neutral,Neutral,62.1,,,0.187,cBioPortal,,True,62.1,,,,neutral,neutral,neutral,,,,94.2,H,0.0032,2.8261,-5.4201,gain_of_function,0.1392,benign,https://doi.org/10.1101/2022.10.22.513328
G250D,14.27268,2.29422,3.079233721585556,Uncertain,Destabilizing,0.0,,,0.309,"cBioPortal,COSMIC",,True,0.0,,,,neutral,neutral,neutral,,,,85.64,-,-0.1361,2.5159,-7.2884,loss_of_function,0.9511,pathogenic,https://doi.org/10.1101/2022.10.22.513328
R251Q,1.28949,0.57585,0.914864640561198,Neutral,Neutral,79.6,0.0001594896331738,9.27546518474e-05,0.111,cBioPortal,,True,79.6,,,,neutral,neutral,neutral,,,,84.08,-,-0.0457,2.6748,-4.0599,loss_of_function,0.0929,benign,https://doi.org/10.1101/2022.10.22.513328
I255T,4.14738,2.32415,3.943896477669348,Uncertain,Destabilizing,0.0,3.18593092902e-05,0.00022911809631,0.277,"COSMIC,clinvar",,True,0.0,,,,neutral,neutral,neutral,2593336,Uncertain significance,1,96.13,E,-0.2086,1.1624,-8.8825,loss_of_function,0.5754,pathogenic,https://doi.org/10.1101/2022.10.22.513328
I255V,1.3275,0.0585,1.383257699624595,Neutral,Neutral,0.0,3.1849162367e-05,,0.051,cBioPortal,,True,0.0,,,,neutral,neutral,neutral,,,,96.13,E,-0.0537,1.1624,-0.5033,loss_of_function,0.0585,benign,https://doi.org/10.1101/2022.10.22.513328
I257L,-0.47462,1.48878,0.6351505444372948,Neutral,Neutral,4.9,,,0.219,"cBioPortal,COSMIC",,False,4.9,,,,neutral,neutral,neutral,,,,94.59,E,-0.1348,0.9574,-4.8826,loss_of_function,0.3393,benign,https://doi.org/10.1101/2022.10.22.513328
S259L,-0.19838,-0.0017,-1.7463290176516038,Neutral,Neutral,48.8,,1.60062744596e-05,0.626,"COSMIC,clinvar",,False,48.8,,,,uncertain,,,2538536,Uncertain significance,1,88.29,-,-0.2725,0.9244,-22.1704,loss_of_function,0.7857,pathogenic,https://doi.org/10.1101/2022.10.22.513328
N267Y,-0.92125,-0.29014,-0.107195217516785,Neutral,Neutral,59.6,,,0.167,"cBioPortal,COSMIC",,True,59.6,,,,neutral,neutral,neutral,,,,72.52,H,-0.1014,2.9102,-22.1519,loss_of_function,0.0977,benign,https://doi.org/10.1101/2022.10.22.513328
R269G,0.7944,1.61803,1.5428491812897334,Neutral,Neutral,70.6,,,0.275,COSMIC,,True,70.6,,,,neutral,neutral,neutral,,,,80.99,H,-0.2095,1.7332,-7.2976,loss_of_function,0.2281,benign,https://doi.org/10.1101/2022.10.22.513328
R269M,-0.03073,0.56735,0.1609202007092425,Neutral,Neutral,70.6,,,0.311,"cBioPortal,COSMIC",,True,70.6,,,,neutral,neutral,neutral,,,,80.99,H,-0.2183,1.7332,-22.1704,loss_of_function,0.2383,benign,https://doi.org/10.1101/2022.10.22.513328
P273S,1.484,1.85612,0.368286042361966,Neutral,Neutral,26.8,,,0.242,"cBioPortal,COSMIC",,False,26.8,,,,neutral,neutral,neutral,,,,91.29,-,-0.1538,0.9458,-5.2792,loss_of_function,0.5128,ambiguous,https://doi.org/10.1101/2022.10.22.513328
S281Y,0.24691,-0.55034,-0.0930068019553737,Neutral,Neutral,97.8,,,0.082,"cBioPortal,COSMIC",,False,97.8,,,,uncertain,,,,,,91.77,T,0.0447,3.3961,-3.5128,gain_of_function,0.082,benign,https://doi.org/10.1101/2022.10.22.513328
I282L,0.40573,1.65408,1.224758614442224,Neutral,Neutral,0.0,,,0.111,cBioPortal,,False,0.0,,,,neutral,neutral,neutral,,,,94.07,-,-0.053,1.9575,-6.8796,loss_of_function,0.2505,benign,https://doi.org/10.1101/2022.10.22.513328
I285V,1.49839,0.90068,1.2195396411562367,Neutral,Neutral,4.4,3.18532203606e-05,4.1961797979e-06,0.263,cBioPortal,,False,4.4,,,,neutral,neutral,neutral,,,,94.46,E,-0.1101,0.7331,-3.8013,loss_of_function,0.1035,benign,https://doi.org/10.1101/2022.10.22.513328
N288S,-0.65314,,0.865484921559842,,Neutral,79.3,,,,clinvar,,False,79.3,,,,neutral,neutral,neutral,2404262,Uncertain significance,1,89.3,-,-0.1737,0.5636,-7.8856,loss_of_function,0.2309,benign,https://doi.org/10.1101/2022.10.22.513328
P289L,1.39376,,-0.353408903083437,,Neutral,55.1,,,,clinvar,,False,55.1,,,,neutral,neutral,neutral,2225979,Uncertain significance,1,89.02,-,-0.2121,1.0453,-8.8825,loss_of_function,0.5697,pathogenic,https://doi.org/10.1101/2022.10.22.513328
I294M,-0.35476,1.20816,0.7067004165723695,Neutral,Neutral,35.6,,,0.079,COSMIC,,False,35.6,,,,neutral,neutral,neutral,,,,90.89,H,0.0521,3.0612,-5.0753,gain_of_function,0.0868,benign,https://doi.org/10.1101/2022.10.22.513328
M295I,2.09957,0.40204,1.000245483789144,Uncertain,Uncertain,0.5,,,0.226,"cBioPortal,COSMIC",,False,0.5,,,,neutral,neutral,neutral,,,,90.74,H,-0.102,1.3568,-4.1913,loss_of_function,0.6586,pathogenic,https://doi.org/10.1101/2022.10.22.513328
N300D,1.7117,1.12789,0.3748187958717885,Neutral,Neutral,57.4,,,0.147,COSMIC,,False,57.4,,,,neutral,neutral,neutral,,,,90.42,H,0.042,3.0857,-4.5577,gain_of_function,0.1761,benign,https://doi.org/10.1101/2022.10.22.513328
R301Q,0.05235,0.24864,0.8128436217285556,Neutral,Neutral,52.2,,4.13849044423e-05,0.321,"cBioPortal,clinvar",,True,52.2,,,,neutral,neutral,neutral,2524176,Uncertain significance,1,89.8,H,-0.0827,2.4301,-6.8887,loss_of_function,0.112,benign,https://doi.org/10.1101/2022.10.22.513328
N308D,0.89248,0.41395,0.4045900650170969,Neutral,Neutral,88.0,,,0.096,"cBioPortal,COSMIC",,False,88.0,,,,neutral,neutral,neutral,,,,81.78,H,0.0574,3.3,-5.4195,gain_of_function,0.0769,benign,https://doi.org/10.1101/2022.10.22.513328
N310K,0.62697,0.81905,0.5482154488252289,Neutral,Neutral,56.6,,5.4104941945e-06,0.111,COSMIC,,True,56.6,,,,neutral,neutral,neutral,,,,64.85,T,0.0229,2.9128,-5.1997,gain_of_function,0.1029,benign,https://doi.org/10.1101/2022.10.22.513328
K313E,1.3114,0.53776,-0.1289275396465339,Neutral,Neutral,88.4,,,0.096,"cBioPortal,COSMIC",,True,88.4,,,,neutral,neutral,neutral,,,,57.1,-,-0.0119,2.6806,-4.8265,loss_of_function,0.0817,benign,https://doi.org/10.1101/2022.10.22.513328
I314V,1.07755,0.22823,0.7607606576691919,Neutral,Neutral,15.5,,,0.045,cBioPortal,,True,15.5,,,,neutral,neutral,neutral,,,,62.81,S,0.1584,3.6287,-3.4106,gain_of_function,0.0628,benign,https://doi.org/10.1101/2022.10.22.513328
T315A,0.13068,-0.04354,-0.0597577379795505,Neutral,Neutral,82.2,,5.2708700098e-06,0.017,"cBioPortal,COSMIC",,True,82.2,,,,uncertain,,,,,,66.6,-,0.1107,3.7078,-4.1538,gain_of_function,0.0623,benign,https://doi.org/10.1101/2022.10.22.513328
T315S,0.13254,0.04388,-0.0675453349829191,Neutral,Neutral,82.2,,,0.014,"cBioPortal,COSMIC",,True,82.2,,,,neutral,,,,,,66.6,-,0.1525,3.7078,-3.0697,gain_of_function,0.0755,benign,https://doi.org/10.1101/2022.10.22.513328
P317T,1.85319,2.31429,0.717626550472017,Uncertain,Neutral,13.0,,5.1162409954e-06,0.24,"cBioPortal,COSMIC",,True,13.0,,,,neutral,neutral,neutral,,,,71.04,-,-0.1566,1.0787,-5.8423,loss_of_function,0.1146,benign,https://doi.org/10.1101/2022.10.22.513328
T320I,0.12954,1.05612,-0.1905740154849383,Neutral,Neutral,86.7,,,0.07,cBioPortal,,True,86.7,,,,uncertain,,,,,,82.23,H,0.0149,3.1535,-7.8486,gain_of_function,0.0818,benign,https://doi.org/10.1101/2022.10.22.513328
L324F,0.23359,1.42415,0.7713878287255856,Neutral,Neutral,60.5,,4.5086475861e-06,0.06,cBioPortal,,True,60.5,,,,neutral,neutral,neutral,,,,83.32,H,0.0261,3.2506,-6.5759,gain_of_function,0.0795,benign,https://doi.org/10.1101/2022.10.22.513328
C326F,7.53128,4.90034,0.6678177040227162,Destabilizing,Uncertain,2.3,,,0.641,"cBioPortal,COSMIC",,True,2.3,,,,neutral,neutral,neutral,,,,85.71,H,-0.289,2.1372,-22.0789,loss_of_function,0.6511,pathogenic,https://doi.org/10.1101/2022.10.22.513328
G331C,9.84732,3.28503,1.5831995324127843,Destabilizing,Uncertain,4.8,,,0.767,COSMIC,,False,4.8,,,,neutral,neutral,neutral,,,,86.56,T,-0.3694,0.065,-8.9007,loss_of_function,0.9211,pathogenic,https://doi.org/10.1101/2022.10.22.513328
D332N,3.41435,1.2085,1.1012591551054065,Uncertain,Uncertain,9.0,,,0.63,COSMIC,,False,9.0,,,,neutral,neutral,neutral,,,,89.78,-,-0.2433,0.0434,-8.9007,loss_of_function,0.8894,pathogenic,https://doi.org/10.1101/2022.10.22.513328
A336E,6.88545,4.28571,4.388112343231945,Destabilizing,Destabilizing,0.0,,,0.673,cBioPortal,,True,0.0,,,,neutral,neutral,neutral,,,,90.43,H,-0.3829,0.2696,-22.1825,loss_of_function,0.9952,pathogenic,https://doi.org/10.1101/2022.10.22.513328
N338K,-0.49417,0.15136,0.1191911358861391,Neutral,Neutral,63.3,,,0.445,cBioPortal,,True,63.3,,,,neutral,neutral,neutral,,,,90.11,H,-0.1619,1.8467,-22.1825,loss_of_function,0.9671,pathogenic,https://doi.org/10.1101/2022.10.22.513328
Q341H,1.102,2.07959,-0.0952773815790408,Uncertain,Neutral,38.9,,,0.302,"cBioPortal,COSMIC",,True,38.9,,,,neutral,neutral,neutral,,,,87.44,H,-0.1106,1.0934,-4.6529,loss_of_function,0.7626,pathogenic,https://doi.org/10.1101/2022.10.22.513328
S343F,-0.81403,-1.1983,-1.2300884699362606,Neutral,Neutral,26.5,,,0.161,cBioPortal,,False,26.5,,,,uncertain,,,,,,82.48,H,-0.0346,2.5251,-4.2823,loss_of_function,0.0822,benign,https://doi.org/10.1101/2022.10.22.513328
S344F,-0.71861,4.79558,-1.039285970902945,Uncertain,Neutral,2.8,,,0.082,cBioPortal,,False,2.8,,,,uncertain,,,,,,80.31,H,-0.1015,1.8758,-5.688,loss_of_function,0.1018,benign,https://doi.org/10.1101/2022.10.22.513328
N350H,0.58306,0.30374,0.1559510638918276,Neutral,Neutral,118.4,,,0.074,COSMIC,,False,118.4,,,,neutral,neutral,neutral,,,,35.79,-,0.0739,3.5205,-5.811,gain_of_function,0.0643,benign,https://doi.org/10.1101/2022.10.22.513328
R352Q,0.87059,-0.46599,0.3088930252931315,Neutral,Neutral,98.3,9.64754309236e-05,7.14059838214e-05,0.136,cBioPortal,,True,98.3,,,,neutral,neutral,neutral,,,,33.51,-,0.0123,3.3552,-4.9581,gain_of_function,0.0663,benign,https://doi.org/10.1101/2022.10.22.513328
R352W,0.71682,0.18912,-0.1801710596435135,Neutral,Neutral,98.3,,0.0,0.066,"cBioPortal,COSMIC",,True,98.3,,,,neutral,neutral,neutral,,,,33.51,-,-0.0148,3.3552,-1.8426,loss_of_function,0.0394,benign,https://doi.org/10.1101/2022.10.22.513328
M358V,0.48306,0.85646,-0.0328973340168858,Neutral,Neutral,94.0,0.0008922312153464,0.0010081220398303,0.013,COSMIC,,True,94.0,,,,neutral,neutral,neutral,,,,27.02,-,0.0983,3.8407,-3.4351,gain_of_function,0.0564,benign,https://doi.org/10.1101/2022.10.22.513328
S362L,0.21342,-0.42245,-0.4879107353810763,Neutral,Neutral,100.7,,,0.165,cBioPortal,P,True,100.7,0.593,,,damaging,neutral,potentially_damaging,,,,27.4,-,0.0256,3.243,-5.5546,gain_of_function,0.0747,benign,https://doi.org/10.1101/2022.10.22.513328
D363N,0.33364,0.99728,-0.0972122133779201,Neutral,Neutral,110.5,,,0.059,"cBioPortal,COSMIC",,True,110.5,,,,neutral,neutral,neutral,,,,24.31,-,0.0877,3.3717,-4.0391,gain_of_function,0.075,benign,https://doi.org/10.1101/2022.10.22.513328
A364D,1.19622,-0.67959,-0.1584128249070326,Neutral,Neutral,70.0,,,0.045,"cBioPortal,COSMIC",,True,70.0,,,,neutral,neutral,neutral,,,,26.96,-,-0.049,3.1792,-6.3991,loss_of_function,0.1041,benign,https://doi.org/10.1101/2022.10.22.513328
V365M,-0.64119,,0.0904190425044143,,Neutral,78.6,,,,clinvar,,True,78.6,,,,neutral,neutral,neutral,2479557,Uncertain significance,1,27.96,-,0.03,3.3521,-6.1258,gain_of_function,0.0799,benign,https://doi.org/10.1101/2022.10.22.513328
K370N,0.13749,0.41327,0.0324976899699147,Neutral,Neutral,109.9,,,0.06,"cBioPortal,COSMIC",,True,109.9,,,,neutral,neutral,neutral,,,,25.49,-,0.0054,2.7899,-4.7231,gain_of_function,0.2269,benign,https://doi.org/10.1101/2022.10.22.513328
R371Q,0.23291,0.14388,0.5163192169945116,Neutral,Neutral,96.4,,4.3382065854e-06,0.036,"cBioPortal,COSMIC",,True,96.4,,,,neutral,neutral,neutral,,,,29.02,-,-0.023,2.9097,-3.8435,loss_of_function,0.0623,benign,https://doi.org/10.1101/2022.10.22.513328
R372S,0.17601,-0.31803,0.4069274970684106,Neutral,Neutral,108.1,,,0.141,"cBioPortal,COSMIC",,True,108.1,,,,neutral,neutral,neutral,,,,28.86,-,-0.0562,2.8446,-4.1101,loss_of_function,0.2233,benign,https://doi.org/10.1101/2022.10.22.513328
R372T,0.18964,0.36565,0.3290061791279425,Neutral,Neutral,108.1,,,0.08,"cBioPortal,COSMIC",,True,108.1,,,,neutral,neutral,neutral,,,,28.86,-,-0.0641,2.8446,-4.8106,loss_of_function,0.137,benign,https://doi.org/10.1101/2022.10.22.513328
P375S,1.35569,1.0517,-0.4018663485341905,Neutral,Neutral,93.6,,,0.07,cBioPortal,,False,93.6,,,,neutral,neutral,neutral,,,,30.32,-,0.0875,3.4084,-2.3958,gain_of_function,0.0682,benign,https://doi.org/10.1101/2022.10.22.513328
D376Y,-0.08329,1.54728,-0.1058528929961155,Neutral,Neutral,104.4,,,0.04,"cBioPortal,COSMIC",,False,104.4,,,,neutral,neutral,neutral,,,,27.52,-,-0.0944,3.2399,-22.0088,loss_of_function,0.0936,benign,https://doi.org/10.1101/2022.10.22.513328
E380G,0.14632,1.97041,0.8846045113726688,Neutral,Neutral,70.8,,,0.185,"cBioPortal,COSMIC",,False,70.8,,,,neutral,neutral,neutral,,,,33.53,S,-0.0563,2.2593,-6.1361,loss_of_function,0.0766,benign,https://doi.org/10.1101/2022.10.22.513328
E380Q,0.13132,0.19048,0.374435816714857,Neutral,Neutral,70.8,,,0.141,cBioPortal,,False,70.8,,,,neutral,neutral,neutral,,,,33.53,S,0.0031,2.2593,-4.9137,gain_of_function,0.0931,benign,https://doi.org/10.1101/2022.10.22.513328
N381Y,-0.68168,-0.33537,0.0686104367178247,Neutral,Neutral,108.4,3.18552497452e-05,,0.085,COSMIC,,False,108.4,,,,neutral,neutral,neutral,,,,36.91,S,0.0193,3.4224,-7.7279,gain_of_function,0.0864,benign,https://doi.org/10.1101/2022.10.22.513328
V384A,-0.38194,0.81701,0.5908238336522661,Neutral,Neutral,76.3,,,0.065,cBioPortal,,False,76.3,,,,neutral,neutral,neutral,,,,50.0,-,0.0236,3.1091,-4.8908,gain_of_function,0.0996,benign,https://doi.org/10.1101/2022.10.22.513328
K402E,0.85181,-0.17075,0.9028208096171516,Neutral,Neutral,45.5,,,0.736,"cBioPortal,COSMIC",,False,45.5,,,,neutral,neutral,neutral,,,,93.29,H,-0.312,0.3813,-22.1704,loss_of_function,0.9709,pathogenic,https://doi.org/10.1101/2022.10.22.513328
L404R,7.53369,9.99354,4.2193936368747735,Destabilizing,Destabilizing,0.9,,,0.661,"cBioPortal,COSMIC",,False,0.9,,,,neutral,neutral,neutral,,,,94.97,H,-0.282,1.5693,-7.8826,loss_of_function,0.9588,pathogenic,https://doi.org/10.1101/2022.10.22.513328
A409T,0.74688,2.16633,0.3312343533745648,Uncertain,Neutral,38.0,,,0.035,COSMIC,,True,38.0,,,,neutral,neutral,neutral,,,,88.5,-,0.0569,3.0558,-5.1964,gain_of_function,0.073,benign,https://doi.org/10.1101/2022.10.22.513328
T412A,-0.29768,0.85578,0.2624150877135428,Neutral,Neutral,78.3,,,0.08,"cBioPortal,COSMIC",,True,78.3,,,,uncertain,,,,,,64.91,-,0.0806,3.3532,-3.654,gain_of_function,0.0644,benign,https://doi.org/10.1101/2022.10.22.513328
E413K,0.41287,1.16259,0.0106740018640144,Neutral,Neutral,113.5,,,0.167,cBioPortal,,True,113.5,,,,neutral,neutral,neutral,,,,57.4,S,-0.0024,2.8053,-6.1531,loss_of_function,0.0843,benign,https://doi.org/10.1101/2022.10.22.513328
P417S,0.86874,0.82313,-0.1100101829858113,Neutral,Neutral,93.3,,,0.103,cBioPortal,,True,93.3,,,,neutral,neutral,neutral,,,,78.92,-,-0.0215,2.347,-4.6245,loss_of_function,0.0849,benign,https://doi.org/10.1101/2022.10.22.513328
L419S,1.99418,2.37313,2.692609162966749,Uncertain,Uncertain,43.6,,,0.601,"cBioPortal,COSMIC",,False,43.6,,,,neutral,neutral,neutral,,,,90.59,-,-0.2584,1.2807,-7.8073,loss_of_function,0.823,pathogenic,https://doi.org/10.1101/2022.10.22.513328
P420H,2.84532,0.50136,-0.5685936973822553,Uncertain,Uncertain,54.2,,,0.528,COSMIC,,False,54.2,,,,neutral,neutral,neutral,,,,94.5,-,-0.2869,0.8561,-22.0951,loss_of_function,0.4987,ambiguous,https://doi.org/10.1101/2022.10.22.513328
L423S,2.89906,1.83707,1.5976105650191577,Uncertain,Uncertain,47.4,,,0.576,"cBioPortal,COSMIC",,False,47.4,,,,neutral,neutral,neutral,,,,95.51,G,-0.252,1.2389,-5.8073,loss_of_function,0.8298,pathogenic,https://doi.org/10.1101/2022.10.22.513328
E427K,0.88495,1.36973,0.3698506770101178,Neutral,Neutral,36.2,,,0.053,cBioPortal,,False,36.2,,,,neutral,neutral,neutral,,,,92.56,-,0.0401,3.2007,-4.9355,gain_of_function,0.0918,benign,https://doi.org/10.1101/2022.10.22.513328
R428W,4.21924,0.93844,0.2306308199041901,Uncertain,Uncertain,5.8,,,0.559,"cBioPortal,COSMIC",,True,5.8,,,,neutral,neutral,neutral,,,,91.93,-,-0.343,0.9131,-22.1332,loss_of_function,0.6305,pathogenic,https://doi.org/10.1101/2022.10.22.513328
E436Q,1.23505,-1.27993,0.6185467668072788,Neutral,Neutral,39.5,,,0.429,cBioPortal,,False,39.5,,,,neutral,neutral,neutral,,,,95.07,H,-0.081,1.5085,-7.8548,loss_of_function,0.457,ambiguous,https://doi.org/10.1101/2022.10.22.513328
E440Q,-0.22433,-0.53878,0.157738739323433,Neutral,Neutral,94.0,3.1849162367e-05,,0.34,cBioPortal,,False,94.0,,,,neutral,neutral,neutral,,,,89.5,H,-0.0117,2.14,-5.6724,loss_of_function,0.1816,benign,https://doi.org/10.1101/2022.10.22.513328
M441K,0.58672,,1.8610683759772464,,Neutral,35.9,,,,clinvar,,False,35.9,,,,neutral,neutral,neutral,2476206,Uncertain significance,1,87.01,T,-0.0741,3.1365,-2.3474,loss_of_function,0.1097,benign,https://doi.org/10.1101/2022.10.22.513328
M441V,2.50205,1.23299,1.257576395325424,Uncertain,Uncertain,35.9,3.1843077315e-05,1.27740023504e-05,0.069,COSMIC,,False,35.9,,,,neutral,neutral,neutral,,,,87.01,T,-0.0619,3.1365,-22.1269,loss_of_function,0.1634,benign,https://doi.org/10.1101/2022.10.22.513328
M444V,1.03581,,0.5066848302604093,,Neutral,1.8,,,,clinvar,,False,1.8,,,,neutral,neutral,neutral,2238282,Uncertain significance,1,82.82,S,-0.0363,2.3766,-3.4118,loss_of_function,0.1268,benign,https://doi.org/10.1101/2022.10.22.513328
P445S,2.70047,1.71565,-0.1633369551889318,Uncertain,Uncertain,39.9,,,0.046,COSMIC,,False,39.9,,,,neutral,neutral,neutral,,,,87.12,-,-0.02,2.1817,-1.3515,loss_of_function,0.0977,benign,https://doi.org/10.1101/2022.10.22.513328
G446A,1.38021,0.79388,0.3286957311257077,Neutral,Neutral,12.9,,,0.039,"cBioPortal,COSMIC",,False,12.9,,,,neutral,neutral,neutral,,,,90.82,H,-0.0476,2.5891,-3.0665,loss_of_function,0.0866,benign,https://doi.org/10.1101/2022.10.22.513328
G446E,1.87391,1.45,0.370473214289217,Neutral,Neutral,12.9,,4.1077208722e-06,0.186,cBioPortal,,False,12.9,,,,neutral,neutral,neutral,,,,90.82,H,-0.1211,2.5891,-5.7944,loss_of_function,0.2132,benign,https://doi.org/10.1101/2022.10.22.513328
G446R,2.22074,1.02653,-0.1746694721917219,Uncertain,Uncertain,12.9,,,0.206,COSMIC,,False,12.9,,,,neutral,neutral,neutral,,,,90.82,H,-0.1483,2.5891,-7.7944,loss_of_function,0.2556,benign,https://doi.org/10.1101/2022.10.22.513328
L448V,1.39277,0.38197,1.612193161604644,Neutral,Neutral,12.7,,,0.04,cBioPortal,,False,12.7,,,,neutral,neutral,neutral,,,,90.69,H,0.014,2.776,-4.8972,gain_of_function,0.0745,benign,https://doi.org/10.1101/2022.10.22.513328
F449L,2.07171,3.11054,2.8704653339709623,Uncertain,Uncertain,0.0,,4.0998729039e-06,0.38,cBioPortal,,False,0.0,,,,neutral,neutral,neutral,,,,94.22,H,-0.1685,1.0019,-3.6973,loss_of_function,0.897,pathogenic,https://doi.org/10.1101/2022.10.22.513328
N450S,-0.23067,0.73231,1.3616837557836292,Neutral,Neutral,6.0,,4.08263248142e-05,0.14,cBioPortal,,False,6.0,,,,neutral,neutral,neutral,,,,95.76,H,0.0346,2.5299,-2.5228,gain_of_function,0.0755,benign,https://doi.org/10.1101/2022.10.22.513328
Q455K,4.18421,3.15578,0.6542695120614755,Destabilizing,Uncertain,17.3,,,0.499,COSMIC,,True,17.3,,,,neutral,neutral,neutral,,,,95.57,H,-0.2032,1.4051,-22.1426,loss_of_function,0.8338,pathogenic,https://doi.org/10.1101/2022.10.22.513328
Y457C,2.88926,3.26837,4.363024978583552,Uncertain,Uncertain,5.1,3.18451054073e-05,4.02748354773e-05,0.801,"cBioPortal,COSMIC",,True,5.1,,,,uncertain,,,,,,95.93,G,-0.2814,0.6823,-6.8548,loss_of_function,0.1716,benign,https://doi.org/10.1101/2022.10.22.513328
I458K,-0.00204,-0.0602,1.4405950886455856,Neutral,Neutral,68.2,,,0.191,COSMIC,,True,68.2,,,,neutral,neutral,neutral,,,,94.86,G,-0.3017,2.4075,-22.1395,loss_of_function,0.3918,ambiguous,https://doi.org/10.1101/2022.10.22.513328
D459H,0.4717,-0.18367,-0.1223349071867957,Neutral,Neutral,51.6,,,0.33,"cBioPortal,COSMIC",,True,51.6,,,,neutral,neutral,neutral,,,,92.16,G,-0.0773,2.2522,-7.8423,loss_of_function,0.4777,ambiguous,https://doi.org/10.1101/2022.10.22.513328
D466Y,1.58478,0.33605,1.0990148713655263,Neutral,Neutral,3.6,,,0.581,"cBioPortal,COSMIC",,True,3.6,,,,neutral,neutral,neutral,,,,97.15,H,-0.1113,2.0745,-4.3188,loss_of_function,0.7418,pathogenic,https://doi.org/10.1101/2022.10.22.513328
V468L,-0.83891,-0.21769,-0.2218654455286373,Neutral,Neutral,65.4,,,0.102,"cBioPortal,COSMIC",,True,65.4,,,,neutral,neutral,neutral,,,,98.44,H,0.0024,2.9748,-6.5078,gain_of_function,0.2239,benign,https://doi.org/10.1101/2022.10.22.513328
V468M,-0.69404,0.33912,0.3579151860690999,Neutral,Neutral,65.4,,,0.23,cBioPortal,,True,65.4,,,,neutral,neutral,neutral,,,,98.44,H,-0.0104,2.9748,-7.2447,loss_of_function,0.1394,benign,https://doi.org/10.1101/2022.10.22.513328
A470V,3.32295,1.16735,0.7584787917144961,Uncertain,Uncertain,0.0,,,0.324,cBioPortal,,True,0.0,,,,neutral,neutral,neutral,,,,98.22,H,-0.0469,1.7911,-3.3156,loss_of_function,0.328,benign,https://doi.org/10.1101/2022.10.22.513328
W484C,0.23799,0.76701,1.7366350177564005,Neutral,Neutral,89.3,,,0.596,cBioPortal,,True,89.3,,,,neutral,neutral,neutral,,,,84.79,T,-0.3177,1.3637,-8.6687,loss_of_function,0.864,pathogenic,https://doi.org/10.1101/2022.10.22.513328
W484R,-0.08005,,0.7095098928077805,,Neutral,89.3,,,,clinvar,,True,89.3,,,,neutral,neutral,neutral,2527229,Uncertain significance,1,84.79,T,-0.4335,1.3637,-21.9566,loss_of_function,0.9027,pathogenic,https://doi.org/10.1101/2022.10.22.513328
R487C,2.32308,,2.465541516988065,,Uncertain,58.8,,,,clinvar,,True,58.8,,,,neutral,neutral,neutral,2458413,Likely benign,1,87.17,H,-0.1336,2.3427,-8.6035,loss_of_function,0.0839,benign,https://doi.org/10.1101/2022.10.22.513328
R487H,1.6891,1.16327,1.5463058955898814,Neutral,Neutral,58.8,,,0.203,"cBioPortal,COSMIC",,True,58.8,,,,neutral,neutral,neutral,,,,87.17,H,-0.0775,2.3427,-5.2817,loss_of_function,0.0733,benign,https://doi.org/10.1101/2022.10.22.513328
S488C,0.12162,0.56054,0.3632871541624183,Neutral,Neutral,97.1,6.37429882713e-05,2.00629173087e-05,0.182,cBioPortal,,True,97.1,,,,uncertain,,,,,,86.54,H,0.0191,3.0474,-8.5923,gain_of_function,0.0779,benign,https://doi.org/10.1101/2022.10.22.513328
L490F,0.1437,0.59864,0.3742464508256965,Neutral,Neutral,32.1,,,0.175,cBioPortal,,True,32.1,,,,neutral,neutral,neutral,,,,93.58,H,-0.0659,2.1963,-5.585,loss_of_function,0.142,benign,https://doi.org/10.1101/2022.10.22.513328
R491G,0.29713,0.70986,2.3581465331760625,Neutral,Uncertain,51.0,,8.0066615424e-06,0.034,COSMIC,,False,51.0,,,,neutral,neutral,neutral,,,,91.11,H,-0.0497,3.2423,-3.1964,loss_of_function,0.0717,benign,https://doi.org/10.1101/2022.10.22.513328
R491M,-1.26473,-0.15748,0.6090830953074263,Neutral,Neutral,51.0,,,0.173,"cBioPortal,COSMIC",,False,51.0,,,,neutral,neutral,neutral,,,,91.11,H,0.0017,3.2423,-6.2668,gain_of_function,0.1356,benign,https://doi.org/10.1101/2022.10.22.513328
R491T,-0.16071,0.21565,1.2763221550618322,Neutral,Neutral,51.0,,,0.088,COSMIC,,False,51.0,,,,neutral,neutral,neutral,,,,91.11,H,-0.0336,3.2423,-6.0037,loss_of_function,0.0996,benign,https://doi.org/10.1101/2022.10.22.513328
R491W,0.38507,-0.69762,0.300806095747585,Neutral,Neutral,51.0,,,0.257,"cBioPortal,COSMIC",,False,51.0,,,,neutral,neutral,neutral,,,,91.11,H,-0.0545,3.2423,-7.5886,loss_of_function,0.1123,benign,https://doi.org/10.1101/2022.10.22.513328
E492K,-0.29909,-0.24966,0.1006036628684581,Neutral,Neutral,94.6,,,0.059,"cBioPortal,COSMIC",,False,94.6,,,,neutral,neutral,neutral,,,,93.01,H,0.0475,3.2116,-3.693,gain_of_function,0.0945,benign,https://doi.org/10.1101/2022.10.22.513328
Y493C,1.31748,2.1619,1.3811604513669284,Uncertain,Neutral,74.0,,,0.696,cBioPortal,,False,74.0,,,,uncertain,,,,,,95.41,H,-0.2044,1.6156,-8.5961,loss_of_function,0.3302,benign,https://doi.org/10.1101/2022.10.22.513328
S494N,4.62311,3.0517,0.5321216258517797,Destabilizing,Uncertain,0.4,,,0.173,"cBioPortal,COSMIC",,False,0.4,,,,uncertain,,,,,,96.56,H,-0.0226,2.1433,-5.9773,loss_of_function,0.3043,benign,https://doi.org/10.1101/2022.10.22.513328
S496F,2.04156,-1.00578,-0.5513472847807149,Uncertain,Uncertain,28.2,,,0.607,cBioPortal,,False,28.2,,,,uncertain,,,,,,97.4,H,-0.1265,1.7651,-8.5848,loss_of_function,0.5253,ambiguous,https://doi.org/10.1101/2022.10.22.513328
T499M,-1.46324,0.69422,0.6804373817074733,Neutral,Neutral,0.3,3.19182891797e-05,3.9791809254e-06,0.24,"cBioPortal,COSMIC",,True,0.3,,,,uncertain,,,,,,98.17,H,-0.1197,1.794,-6.0186,loss_of_function,0.1749,benign,https://doi.org/10.1101/2022.10.22.513328
G501C,7.39076,2.20374,0.6670785739092122,Uncertain,Uncertain,7.1,,,0.759,"cBioPortal,COSMIC",,True,7.1,,,,neutral,neutral,neutral,,,,97.99,H,-0.3973,0.4818,-21.8913,loss_of_function,0.8337,pathogenic,https://doi.org/10.1101/2022.10.22.513328
A508T,1.86218,2.23129,0.4620007491809613,Uncertain,Neutral,50.6,,,0.088,cBioPortal,,False,50.6,,,,neutral,neutral,neutral,,,,91.64,G,0.0009,2.4189,-4.6724,gain_of_function,0.0849,benign,https://doi.org/10.1101/2022.10.22.513328
H513Y,-0.86172,-0.80952,-0.1499103834090409,Neutral,Neutral,89.0,,7.9589319113e-06,0.062,"cBioPortal,COSMIC",,False,89.0,,,,neutral,neutral,neutral,,,,85.93,G,0.0649,2.6932,-5.398,gain_of_function,0.0677,benign,https://doi.org/10.1101/2022.10.22.513328
G518R,0.6174,1.09048,0.3419175311403827,Neutral,Neutral,108.2,,,0.113,cBioPortal,,False,108.2,,,,neutral,neutral,neutral,,,,54.3,-,-0.1983,1.9496,-6.0607,loss_of_function,0.267,benign,https://doi.org/10.1101/2022.10.22.513328
S519T,0.55286,0.41565,0.0948559102805052,Neutral,Neutral,54.4,,,0.075,"cBioPortal,COSMIC",,False,54.4,,,,neutral,,,,,,59.85,-,0.0968,3.0428,-5.0,gain_of_function,0.0851,benign,https://doi.org/10.1101/2022.10.22.513328
S520I,1.10177,0.29252,-0.7877344071631687,Neutral,Neutral,80.1,,,0.153,"cBioPortal,COSMIC",,False,80.1,,,,uncertain,,,,,,70.84,-,-0.1201,1.8398,-8.066,loss_of_function,0.1529,benign,https://doi.org/10.1101/2022.10.22.513328
S520R,0.95621,0.34694,-0.5337665874841985,Neutral,Neutral,80.1,,,0.092,"cBioPortal,COSMIC",,False,80.1,,,,uncertain,,,,,,70.84,-,-0.1133,1.8398,-4.2587,loss_of_function,0.5357,ambiguous,https://doi.org/10.1101/2022.10.22.513328
P523A,1.05103,1.11803,-0.0343426593606321,Neutral,Neutral,56.5,,,0.27,"cBioPortal,COSMIC",,False,56.5,,,,neutral,neutral,neutral,,,,89.95,-,-0.1613,0.9757,-7.2288,loss_of_function,0.2957,benign,https://doi.org/10.1101/2022.10.22.513328
P523L,0.11322,-0.14218,-0.7657725132975779,Neutral,Neutral,56.5,,,0.506,cBioPortal,,False,56.5,,,,neutral,neutral,neutral,,,,89.95,-,-0.283,0.9757,-21.5165,loss_of_function,0.4793,ambiguous,https://doi.org/10.1101/2022.10.22.513328
P523R,0.35896,0.56395,-0.2663907218098188,Neutral,Neutral,56.5,,,0.478,cBioPortal,,False,56.5,,,,neutral,neutral,neutral,,,,89.95,-,-0.304,0.9757,-21.5165,loss_of_function,0.6842,pathogenic,https://doi.org/10.1101/2022.10.22.513328
H525Y,-1.65018,-1.47381,-0.695464354925181,Neutral,Neutral,17.5,,,0.2,"cBioPortal,COSMIC",,False,17.5,,,,neutral,neutral,neutral,,,,92.94,B,-0.0474,1.4042,-4.1605,loss_of_function,0.1903,benign,https://doi.org/10.1101/2022.10.22.513328
P527T,5.57847,1.08707,1.1903017559242286,Uncertain,Uncertain,1.4,,,0.593,COSMIC,,False,1.4,,,,neutral,neutral,neutral,,,,93.53,-,-0.3044,0.3429,-21.5309,loss_of_function,0.9471,pathogenic,https://doi.org/10.1101/2022.10.22.513328
L531P,-0.34428,4.66633,4.553247051802055,Uncertain,Uncertain,86.2,,,0.151,cBioPortal,,False,86.2,,,,neutral,neutral,neutral,,,,90.45,H,-0.1766,2.7693,-8.2287,loss_of_function,0.3166,benign,https://doi.org/10.1101/2022.10.22.513328
L531V,1.1233,0.25102,0.3391970545865819,Neutral,Neutral,86.2,,,0.045,"cBioPortal,COSMIC",,False,86.2,,,,neutral,neutral,neutral,,,,90.45,H,0.0045,2.7693,-6.6438,gain_of_function,0.0719,benign,https://doi.org/10.1101/2022.10.22.513328
I532K,0.38835,0.80374,0.4624579306921056,Neutral,Neutral,71.2,0.0003469812630118,0.0001717721156599,0.335,"cBioPortal,COSMIC",,False,71.2,,,,neutral,neutral,neutral,,,,91.08,H,-0.2788,1.8298,-7.2336,loss_of_function,0.8448,pathogenic,https://doi.org/10.1101/2022.10.22.513328
N533K,-0.21734,0.08095,0.5383124882048365,Neutral,Neutral,21.7,0.0112137203166227,0.0407024046284578,0.129,"cBioPortal,COSMIC",,False,21.7,,,,neutral,neutral,neutral,,,,91.94,H,-0.032,2.43,-7.2336,loss_of_function,0.2585,benign,https://doi.org/10.1101/2022.10.22.513328
N533S,0.41183,0.72245,1.0765908286046,Neutral,Neutral,21.7,,,0.061,"cBioPortal,COSMIC",,False,21.7,,,,neutral,neutral,neutral,,,,91.94,H,0.0247,2.43,-2.6487,gain_of_function,0.0612,benign,https://doi.org/10.1101/2022.10.22.513328
R537L,-0.31842,-0.49286,-0.4554820399709941,Neutral,Neutral,64.7,,,0.229,cBioPortal,,False,64.7,,,,neutral,neutral,neutral,,,,92.16,H,-0.1671,1.8318,-7.2094,loss_of_function,0.2096,benign,https://doi.org/10.1101/2022.10.22.513328
R537Q,-0.1102,,0.7142052776780685,,Neutral,64.7,,,,clinvar,,False,64.7,,,,neutral,neutral,neutral,2560290,Uncertain significance,1,92.16,H,-0.1121,1.8318,-1.8696,loss_of_function,0.0785,benign,https://doi.org/10.1101/2022.10.22.513328
R537W,-0.07923,-0.2881,-0.5482382899141497,Neutral,Neutral,64.7,0.0001360266612256,2.10618544542e-05,0.243,cBioPortal,,False,64.7,,,,neutral,neutral,neutral,,,,92.16,H,-0.1874,1.8318,-8.2093,loss_of_function,0.1504,benign,https://doi.org/10.1101/2022.10.22.513328
E538K,-0.01722,-0.21497,0.1711560228296571,Neutral,Neutral,63.7,,0.0,0.383,"cBioPortal,COSMIC",,False,63.7,,,,neutral,neutral,neutral,,,,93.01,H,-0.1178,1.5196,-5.5749,loss_of_function,0.2561,benign,https://doi.org/10.1101/2022.10.22.513328
A542V,0.54708,-0.59762,-0.2554277795507609,Neutral,Neutral,45.9,,,0.131,cBioPortal,,False,45.9,,,,neutral,neutral,neutral,,,,93.37,H,-0.0672,1.7054,-5.7387,loss_of_function,0.129,benign,https://doi.org/10.1101/2022.10.22.513328
A545T,0.10733,-0.04388,0.155633091494351,Neutral,Neutral,84.4,,8.1293542854e-06,0.077,COSMIC,,False,84.4,,,,neutral,neutral,neutral,,,,93.08,H,0.0119,2.5691,-5.2316,gain_of_function,0.0773,benign,https://doi.org/10.1101/2022.10.22.513328
L546R,1.49836,3.01837,1.76545527946187,Uncertain,Neutral,24.7,,,0.649,"cBioPortal,COSMIC",,False,24.7,,,,neutral,neutral,neutral,,,,92.36,H,-0.3178,1.1895,-8.0333,loss_of_function,0.4725,ambiguous,https://doi.org/10.1101/2022.10.22.513328
F550V,2.26856,1.80986,1.652899010432824,Uncertain,Uncertain,47.8,,,0.441,"cBioPortal,COSMIC",,False,47.8,,,,neutral,neutral,neutral,,,,89.02,G,-0.2448,1.499,-21.2821,loss_of_function,0.4127,ambiguous,https://doi.org/10.1101/2022.10.22.513328
L557F,4.0564,,1.4300567847612935,,Uncertain,1.1,,,,clinvar,,True,1.1,,,,neutral,neutral,neutral,2516290,Uncertain significance,1,92.45,I,-0.226,0.5335,-6.9715,loss_of_function,0.4471,ambiguous,https://doi.org/10.1101/2022.10.22.513328
L557R,3.08111,4.06871,3.5519160863928305,Destabilizing,Destabilizing,1.1,0.2489904910772437,0.291726198737784,0.384,"cBioPortal,COSMIC",,True,1.1,,,,neutral,neutral,neutral,,,,92.45,I,-0.3778,0.5335,-7.9714,loss_of_function,0.7772,pathogenic,https://doi.org/10.1101/2022.10.22.513328
L562M,0.78589,,1.7094730502446234,,Neutral,0.0,,,,clinvar,,True,0.0,,,,neutral,neutral,neutral,2367737,Uncertain significance,1,91.68,H,-0.1411,1.0653,-6.9943,loss_of_function,0.2844,benign,https://doi.org/10.1101/2022.10.22.513328
P563Q,2.29777,-0.05068,-0.19627771498609,Uncertain,Uncertain,34.5,,,0.553,COSMIC,,True,34.5,,,,neutral,neutral,neutral,,,,92.1,H,-0.3325,0.2031,-21.2821,loss_of_function,0.9432,pathogenic,https://doi.org/10.1101/2022.10.22.513328
A566D,5.83343,3.02109,0.9090888105286729,Destabilizing,Uncertain,8.6,,,0.226,COSMIC,,True,8.6,,,,neutral,neutral,neutral,,,,89.49,T,-0.2359,1.2359,-7.9829,loss_of_function,0.7338,pathogenic,https://doi.org/10.1101/2022.10.22.513328
A576V,0.36865,,-0.0872991351982532,,Neutral,69.5,,,,clinvar,,False,69.5,,,,neutral,neutral,neutral,2597542,Uncertain significance,1,91.72,H,-0.0798,1.5734,-5.8392,loss_of_function,0.1978,benign,https://doi.org/10.1101/2022.10.22.513328
S579C,0.70765,0.40646,0.4740008262863904,Neutral,Neutral,72.1,,,0.236,"cBioPortal,COSMIC",,False,72.1,,,,uncertain,,,,,,90.52,H,-0.1314,2.1037,-21.0625,loss_of_function,0.0963,benign,https://doi.org/10.1101/2022.10.22.513328
D583Y,-0.80054,-0.29694,-0.4669227630596123,Neutral,Neutral,73.5,,,0.4,"cBioPortal,COSMIC",,False,73.5,,,,neutral,neutral,neutral,,,,86.66,H,-0.2943,1.0163,-21.0821,loss_of_function,0.4891,ambiguous,https://doi.org/10.1101/2022.10.22.513328
I584M,0.184,1.39388,1.5127250600465414,Neutral,Neutral,13.8,,,0.178,"cBioPortal,COSMIC",,False,13.8,,,,neutral,neutral,neutral,,,,87.48,H,-0.088,1.5225,-4.7879,loss_of_function,0.1344,benign,https://doi.org/10.1101/2022.10.22.513328
I584N,1.77845,2.77007,2.448699612202232,Uncertain,Uncertain,13.8,,,0.285,"cBioPortal,COSMIC",,False,13.8,,,,neutral,neutral,neutral,,,,87.48,H,-0.3174,1.5225,-21.0756,loss_of_function,0.6612,pathogenic,https://doi.org/10.1101/2022.10.22.513328
R586S,1.88455,1.33571,1.6540925830064477,Neutral,Neutral,72.5,,,0.374,cBioPortal,,False,72.5,,,,neutral,neutral,neutral,,,,83.65,S,-0.1196,2.2301,-5.4594,loss_of_function,0.4009,ambiguous,https://doi.org/10.1101/2022.10.22.513328
P588S,1.17947,1.50816,-0.2254765092137245,Neutral,Neutral,63.1,,,0.186,"cBioPortal,COSMIC",,False,63.1,,,,neutral,neutral,neutral,,,,72.31,-,-0.0607,1.7772,-2.0275,loss_of_function,0.2419,benign,https://doi.org/10.1101/2022.10.22.513328
R591Q,0.22637,0.34456,0.1099352511445095,Neutral,Neutral,100.9,6.36983247341e-05,7.9636855937e-06,0.163,cBioPortal,,False,100.9,,,,neutral,neutral,neutral,,,,60.51,S,-0.1596,1.5285,-5.7073,loss_of_function,0.0798,benign,https://doi.org/10.1101/2022.10.22.513328
H592N,-0.21448,0.69966,-0.0798037933992201,Neutral,Neutral,100.0,,,0.032,COSMIC,,False,100.0,,,,neutral,neutral,neutral,,,,57.99,-,0.0209,2.5773,-5.0804,gain_of_function,0.0677,benign,https://doi.org/10.1101/2022.10.22.513328
H592Q,-0.37174,1.19626,0.2390884379280239,Neutral,Neutral,100.0,,,0.03,COSMIC,,False,100.0,,,,neutral,neutral,neutral,,,,57.99,-,0.0594,2.5773,-5.0804,gain_of_function,0.1011,benign,https://doi.org/10.1101/2022.10.22.513328
R595I,0.28243,0.31803,-0.0281532167639891,Neutral,Neutral,78.2,,,0.455,"cBioPortal,COSMIC",,False,78.2,,,,neutral,neutral,neutral,,,,61.68,-,-0.3272,0.4104,-7.6793,loss_of_function,0.3647,ambiguous,https://doi.org/10.1101/2022.10.22.513328
D603E,-0.6234,-0.14864,0.0151275447094145,Neutral,Neutral,78.8,,,0.158,cBioPortal,,True,78.8,,,,neutral,neutral,neutral,,,,65.27,T,-0.1285,0.7419,-3.2515,loss_of_function,0.3348,benign,https://doi.org/10.1101/2022.10.22.513328
R604K,-0.05658,-0.20102,0.3436443739835054,Neutral,Neutral,95.3,0.0053499777084262,0.0115706489745915,0.066,COSMIC,,True,95.3,,,,neutral,neutral,neutral,,,,58.79,T,-0.0555,1.4599,-0.6254,loss_of_function,0.0711,benign,https://doi.org/10.1101/2022.10.22.513328
H606R,-0.29496,3.63741,0.8670761978577329,Uncertain,Neutral,25.5,,,0.026,COSMIC,,True,25.5,,,,neutral,neutral,neutral,,,,60.35,-,-0.0254,2.4773,-6.5545,loss_of_function,0.0672,benign,https://doi.org/10.1101/2022.10.22.513328
G607V,6.0044,6.9034,3.174096812780969,Destabilizing,Destabilizing,1.3,,,0.246,cBioPortal,,False,1.3,,,,neutral,neutral,neutral,,,,52.44,-,-0.2912,1.0463,-5.9772,loss_of_function,0.0909,benign,https://doi.org/10.1101/2022.10.22.513328
