Mutation,"Stability (FoldX5, alphafold, kcal/mol)","Stability (Rosetta Cartddg2020, alphafold, kcal/mol)","Stability (RaSP, alphafold, kcal/mol)","Stability classification, alphafold, (Rosetta, FoldX)","Stability classification, alphafold, (RaSP, FoldX)",Relative Side Chain Solvent Accessibility in wild-type,gnomAD genome allele frequency,gnomAD exome allele frequency,REVEL score,Mutation sources,AlloSigma2 mutation type,AlloSigma2 predicted consequence - active sites,AlloSigma2 predicted consequence - cofactor sites,AlloSigma2 predicted consequence - pockets and interfaces,ClinVar Variation ID,ClinVar Interpretation,ClinVar Review Status,AlphaFold2 model pLDDT score,AlphaFold2 model secondary structure,DeMaSk delta fitness,DeMaSk Shannon entropy,DeMaSk log2 variant frequency,DeMaSk predicted consequence,GEMME Score,EVE score,EVE classification (25% Uncertain),AlphaMissense pathogenicity score,AlphaMissense classification,References
T58M,-1.6618,-0.34694,-0.7632550045396569,Neutral,Neutral,14.5,6.36739891754e-05,0.0002824499148672,0.242,"cBioPortal,COSMIC,clinvar",UP,neutral,neutral,stabilizing,2222842,Uncertain significance,1,70.32,-,-0.1394,1.5762,-5.9542,loss_of_function,-0.854341743107438,,,0.1326,benign,https://doi.org/10.1101/2022.10.22.513328
E59D,0.06933,0.57245,0.1746620482896099,Neutral,Neutral,106.2,,,0.073,"cBioPortal,COSMIC",DOWN,neutral,neutral,mixed_effects,,,,59.28,-,-0.0274,1.8717,-5.2479,loss_of_function,-0.246163580463476,,,0.119,benign,https://doi.org/10.1101/2022.10.22.513328
S61F,-0.42415,0.32483,-0.0883706317822485,Neutral,Neutral,65.5,,,0.063,"cBioPortal,COSMIC",UP,neutral,neutral,stabilizing,,,,47.97,-,-0.0775,2.9773,-20.8576,loss_of_function,-1.42898286170567,,,0.1425,benign,https://doi.org/10.1101/2022.10.22.513328
Q65P,-1.23818,-0.88537,0.6313394501054326,Neutral,Neutral,81.6,,,,clinvar,DOWN,neutral,neutral,destabilizing,1178472,Benign,1,57.07,-,-0.1355,2.7715,-5.9772,loss_of_function,-0.669355254679987,,,0.0675,benign,https://doi.org/10.1101/2022.10.22.513328
D67Y,3.7332,2.95272,0.0351428148743299,Uncertain,Uncertain,70.1,,,0.263,"cBioPortal,COSMIC",UP,neutral,neutral,neutral,,,,66.19,-,-0.1369,2.7214,-20.9812,loss_of_function,-3.01497497079464,,,0.2992,benign,https://doi.org/10.1101/2022.10.22.513328
S69T,-0.21424,-0.1881,0.1730100204437962,Neutral,Neutral,86.7,,,0.159,"cBioPortal,COSMIC",UP,neutral,neutral,neutral,,,,75.98,H,0.0098,2.0926,-4.9137,gain_of_function,-0.446430745545756,,,0.0932,benign,https://doi.org/10.1101/2022.10.22.513328
V70A,1.25757,1.36633,1.5337867296304546,Neutral,Neutral,16.3,,,0.283,cBioPortal,DOWN,neutral,neutral,neutral,,,,78.22,H,-0.0459,2.4223,-6.1292,loss_of_function,-2.66497267513023,,,0.2548,benign,https://doi.org/10.1101/2022.10.22.513328
Q71E,0.2971,1.06769,0.5342989959676955,Neutral,Neutral,39.9,,,0.188,"cBioPortal,COSMIC",DOWN,neutral,neutral,neutral,,,,79.04,H,-0.0133,2.173,-4.2548,loss_of_function,-0.633231219814794,,,0.0889,benign,https://doi.org/10.1101/2022.10.22.513328
L73F,0.73599,0.85884,0.3317770622217836,Neutral,Neutral,55.0,,,0.312,COSMIC,UP,neutral,neutral,neutral,,,,86.21,H,-0.1539,1.3006,-6.6864,loss_of_function,-3.38016607370828,,,0.2306,benign,https://doi.org/10.1101/2022.10.22.513328
L73H,1.18606,0.80136,0.6819950184704293,Neutral,Neutral,55.0,,,0.362,COSMIC,DOWN,neutral,neutral,neutral,,,,86.21,H,-0.2629,1.3006,-6.6864,loss_of_function,-3.07770150119806,,,0.2901,benign,https://doi.org/10.1101/2022.10.22.513328
L73Y,0.77013,0.6398,0.4199736897215672,Neutral,Neutral,55.0,,,,cBioPortal,UP,neutral,neutral,neutral,,,,86.21,H,-0.3189,1.3006,-20.9742,loss_of_function,-3.38016607370828,,,0.4824,ambiguous,https://doi.org/10.1101/2022.10.22.513328
G103V,1.16479,-1.93129,-0.3109613809927375,Neutral,Neutral,45.9,,,0.142,"cBioPortal,COSMIC",UP,neutral,neutral,neutral,,,,81.63,-,-0.1199,2.7234,-2.6503,loss_of_function,-0.988620738313284,,,0.2989,benign,https://doi.org/10.1101/2022.10.22.513328
T105A,1.78334,0.3619,-0.1754148267002736,Neutral,Neutral,6.3,,,,clinvar,DOWN,neutral,neutral,neutral,2369645,Uncertain significance,1,86.6,E,-0.069,1.7825,-4.6439,loss_of_function,-2.09517539007284,,,0.1001,benign,https://doi.org/10.1101/2022.10.22.513328
G159E,-0.86286,-1.1483,-0.2778125782774648,Neutral,Neutral,82.1,,,0.061,cBioPortal,UP,neutral,neutral,neutral,,,,94.3,H,-0.1747,2.8575,-21.1395,loss_of_function,-2.64926597864308,4.505970807429475e-09,Benign,0.2502,benign,https://doi.org/10.1101/2022.10.22.513328
G159W,-0.98256,-2.01054,-1.632549137792827,Uncertain,Neutral,82.1,,,0.076,COSMIC,UP,neutral,neutral,neutral,,,,94.3,H,-0.1288,2.8575,-4.6818,loss_of_function,-1.9640984312492,9.82011609247175e-16,Benign,0.1951,benign,https://doi.org/10.1101/2022.10.22.513328
A161T,1.42787,2.1881,1.7624110663320849,Uncertain,Neutral,0.3,6.373486297e-05,1.20580716732e-05,0.247,"cBioPortal,COSMIC",UP,neutral,neutral,neutral,,,,92.3,H,-0.0852,1.6044,-6.8641,loss_of_function,-2.27365540785542,0.0059067915331733,Benign,0.2448,benign,https://doi.org/10.1101/2022.10.22.513328
F162L,2.69605,4.3,3.589664606608316,Uncertain,Uncertain,2.6,,,0.26,"cBioPortal,COSMIC",DOWN,neutral,neutral,neutral,,,,92.5,H,-0.1329,1.4917,-5.5422,loss_of_function,-4.42798089553443,0.8394145220428777,Pathogenic,0.9716,pathogenic,https://doi.org/10.1101/2022.10.22.513328
F164S,2.7829,2.15952,2.026436398340616,Uncertain,Uncertain,43.2,,,0.047,"cBioPortal,COSMIC",DOWN,neutral,neutral,neutral,,,,91.71,S,-0.065,2.9279,-3.8455,loss_of_function,-0.900367984528168,1.478957767009526e-14,Benign,0.2206,benign,https://doi.org/10.1101/2022.10.22.513328
F164V,2.42036,1.24116,1.2416947283974356,Uncertain,Uncertain,43.2,,4.79915534866e-05,0.055,cBioPortal,DOWN,neutral,neutral,neutral,,,,91.71,S,-0.0447,2.9279,-7.8454,loss_of_function,-2.52547230930457,3.6908012366476027e-10,Benign,0.1666,benign,https://doi.org/10.1101/2022.10.22.513328
H166Y,-1.06687,-0.14932,-0.0954302477731044,Neutral,Neutral,67.3,,,0.06,"cBioPortal,COSMIC",UP,neutral,neutral,neutral,,,,88.28,G,0.0871,2.7869,-2.7287,gain_of_function,-0.305536625509004,9.758065177931997e-19,Benign,0.0784,benign,https://doi.org/10.1101/2022.10.22.513328
R174C,0.11708,0.55816,1.0197412112089297,Neutral,Neutral,87.7,6.37104994903e-05,0.000111678366305,0.025,"cBioPortal,COSMIC",DOWN,neutral,neutral,neutral,,,,82.63,H,0.0158,3.7012,-3.8329,gain_of_function,-0.0145518465176003,1.9142520412689486e-17,Benign,0.0857,benign,https://doi.org/10.1101/2022.10.22.513328
R174H,0.34729,-0.22619,0.0381296019137994,Neutral,Neutral,87.7,,1.99350913426e-05,0.008,"cBioPortal,COSMIC",DOWN,neutral,neutral,neutral,,,,82.63,H,0.0514,3.7012,-4.511,gain_of_function,-0.22377436828698,3.201987170745064e-13,Benign,0.0662,benign,https://doi.org/10.1101/2022.10.22.513328
S175Y,-1.80231,-0.82347,-1.0731850958905669,Neutral,Neutral,10.1,,,0.168,cBioPortal,UP,neutral,neutral,neutral,,,,80.18,-,-0.1064,1.9935,-7.8328,loss_of_function,-3.52236541603795,0.6891862131942823,Pathogenic,0.2289,benign,https://doi.org/10.1101/2022.10.22.513328
A176T,0.0038,-0.00476,-0.0838238437181432,Neutral,Neutral,82.8,,,0.04,COSMIC,UP,neutral,neutral,stabilizing,,,,79.5,T,0.0253,2.6038,-3.2416,gain_of_function,-0.0554267446042043,2.3362167498501137e-13,Benign,0.0716,benign,https://doi.org/10.1101/2022.10.22.513328
R178G,3.26272,2.68844,2.1042034504884244,Uncertain,Uncertain,48.8,,1.5939176104e-05,0.069,cBioPortal,DOWN,neutral,neutral,neutral,,,,82.9,H,-0.1276,2.5979,-6.8328,loss_of_function,-1.38708624829007,6.100826118563801e-06,Benign,0.0908,benign,https://doi.org/10.1101/2022.10.22.513328
A179V,0.31497,-0.12585,-0.206145901103899,Neutral,Neutral,82.9,,7.9674291496e-06,0.018,"cBioPortal,COSMIC",UP,neutral,neutral,stabilizing,,,,85.97,H,0.0641,3.1048,-5.2416,gain_of_function,-0.666774979720518,3.937978065389087e-06,Benign,0.0911,benign,https://doi.org/10.1101/2022.10.22.513328
L180V,1.21265,0.33537,0.530433294485923,Neutral,Neutral,74.4,,,0.041,"cBioPortal,COSMIC",DOWN,neutral,neutral,neutral,,,,86.13,H,0.0192,2.8021,-4.3543,gain_of_function,-0.241386393004747,3.0858764523901624e-10,Benign,0.0775,benign,https://doi.org/10.1101/2022.10.22.513328
Y181F,-0.93123,0.38503,0.4478557136573013,Neutral,Neutral,15.5,,,0.096,cBioPortal,-,uncertain,uncertain,uncertain,,,,83.94,H,0.0317,2.5131,-4.5916,gain_of_function,-0.428101757558031,0.0069414530442259,Benign,0.1209,benign,https://doi.org/10.1101/2022.10.22.513328
R182L,-1.27928,-0.81259,-0.1729472556110206,Neutral,Neutral,55.8,,,0.081,"cBioPortal,COSMIC",DOWN,neutral,neutral,neutral,,,,89.32,H,-0.1543,1.9465,-6.7747,loss_of_function,-4.4764126555873,0.0055169758506076,Benign,0.196,benign,https://doi.org/10.1101/2022.10.22.513328
H184Y,-0.52044,-0.21973,-0.0866887937654758,Neutral,Neutral,60.6,,,0.238,cBioPortal,UP,neutral,neutral,stabilizing,,,,86.57,H,0.0247,2.1963,-4.3154,gain_of_function,-1.88599908280446,0.0002737219621728,Benign,0.1263,benign,https://doi.org/10.1101/2022.10.22.513328
H237Q,-2.34768,-0.16259,0.370574956880067,Uncertain,Uncertain,105.6,,,0.044,"cBioPortal,COSMIC",DOWN,neutral,neutral,stabilizing,,,,45.62,-,0.139,3.2844,-2.2341,gain_of_function,-0.12154982788979,1.6988465505543167e-24,Benign,0.0846,benign,https://doi.org/10.1101/2022.10.22.513328
R238M,0.36812,0.78027,0.1591685280322302,Neutral,Neutral,99.8,,,0.126,"cBioPortal,COSMIC",DOWN,neutral,neutral,stabilizing,,,,40.67,-,-0.0458,2.75,-6.6934,loss_of_function,-0.438629806528725,0.0001194191041982,Benign,0.1672,benign,https://doi.org/10.1101/2022.10.22.513328
E239K,0.26416,0.02449,0.3702712765148597,Neutral,Neutral,101.8,,,,cBioPortal,UP,neutral,neutral,stabilizing,,,,42.55,-,-0.0783,1.8623,-4.0138,loss_of_function,-3.28441624181519,0.1850140469302625,Benign,0.0967,benign,https://doi.org/10.1101/2022.10.22.513328
P240S,0.70685,0.82517,-0.0649820484127783,Neutral,Neutral,69.2,0.0001276161306789,9.59577785774e-05,0.02,"COSMIC,clinvar",DOWN,neutral,neutral,mixed_effects,2469868,Uncertain significance,1,36.31,-,-0.0107,2.4812,-4.9273,loss_of_function,-0.616011833472809,1.0426202305675875e-07,Benign,0.0778,benign,https://doi.org/10.1101/2022.10.22.513328
S241L,-0.12958,0.26735,-0.3664256638868374,Neutral,Neutral,104.8,6.37877144862e-05,2.79986560645e-05,0.062,"cBioPortal,COSMIC",UP,neutral,neutral,stabilizing,,,,33.03,-,0.0171,3.1432,-5.4128,gain_of_function,-0.445943643520492,1.1692174656086282e-15,Benign,0.0767,benign,https://doi.org/10.1101/2022.10.22.513328
V245L,-0.89181,0.2068,0.0747862881496935,Neutral,Neutral,41.4,,3.9962914415e-06,0.032,"COSMIC,clinvar",UP,neutral,neutral,stabilizing,2411966,Uncertain significance,1,42.81,-,-0.0266,2.4011,-1.8385,loss_of_function,-0.200958319653139,8.824565401063944e-18,Benign,0.0873,benign,https://doi.org/10.1101/2022.10.22.513328
V247I,-0.75547,-0.01122,0.169333858271139,Neutral,Neutral,82.8,,4.0009282153e-06,0.019,cBioPortal,UP,neutral,neutral,stabilizing,,,,39.81,-,0.0738,2.9537,-4.9,gain_of_function,-0.308736872868833,8.212144208428587e-15,Benign,0.084,benign,https://doi.org/10.1101/2022.10.22.513328
S249L,1.70413,-2.8568,-0.8740696501535916,Uncertain,Neutral,32.2,3.19081046586e-05,2.00028804148e-05,0.061,"cBioPortal,COSMIC",UP,neutral,neutral,neutral,,,,41.63,-,-0.1101,1.8918,-7.7878,loss_of_function,-2.09717268462205,0.0030875500908154,Benign,0.1074,benign,https://doi.org/10.1101/2022.10.22.513328
D251A,0.33135,1.02721,0.5906989653867941,Neutral,Neutral,69.6,,0.0001209754795218,0.123,COSMIC,DOWN,neutral,neutral,neutral,,,,48.14,-,-0.037,2.5837,-7.7481,loss_of_function,-3.85922910073942,2.874851213383017e-05,Benign,0.1585,benign,https://doi.org/10.1101/2022.10.22.513328
H253N,-0.15845,-0.16224,0.5916769633013313,Neutral,Neutral,37.1,,,0.07,cBioPortal,DOWN,neutral,neutral,destabilizing,,,,58.88,T,0.072,2.9605,-1.9877,gain_of_function,-0.920807654692536,1.9200804445902032e-19,Benign,0.1004,benign,https://doi.org/10.1101/2022.10.22.513328
H253Q,0.25664,0.78673,0.7650465642287274,Neutral,Neutral,37.1,,,0.037,cBioPortal,DOWN,neutral,neutral,destabilizing,,,,58.88,T,0.0999,2.9605,-4.063,gain_of_function,-0.406203616835054,7.873913095808791e-06,Benign,0.0972,benign,https://doi.org/10.1101/2022.10.22.513328
P255L,3.24107,3.26667,-0.4932241532106368,Destabilizing,Uncertain,19.5,,,0.196,cBioPortal,UP,neutral,neutral,neutral,,,,73.73,-,-0.1186,1.9038,-6.0444,loss_of_function,-2.48020922728605,0.7146604834886454,Pathogenic,0.1808,benign,https://doi.org/10.1101/2022.10.22.513328
P286Q,1.38323,1.68707,0.5699644856374172,Neutral,Neutral,20.8,,,0.477,cBioPortal,UP,neutral,neutral,neutral,,,,81.7,-,-0.1824,1.0198,-6.5887,loss_of_function,-6.30519370642796,0.8642987619652728,Pathogenic,0.8229,pathogenic,https://doi.org/10.1101/2022.10.22.513328
K289N,-0.16954,-0.06735,0.5539105617815967,Neutral,Neutral,88.2,,,0.06,cBioPortal,DOWN,neutral,neutral,neutral,,,,87.52,H,0.0687,3.4638,-4.4633,gain_of_function,-1.00880408983384,1.008285230064945e-08,Benign,0.2321,benign,https://doi.org/10.1101/2022.10.22.513328
V291A,1.97637,2.34524,2.475552072456187,Uncertain,Uncertain,13.2,,,0.361,"cBioPortal,COSMIC",DOWN,neutral,neutral,neutral,,,,87.78,H,-0.1,1.7721,-5.0179,loss_of_function,-5.22192997896631,0.8670193891340443,Pathogenic,0.5121,ambiguous,https://doi.org/10.1101/2022.10.22.513328
V291M,-0.24681,1.77143,1.402308321372843,Neutral,Neutral,13.2,,,0.397,"cBioPortal,COSMIC",UP,neutral,neutral,neutral,,,,87.78,H,-0.1267,1.7721,-8.3397,loss_of_function,-3.27813946181714,0.5776921717570991,Uncertain,0.3535,ambiguous,https://doi.org/10.1101/2022.10.22.513328
G297S,2.69458,0.86293,1.318117484744267,Uncertain,Uncertain,62.9,3.1849162367e-05,3.22019707606e-05,0.213,cBioPortal,UP,neutral,neutral,neutral,,,,86.82,T,-0.1394,1.7395,-4.5809,loss_of_function,-1.54361291646359,0.070234084784578,Benign,0.1334,benign,https://doi.org/10.1101/2022.10.22.513328
S298N,-1.48429,-0.74456,-0.3328554970907554,Neutral,Neutral,58.1,,,0.104,"cBioPortal,COSMIC",UP,neutral,neutral,stabilizing,,,,90.78,-,0.0381,2.7335,-4.7297,gain_of_function,-1.74843952849698,2.0500905215895724e-05,Benign,0.1498,benign,https://doi.org/10.1101/2022.10.22.513328
A301V,0.8088,0.21701,0.0660492614807678,Neutral,Neutral,55.8,3.18714941356e-05,,0.215,COSMIC,UP,neutral,neutral,stabilizing,,,,88.6,H,0.0671,3.2412,-7.1292,gain_of_function,-1.04014818037552,1.5912712042930358e-05,Benign,0.1202,benign,https://doi.org/10.1101/2022.10.22.513328
A302P,5.82913,7.03912,8.16119126417516,Destabilizing,Destabilizing,0.7,,,0.595,COSMIC,UP,neutral,neutral,neutral,,,,86.5,H,-0.2743,2.0273,-22.002,loss_of_function,-5.58916837232295,0.8760743040557044,Pathogenic,0.9039,pathogenic,https://doi.org/10.1101/2022.10.22.513328
A302T,1.77799,2.89286,1.9277681065348056,Uncertain,Neutral,0.7,,3.62336344751e-05,0.425,cBioPortal,UP,neutral,neutral,neutral,,,,86.5,H,-0.0381,2.0273,-5.2548,loss_of_function,-2.87330764339073,0.163039667042526,Benign,0.2881,benign,https://doi.org/10.1101/2022.10.22.513328
S304N,-0.04485,-0.11463,-0.0145173484065846,Neutral,Neutral,78.2,,,0.096,COSMIC,UP,neutral,neutral,stabilizing,,,,86.56,H,0.0946,3.4241,-6.1155,gain_of_function,-0.819919376616621,0.0002752805295411,Benign,0.1264,benign,https://doi.org/10.1101/2022.10.22.513328
A305T,0.25499,0.6483,0.3416715171526235,Neutral,Neutral,64.7,,,,clinvar,UP,neutral,neutral,stabilizing,2467423,Uncertain significance,1,82.77,H,0.0775,3.2626,-4.8896,gain_of_function,-0.280597485812812,3.3879338245851115e-10,Benign,0.0712,benign,https://doi.org/10.1101/2022.10.22.513328
A305V,0.7989,0.15986,-0.0308695370624673,Neutral,Neutral,64.7,6.37226789014e-05,5.22865301854e-05,0.038,"cBioPortal,COSMIC",UP,neutral,neutral,stabilizing,,,,82.77,H,0.0878,3.2626,-3.449,gain_of_function,-0.192334798060843,2.0310808538771998e-15,Benign,0.0866,benign,https://doi.org/10.1101/2022.10.22.513328
H333R,1.39819,0.66429,0.7664824691329214,Neutral,Neutral,19.2,,8.0125636999e-06,0.396,"cBioPortal,COSMIC",UP,neutral,neutral,neutral,,,,90.7,H,0.0131,2.7239,-3.4459,gain_of_function,-3.8998605376516,0.1309790445339065,Benign,0.2407,benign,https://doi.org/10.1101/2022.10.22.513328
R335C,1.52578,1.46122,1.2713966667450411,Neutral,Neutral,51.4,9.55596610817e-05,1.60538123791e-05,0.323,"cBioPortal,COSMIC",DOWN,neutral,neutral,destabilizing,,,,88.74,S,-0.1546,2.8579,-22.0156,loss_of_function,-2.84002184275079,0.0032049822382018,Benign,0.1633,benign,https://doi.org/10.1101/2022.10.22.513328
R335H,1.4562,0.78197,0.4996105650642624,Neutral,Neutral,51.4,0.0009872611464968,0.0018544981615581,0.273,COSMIC,DOWN,neutral,neutral,destabilizing,,,,88.74,S,-0.0359,2.8579,-6.406,loss_of_function,-4.00786836755112,3.458686170779075e-05,Benign,0.12,benign,https://doi.org/10.1101/2022.10.22.513328
R335S,1.57087,1.61599,1.1776809188995203,Neutral,Neutral,51.4,,,0.209,"cBioPortal,COSMIC",DOWN,neutral,neutral,destabilizing,,,,88.74,S,-0.0653,2.8579,-6.1429,loss_of_function,-1.08116001719278,1.5084292481262356e-05,Benign,0.3506,ambiguous,https://doi.org/10.1101/2022.10.22.513328
T338M,-0.78709,-0.0398,0.0319465647086714,Neutral,Neutral,35.4,3.18572793883e-05,3.21334179513e-05,0.478,cBioPortal,UP,neutral,neutral,stabilizing,,,,88.76,-,-0.2121,1.6754,-21.9951,loss_of_function,-5.71232339294679,0.8637253713467725,Pathogenic,0.3966,ambiguous,https://doi.org/10.1101/2022.10.22.513328
R367Q,0.5089,0.63401,0.7510577563981177,Neutral,Neutral,61.3,,1.64454750275e-05,0.02,"cBioPortal,COSMIC",DOWN,neutral,neutral,mixed_effects,,,,60.51,T,0.0046,3.211,-3.8704,gain_of_function,-0.311291516923657,5.921284011502009e-11,Benign,0.0662,benign,https://doi.org/10.1101/2022.10.22.513328
Q368R,-0.27204,1.61463,-0.2319930318694457,Neutral,Neutral,17.3,,,0.041,COSMIC,UP,neutral,neutral,stabilizing,,,,64.03,-,0.0839,3.515,-4.195,gain_of_function,-0.407387895289013,3.308489914424897e-15,Benign,0.0713,benign,https://doi.org/10.1101/2022.10.22.513328
R370C,0.40469,0.40544,1.0909709635290812,Neutral,Neutral,96.7,,4.53148558576e-05,0.216,"cBioPortal,COSMIC",DOWN,neutral,neutral,mixed_effects,,,,66.25,G,-0.1052,3.3763,-21.68,loss_of_function,-2.79533236450425,0.0388410682430617,Benign,0.1385,benign,https://doi.org/10.1101/2022.10.22.513328
R370H,0.64838,-0.13878,0.0160650752939839,Neutral,Neutral,96.7,,,,clinvar,DOWN,neutral,neutral,mixed_effects,2255009,Likely benign,1,66.25,G,0.0331,3.3763,-2.2426,gain_of_function,-0.11679866563549,3.6952933335523014e-14,Benign,0.0682,benign,https://doi.org/10.1101/2022.10.22.513328
D371N,0.85269,-0.10034,0.3819768992013989,Neutral,Neutral,14.7,3.1849162367e-05,1.6499744254e-05,0.076,"cBioPortal,COSMIC",-,uncertain,uncertain,uncertain,,,,73.28,G,0.0113,2.4044,-1.5764,gain_of_function,-0.828228633001351,3.2276042536922653e-28,Benign,0.1095,benign,https://doi.org/10.1101/2022.10.22.513328
A397T,0.46309,4.73741,1.5376299528904709,Uncertain,Neutral,0.1,,,0.334,cBioPortal,UP,neutral,neutral,neutral,,,,91.37,H,-0.1263,1.1404,-6.5647,loss_of_function,-3.4342985260429,0.8168789052811534,Pathogenic,0.4116,ambiguous,https://doi.org/10.1101/2022.10.22.513328
L398M,-0.05755,1.76769,1.2536872499397762,Neutral,Neutral,15.8,,,0.147,cBioPortal,-,uncertain,uncertain,uncertain,,,,90.92,H,-0.103,1.5375,-8.0443,loss_of_function,-2.86164497254399,0.6597873374701266,Uncertain,0.2806,benign,https://doi.org/10.1101/2022.10.22.513328
Q401E,0.19175,0.85816,0.8240176066629786,Neutral,Neutral,42.9,,,0.074,"cBioPortal,COSMIC",DOWN,neutral,neutral,neutral,,,,85.54,H,0.0413,2.5882,-1.0399,gain_of_function,-0.299904746533201,6.500558587384441e-30,Benign,0.0562,benign,https://doi.org/10.1101/2022.10.22.513328
A402V,0.0973,0.10068,-0.2102496958183097,Neutral,Neutral,82.2,,4.1445966893e-06,0.056,"COSMIC,clinvar",UP,neutral,neutral,neutral,2375024,Uncertain significance,1,82.75,H,0.0932,3.387,-4.6323,gain_of_function,-0.483140808366237,1.051639063412462e-15,Benign,0.0895,benign,https://doi.org/10.1101/2022.10.22.513328
E403D,0.28777,0.24354,0.5376821632837594,Neutral,Neutral,88.0,,,0.046,"cBioPortal,COSMIC",DOWN,neutral,neutral,neutral,,,,83.14,H,-0.0093,2.0142,-4.2596,loss_of_function,-0.184604697207271,0.6864368864929553,Pathogenic,0.0885,benign,https://doi.org/10.1101/2022.10.22.513328
E403K,0.20102,0.06395,0.4282810779737483,Neutral,Neutral,88.0,,8.274104535e-06,0.266,"cBioPortal,COSMIC",UP,neutral,neutral,neutral,,,,83.14,H,-0.0645,2.0142,-4.0531,loss_of_function,-3.4589337646607,0.0072401902592605,Benign,0.1154,benign,https://doi.org/10.1101/2022.10.22.513328
T404M,0.83944,3.65272,-0.0079196824835331,Uncertain,Neutral,2.0,9.55535737037e-05,5.7967654049e-05,0.212,cBioPortal,UP,neutral,neutral,neutral,,,,85.41,H,-0.1558,2.2453,-21.2302,loss_of_function,-4.24020805631937,0.3489562508439094,Uncertain,0.1378,benign,https://doi.org/10.1101/2022.10.22.513328
L405V,3.20797,2.49558,1.7983405607295655,Uncertain,Uncertain,0.3,0.0015608077976683,0.0024744076731465,0.198,"cBioPortal,COSMIC",DOWN,neutral,neutral,neutral,,,,88.28,B,-0.1437,1.0757,-5.1468,loss_of_function,-3.43150868158632,0.8722439244477698,Pathogenic,0.226,benign,https://doi.org/10.1101/2022.10.22.513328
P407L,2.08965,0.42517,-0.536232703809903,Uncertain,Uncertain,46.6,,,,clinvar,UP,neutral,neutral,neutral,2264575,Uncertain significance,1,82.94,G,-0.1718,1.3426,-6.3516,loss_of_function,-4.66062784621809,0.8073521696279379,Pathogenic,0.1977,benign,https://doi.org/10.1101/2022.10.22.513328
S408L,-0.84495,-0.66088,-0.5180849624933315,Neutral,Neutral,56.4,,2.89433207085e-05,0.126,cBioPortal,UP,neutral,neutral,stabilizing,,,,82.61,G,0.0241,3.2299,-5.6088,gain_of_function,-1.44972546708286,1.890296054374809e-08,Benign,0.1155,benign,https://doi.org/10.1101/2022.10.22.513328
G413D,10.14354,0.15374,2.662833895143919,Uncertain,Uncertain,41.1,,,0.335,"cBioPortal,COSMIC",UP,neutral,neutral,stabilizing,,,,78.47,-,-0.2155,1.6277,-6.8137,loss_of_function,-5.20682681961385,0.8695765503802462,Pathogenic,0.4907,ambiguous,https://doi.org/10.1101/2022.10.22.513328
G413S,4.49143,0.11122,2.7051392963157803,Uncertain,Uncertain,41.1,,4.95675233587e-05,0.34,cBioPortal,UP,neutral,neutral,stabilizing,,,,78.47,-,-0.153,1.6277,-5.2288,loss_of_function,-4.109682363696,0.7527059514038932,Pathogenic,0.2029,benign,https://doi.org/10.1101/2022.10.22.513328
R414Q,-0.14105,0.28095,0.469545346487909,Neutral,Neutral,90.3,3.18654005481e-05,0.0003509003690646,0.027,"cBioPortal,COSMIC",DOWN,neutral,neutral,destabilizing,,,,77.9,T,-0.0772,2.2713,-2.9494,loss_of_function,-0.445831381351023,2.144992459233165e-09,Benign,0.0769,benign,https://doi.org/10.1101/2022.10.22.513328
E415G,0.7434,1.88946,1.6015755922089865,Neutral,Neutral,47.0,,,0.308,cBioPortal,DOWN,neutral,neutral,neutral,,,,85.05,T,-0.1723,1.8287,-21.1015,loss_of_function,-5.14089690423359,0.6496985825172454,Uncertain,0.2363,benign,https://doi.org/10.1101/2022.10.22.513328
A471V,0.48294,-0.13469,-0.0738489796141755,Neutral,Neutral,65.4,,8.6562848956e-06,0.108,cBioPortal,UP,neutral,neutral,neutral,,,,82.72,H,-0.0603,1.6974,-4.2574,loss_of_function,-0.862468524047989,3.69460493538599e-07,Benign,0.105,benign,https://doi.org/10.1101/2022.10.22.513328
R474Q,0.07621,0.02245,0.3300806614171342,Neutral,Neutral,85.4,,,,clinvar,DOWN,neutral,neutral,neutral,2366449,Uncertain significance,1,80.16,H,-0.1224,1.8492,-4.1997,loss_of_function,-0.681322735737433,0.0001207932687576,Benign,0.092,benign,https://doi.org/10.1101/2022.10.22.513328
R474W,-0.42397,-0.51122,-0.4509693635664485,Neutral,Neutral,85.4,,2.63414377157e-05,0.125,"cBioPortal,COSMIC",UP,neutral,neutral,neutral,,,,80.16,H,-0.1807,1.8492,-7.1995,loss_of_function,-1.10195626352207,0.0120098966196026,Benign,0.1168,benign,https://doi.org/10.1101/2022.10.22.513328
R477Q,0.3121,0.15034,0.4855307080313031,Neutral,Neutral,69.1,0.0001593676292471,3.55742122535e-05,0.027,"cBioPortal,COSMIC",DOWN,neutral,neutral,neutral,,,,76.39,H,-0.0528,2.599,-4.0875,loss_of_function,-0.592114351392494,1.2070460336415921e-08,Benign,0.0935,benign,https://doi.org/10.1101/2022.10.22.513328
R477W,-0.39374,-0.54354,-0.2639456158796605,Neutral,Neutral,69.1,0.0002867886049328,8.46475986813e-05,0.12,"cBioPortal,COSMIC,clinvar",UP,neutral,neutral,stabilizing,2410268,Uncertain significance,1,76.39,H,-0.1009,2.599,-5.0874,loss_of_function,-0.218642058647053,1.1893894502940484e-06,Benign,0.0963,benign,https://doi.org/10.1101/2022.10.22.513328
G478V,-0.27602,-0.43605,-0.5801609878475344,Neutral,Neutral,110.1,0.0003189589180913,0.0005600823863123,0.101,COSMIC,UP,neutral,neutral,neutral,,,,76.34,H,-0.2063,2.7663,-20.3645,loss_of_function,-2.89134253278797,1.894452317594759e-07,Benign,0.0972,benign,https://doi.org/10.1101/2022.10.22.513328
L479R,0.00914,0.35034,0.2555522255092013,Neutral,Neutral,82.3,,,0.143,cBioPortal,UP,neutral,neutral,neutral,,,,73.58,H,-0.2568,1.6655,-4.6781,loss_of_function,-1.64828956353342,2.2808948531321776e-09,Benign,0.0788,benign,https://doi.org/10.1101/2022.10.22.513328
A480T,0.06392,-0.11327,0.179473006575393,Neutral,Neutral,81.1,,2.73950086294e-05,0.026,COSMIC,UP,neutral,neutral,neutral,,,,63.44,T,0.0384,2.7722,-3.7004,gain_of_function,-0.019228686673546,5.07560066768068e-13,Benign,0.08,benign,https://doi.org/10.1101/2022.10.22.513328
