Mutation,"Stability (FoldX5, alphafold, kcal/mol)","Stability (Rosetta Cartddg2020, alphafold, kcal/mol)","Stability (RaSP, alphafold, kcal/mol)","Stability classification, alphafold, (Rosetta, FoldX)","Stability classification, alphafold, (RaSP, FoldX)","Local Int. (Binding with TP53_AFmulti, heterodimer, FoldX5, kcal/mol)","Local Int. (Binding with TP53_AFmulti, heterodimer, Rosetta Talaris 2014, kcal/mol)",Local Int. classification (TP53_AFmulti),Relative Side Chain Solvent Accessibility in wild-type,gnomAD genome allele frequency,gnomAD exome allele frequency,REVEL score,Mutation sources,PTMs,is site part of phospho-SLiM,PTM residue SASA (%),"Change in stability with PTM (FoldX5, kcal/mol)","Change in binding with PTM (FoldX5, kcal/mol)","Change in binding with mutation (FoldX5, kcal/mol)",PTM effect in regulation,PTM effect in stability,PTM effect in function,AlloSigma2 mutation type,AlloSigma2 predicted consequence - active sites,AlloSigma2 predicted consequence - cofactor sites,AlloSigma2 predicted consequence - pockets and interfaces,AlphaFold2 model pLDDT score,AlphaFold2 model secondary structure,DeMaSk delta fitness,DeMaSk Shannon entropy,DeMaSk log2 variant frequency,DeMaSk predicted consequence,GEMME Score,AlphaMissense pathogenicity score,AlphaMissense classification,References
A1733T,1.36548,3.33061,0.8064855799521276,Uncertain,Neutral,-0.09664,0.02522,Neutral,0.0,,0.0000039782311193,0.539,cBioPortal,,True,0.0,,,,neutral,neutral,neutral,UP,neutral,neutral,neutral,95.69,E,-0.1032,1.3723,-6.2094,loss_of_function,-2.84504829218038,0.8952,pathogenic,https://doi.org/10.1101/2022.10.22.513328
A1733V,-1.54953,3.60748,0.0448232948803872,Uncertain,Neutral,-0.03156,0.2267,Neutral,0.0,,,0.515,cBioPortal,,True,0.0,,,,neutral,neutral,neutral,UP,neutral,neutral,neutral,95.69,E,-0.0914,1.3723,-4.4725,loss_of_function,-3.64649827552698,0.8948,pathogenic,https://doi.org/10.1101/2022.10.22.513328
T1740A,1.16768,1.42517,0.556236468666782,Neutral,Neutral,,,Uncertain,62.4,,,0.266,cBioPortal,,True,62.4,,,,uncertain,,,DOWN,neutral,neutral,neutral,84.26,-,-0.0711,1.933,-7.7648,loss_of_function,-1.85244796763971,0.149,benign,https://doi.org/10.1101/2022.10.22.513328
D1743S,2.48741,3.46633,1.7801337785725206,Uncertain,Uncertain,,,,8.0,,,,cBioPortal,,True,8.0,,,,neutral,neutral,neutral,DOWN,neutral,neutral,neutral,84.62,H,-0.1616,1.1989,-5.9442,loss_of_function,-4.27158413877948,0.8939,pathogenic,https://doi.org/10.1101/2022.10.22.513328
S1747N,0.57164,-0.10884,-0.1827230817542241,Neutral,Neutral,,,Uncertain,28.1,,,0.252,cBioPortal,,True,28.1,,,,uncertain,,,UP,neutral,neutral,destabilizing,64.76,H,0.0114,2.2601,-1.4286,gain_of_function,-0.502621012766911,0.138,benign,https://doi.org/10.1101/2022.10.22.513328
K1750I,0.3662,-0.46224,0.1597977125142691,Neutral,Neutral,,,Uncertain,53.5,,,,clinvar,,True,53.5,,,,neutral,neutral,neutral,-,uncertain,uncertain,uncertain,49.97,T,-0.1299,1.7522,-8.5697,loss_of_function,-3.48394411945096,0.5448,ambiguous,https://doi.org/10.1101/2022.10.22.513328
S1759I,-0.24527,0.65,-0.3311898012084868,Neutral,Neutral,8.66923,-0.11531,Uncertain,62.5,,,,clinvar,P,True,62.5,0.724,,,damaging,neutral,potentially_damaging,UP,neutral,neutral,destabilizing,35.26,-,-0.223,1.4947,-22.0088,loss_of_function,-3.94505257900249,0.7594,pathogenic,https://doi.org/10.1101/2022.10.22.513328
E1767D,-0.03945,0.40442,-0.36687754105723,Neutral,Neutral,-0.18526,0.12039,Neutral,88.3,,,0.454,"cBioPortal,COSMIC",,True,88.3,,,,neutral,neutral,neutral,DOWN,neutral,neutral,stabilizing,52.93,-,-0.0167,1.9216,-4.0478,loss_of_function,-0.900990109873391,0.216,benign,https://doi.org/10.1101/2022.10.22.513328
R1781Q,0.01317,0.73639,1.026505290451503,Neutral,Neutral,,,Uncertain,48.4,,0.0000134728522028,0.313,cBioPortal,,False,48.4,,,,neutral,neutral,neutral,DOWN,neutral,neutral,neutral,97.37,H,-0.0989,2.0138,-2.5753,loss_of_function,-1.30667190071933,0.1128,benign,https://doi.org/10.1101/2022.10.22.513328
A1799D,-1.04809,0.03878,0.1183291320715057,Neutral,Neutral,-0.3186,0.02688,Neutral,53.5,,,0.527,cBioPortal,,True,53.5,,,,neutral,neutral,neutral,UP,neutral,neutral,neutral,76.8,T,-0.2502,1.0703,-7.8105,loss_of_function,-4.8268350518921,0.9944,pathogenic,https://doi.org/10.1101/2022.10.22.513328
R1811Q,1.55034,1.62279,1.2189288536806313,Neutral,Neutral,,,Uncertain,39.1,,0.0000238887738689,0.870,cBioPortal,,False,39.1,,,,neutral,neutral,neutral,DOWN,neutral,neutral,destabilizing,95.15,-,-0.2098,0.9883,-5.8138,loss_of_function,-3.47218821013132,0.604,pathogenic,https://doi.org/10.1101/2022.10.22.513328
Y1815N,4.125,3.66429,3.059176466067669,Destabilizing,Destabilizing,,,,0.5,,,0.940,cBioPortal,,True,0.5,,,,uncertain,,,DOWN,neutral,neutral,neutral,97.08,H,-0.3059,0.6269,-6.2288,loss_of_function,-5.2795488866307,0.9937,pathogenic,https://doi.org/10.1101/2022.10.22.513328
V1831L,1.43356,2.07619,2.457456364586567,Uncertain,Uncertain,-0.0002,0.00668,Neutral,0.3,,,0.626,cBioPortal,,False,0.3,,,,neutral,neutral,neutral,UP,neutral,neutral,mixed_effects,97.27,H,-0.2118,0.6865,-7.2288,loss_of_function,-3.22463164737283,0.972,pathogenic,https://doi.org/10.1101/2022.10.22.513328
R1844C,0.85415,0.80646,1.0290501054684555,Neutral,Neutral,0.98896,0.90987,Neutral,66.6,3.1847133758e-05,0.0000119347883166,0.584,cBioPortal,,False,66.6,,,,neutral,neutral,neutral,DOWN,neutral,neutral,neutral,94.88,G,-0.2688,1.6214,-22.1015,loss_of_function,-1.87086732421945,0.4542,ambiguous,https://doi.org/10.1101/2022.10.22.513328
R1844H,0.45983,0.29354,0.1470446248820739,Neutral,Neutral,1.01262,1.13122,Destabilizing,66.6,,0.0000318258489545,0.417,cBioPortal,,False,66.6,,,,neutral,neutral,neutral,DOWN,neutral,neutral,neutral,94.88,G,-0.1568,1.6214,-7.8137,loss_of_function,-1.41559872422936,0.2493,benign,https://doi.org/10.1101/2022.10.22.513328
E1890K,-0.10367,1.30714,0.643066790601784,Neutral,Neutral,,,Uncertain,37.0,,,0.187,cBioPortal,,True,37.0,,,,neutral,neutral,neutral,UP,neutral,neutral,stabilizing,96.49,H,-0.1026,1.8075,-7.7944,loss_of_function,-3.46575196871738,0.9778,pathogenic,https://doi.org/10.1101/2022.10.22.513328
A1913G,0.42234,0.9449,0.274427280817871,Neutral,Neutral,,,Uncertain,88.9,,,,clinvar,,False,88.9,,,,neutral,neutral,neutral,DOWN,neutral,neutral,mixed_effects,88.53,-,-0.0672,1.9827,-5.6865,loss_of_function,-1.68732649529196,0.7843,pathogenic,https://doi.org/10.1101/2022.10.22.513328
V1916I,0.02058,-0.03197,0.0804856087221411,Neutral,Neutral,,,Uncertain,73.4,,,,clinvar,,False,73.4,,,,neutral,neutral,neutral,UP,neutral,neutral,neutral,93.55,G,-0.0089,2.0469,-4.7549,loss_of_function,-0.188527289129267,0.1016,benign,https://doi.org/10.1101/2022.10.22.513328
V1921G,5.02791,6.03707,4.880864085397684,Destabilizing,Destabilizing,,,,0.0,,,0.204,cBioPortal,,False,0.0,,,,neutral,neutral,neutral,DOWN,neutral,neutral,neutral,98.19,E,-0.4083,0.733,-22.0393,loss_of_function,-4.11794676297601,0.9965,pathogenic,https://doi.org/10.1101/2022.10.22.513328
D1923H,0.82099,2.28061,1.1074926493093449,Uncertain,Neutral,,,Uncertain,21.3,,,0.469,cBioPortal,,False,21.3,,,,neutral,neutral,neutral,UP,neutral,neutral,neutral,96.32,-,-0.282,0.8148,-22.0393,loss_of_function,-4.18339343383913,0.996,pathogenic,https://doi.org/10.1101/2022.10.22.513328
P1927S,2.18548,2.21327,0.4591697791211963,Uncertain,Uncertain,,,Uncertain,26.7,,,0.260,cBioPortal,,False,26.7,,,,neutral,neutral,neutral,DOWN,neutral,neutral,neutral,93.91,-,-0.2181,0.3114,-6.4296,loss_of_function,-4.22907168361829,0.96,pathogenic,https://doi.org/10.1101/2022.10.22.513328
I1952T,2.47327,2.82755,2.2701039098567533,Uncertain,Uncertain,,,,1.6,,0.0000039820964942,0.738,cBioPortal,,False,1.6,,,,neutral,neutral,neutral,DOWN,neutral,neutral,neutral,96.48,H,-0.3603,0.2429,-22.0292,loss_of_function,-4.02993159492177,0.9202,pathogenic,https://doi.org/10.1101/2022.10.22.513328
I1957T,1.90647,0.94014,2.2689004982833403,Neutral,Uncertain,,,,9.8,,0.0000039820964942,0.738,"cBioPortal,COSMIC",,False,9.8,,,,neutral,neutral,neutral,DOWN,neutral,neutral,neutral,95.35,-,-0.1076,2.196,-7.7279,loss_of_function,-0.646005652579123,0.1146,benign,https://doi.org/10.1101/2022.10.22.513328
P1963L,1.94016,0.35306,-0.7727902990605467,Neutral,Neutral,,,Uncertain,68.1,,,0.202,cBioPortal,,True,68.1,,,,neutral,neutral,neutral,UP,neutral,neutral,neutral,95.78,G,-0.2018,1.0353,-6.6969,loss_of_function,-3.27088742020984,0.7543,pathogenic,https://doi.org/10.1101/2022.10.22.513328
H1972N,-0.03338,0.06224,0.0210496976065099,Neutral,Neutral,,,Uncertain,101.7,,,0.268,COSMIC,,True,101.7,,,,neutral,neutral,neutral,DOWN,neutral,neutral,stabilizing,46.46,-,-0.1646,0.4881,-3.7655,loss_of_function,-0.934398581190631,0.089,benign,https://doi.org/10.1101/2022.10.22.513328
