Mutation,"Stability (FoldX5, alphafold, kcal/mol)","Stability (Rosetta Cartddg2020, alphafold, kcal/mol)","Stability (RaSP, alphafold, kcal/mol)","Stability classification, alphafold, (Rosetta, FoldX)","Stability classification, alphafold, (RaSP, FoldX)","Local Int. (Binding with SVBP_6J4P, heterodimer, FoldX5, kcal/mol)","Local Int. (Binding with SVBP_6J4P, heterodimer, Rosetta Talaris 2014, kcal/mol)",Local Int. classification (SVBP_6J4P),Relative Side Chain Solvent Accessibility in wild-type,gnomAD genome allele frequency,gnomAD exome allele frequency,REVEL score,Mutation sources,ClinVar Variation ID,ClinVar Interpretation,ClinVar Review Status,AlphaFold2 model pLDDT score,AlphaFold2 model secondary structure,DeMaSk delta fitness,DeMaSk Shannon entropy,DeMaSk log2 variant frequency,DeMaSk predicted consequence,GEMME Score,References
G55R,2.27491,3.66497,0.8935025430422783,Uncertain,Uncertain,0.07744,-0.03039,Neutral,82.0,,,0.582,cBioPortal,,,,95.29,-,-0.4396,0.1541,-20.9742,loss_of_function,-3.31667751167417,
H61N,-0.40057,0.12381,0.5770591987340775,Neutral,Neutral,0.00196,-0.05629,Neutral,80.1,,0.0,0.052,COSMIC,,,,97.27,H,0.0024,3.2597,-21.0224,gain_of_function,-1.42148175606257,
R65H,0.54527,0.02347,0.4784765766451154,Neutral,Neutral,0.00216,-0.05592,Neutral,37.6,,,0.49,COSMIC,,,,95.61,H,-0.1987,1.1631,-7.7481,loss_of_function,-2.83639656497494,
M68I,0.83701,0.38639,-0.5069957883301174,Neutral,Neutral,0.00412,0.04149,Neutral,76.6,,,0.043,"cBioPortal,COSMIC",,,,95.42,H,0.0589,3.3078,-7.8328,gain_of_function,-0.0243498374514334,
P75T,1.28739,1.02075,-0.2249744529740044,Neutral,Neutral,0.59422,0.30551,Neutral,85.8,,,0.406,cBioPortal,,,,95.62,T,-0.2245,0.4511,-7.8328,loss_of_function,-3.06878310171556,
G78E,-0.72006,-1.18469,-0.945769980869574,Neutral,Neutral,0.00798,0.02226,Neutral,105.0,,,0.31,cBioPortal,,,,93.72,H,-0.0672,2.9399,-1.5601,loss_of_function,-0.6235855885545,
V81A,2.09476,2.06497,1.5330928241183934,Uncertain,Uncertain,-0.41394,0.22989,Neutral,15.7,3.18857215739e-05,8.4840669223e-06,0.107,cBioPortal,,,,97.05,H,-0.0522,2.1253,-2.0124,loss_of_function,-0.336208217767178,
V81G,3.98022,4.30748,2.9115091569155447,Destabilizing,Uncertain,-0.50856,0.03866,Neutral,15.7,,,0.23,cBioPortal,,,,97.05,H,-0.1862,2.1253,-3.6224,loss_of_function,-1.25012688672271,
A83T,0.60846,0.01633,0.3142415772179502,Neutral,Neutral,-0.0134,0.00193,Neutral,80.2,,,0.051,cBioPortal,,,,97.21,H,0.0245,2.7093,-5.2915,gain_of_function,-0.160536700570877,
R85K,-0.33324,0.44932,0.3484692751508167,Neutral,Neutral,0.18516,0.34891,Neutral,35.0,,,0.174,COSMIC,,,,96.1,H,-0.1016,1.1709,-4.4594,loss_of_function,-1.44323722525215,
A87D,-0.34686,0.40442,0.7497888936034799,Neutral,Neutral,-0.7014,-0.14242,Neutral,36.8,,,0.233,COSMIC,,,,96.56,-,-0.1909,1.7214,-7.9247,loss_of_function,-1.64752029691524,
A87T,0.10629,1.31224,0.5151055548708355,Neutral,Neutral,-0.18532,0.10267,Neutral,36.8,,,0.183,"cBioPortal,COSMIC",,,,96.56,-,-0.0645,1.7214,-4.9248,loss_of_function,-0.248385502527474,
A88P,-1.12237,1.62857,0.9217722689262026,Neutral,Neutral,-0.2127,0.13147,Neutral,87.2,,4.3528602645e-06,0.111,"cBioPortal,COSMIC",,,,96.39,S,-0.1172,2.7862,-4.9069,loss_of_function,-1.09229920060436,
A88T,0.47868,0.17619,-0.05992914803013,Neutral,Neutral,0.01352,-0.02674,Neutral,87.2,,,0.047,"cBioPortal,COSMIC",,,,96.39,S,0.0502,2.7862,-1.6401,gain_of_function,-0.0053310565037874,
A91E,-0.65748,0.03061,-0.633352679537385,Neutral,Neutral,-0.21716,-0.50622,Neutral,112.8,,,0.208,cBioPortal,,,,95.89,-,-0.1111,2.3069,-5.6667,loss_of_function,-1.67923815663595,
A91T,-0.24625,-0.17177,-0.1830888972058142,Neutral,Neutral,0.0092,0.19306,Neutral,112.8,,,0.125,cBioPortal,,,,95.89,-,-0.0161,2.3069,-5.9887,loss_of_function,-0.279794157245916,
I95T,0.47634,0.82313,1.2217218618436168,Neutral,Neutral,0.29116,-0.05323,Neutral,71.4,,,0.112,"cBioPortal,COSMIC",,,,96.97,-,-0.0586,2.5358,-4.258,loss_of_function,-1.23953160474417,
P99S,4.54467,2.15136,1.2221634226132012,Uncertain,Uncertain,,,,15.2,,,0.486,"cBioPortal,COSMIC",,,,97.69,-,-0.2057,0.4875,-7.1798,loss_of_function,-3.60833356890411,
S104L,-0.48582,0.29864,-0.3799832858860874,Neutral,Neutral,,,Uncertain,92.0,3.18552497452e-05,7.9531717249e-06,0.224,COSMIC,,,,95.99,T,-0.0794,2.2485,-8.1995,loss_of_function,-3.10189218448757,
T106M,0.35152,1.55068,0.2820013573131191,Neutral,Neutral,,,Uncertain,77.1,,1.98845107615e-05,0.065,"cBioPortal,COSMIC",,,,96.67,-,-0.1479,2.3463,-21.5069,loss_of_function,-0.975059777924052,
D109A,0.74156,1.24966,-0.1550043200082446,Neutral,Neutral,,,Uncertain,66.7,,,,clinvar,,,,97.63,H,-0.0257,2.543,-4.7932,loss_of_function,-1.02864148624827,
L111I,0.51696,1.51395,1.6393730929476835,Neutral,Neutral,,,,5.3,,3.9765226105e-06,0.403,COSMIC,,,,98.43,H,-0.1303,0.7789,-4.2876,loss_of_function,-1.73015816628316,
A113E,-0.15916,0.23537,0.1416061908788107,Neutral,Neutral,,,Uncertain,36.6,,3.9767123723e-06,0.231,"cBioPortal,COSMIC",,,,98.43,H,-0.1481,1.968,-6.7944,loss_of_function,-2.73692629379839,
A113V,0.97351,0.47653,-0.2976596889193234,Neutral,Neutral,,,Uncertain,36.6,,2.78369866064e-05,0.389,"cBioPortal,COSMIC",,,,98.43,H,-0.0422,1.968,-5.572,loss_of_function,-1.24027212175752,
Q115H,3.13089,3.60272,0.1960156664680162,Destabilizing,Uncertain,,,,0.8,,,0.353,cBioPortal,,,,98.68,H,-0.1912,0.3691,-7.3965,loss_of_function,-5.6767882669175,
Q115P,6.69556,11.43571,7.273405448157686,Destabilizing,Destabilizing,,,,0.8,,,0.743,COSMIC,,,,98.68,H,-0.4367,0.3691,-21.6843,loss_of_function,-5.90552683650228,
M118I,2.15731,1.91973,1.336059596528522,Uncertain,Uncertain,-0.00644,0.06614,Neutral,0.0,,,0.335,"cBioPortal,COSMIC",,,,98.68,H,-0.0533,1.7274,-1.3304,loss_of_function,-1.22638986785959,
T120A,-0.13613,0.59966,-0.0009380056530022,Neutral,Neutral,-0.0013,-0.15165,Neutral,65.1,,,0.045,cBioPortal,,,,98.29,H,0.0841,3.3609,-3.0959,gain_of_function,-0.485206477093723,
L121P,5.03736,8.27993,7.115870843856503,Destabilizing,Destabilizing,-0.0301,-0.03342,Neutral,1.9,,,0.705,"cBioPortal,COSMIC",,,,98.33,H,-0.4461,0.5882,-21.7056,loss_of_function,-5.42527322889848,
Y123H,1.25672,2.41837,1.937274721533634,Uncertain,Neutral,-0.13732,-0.03235,Neutral,12.8,,,0.736,cBioPortal,,,,97.82,B,-0.3519,0.0572,-21.7223,loss_of_function,-3.83428047740888,
F130L,1.73893,0.26327,2.266962624870202,Neutral,Uncertain,0.44332,0.51632,Neutral,8.0,,,0.42,cBioPortal,,,,97.69,S,-0.1642,1.1047,-4.6962,loss_of_function,-1.79420373629994,
R137I,0.25618,0.88946,0.0669455308888855,Neutral,Neutral,,,Uncertain,48.2,,,0.717,COSMIC,,,,94.56,S,-0.3525,0.9114,-21.6757,loss_of_function,-4.83898856142498,
P138Q,2.3482,1.33878,0.1911265679335339,Uncertain,Uncertain,,,Uncertain,42.5,,,0.663,"cBioPortal,COSMIC",,,,96.77,B,-0.2674,0.9332,-21.68,loss_of_function,-4.73447218425438,
T145A,-0.00225,-0.01429,0.2746587643301262,Neutral,Neutral,,,,11.3,,,0.123,cBioPortal,,,,97.88,H,-0.0532,2.0775,-6.8703,loss_of_function,-1.75558237628967,
T145S,0.28641,1.10408,1.1216528474280765,Neutral,Neutral,,,,11.3,,,0.19,COSMIC,,,,97.88,H,-0.0061,2.0775,-4.7549,loss_of_function,-0.361271275700882,
R151L,0.49896,0.60034,0.1689039803935582,Neutral,Neutral,-0.09786,-0.06095,Neutral,56.7,,,0.278,COSMIC,,,,97.87,H,-0.1301,2.1607,-5.8867,loss_of_function,-3.26772404820265,
P155S,2.1929,1.71803,0.0468310623823903,Uncertain,Uncertain,1.62824,0.84164,Uncertain,29.1,,,0.738,"cBioPortal,COSMIC",,,,98.33,-,-0.2366,0.2237,-8.4756,loss_of_function,-5.97313383742586,
I156F,8.44694,2.5051,1.795609574183398,Uncertain,Uncertain,0.23258,0.01875,Neutral,0.0,,,0.55,COSMIC,,,,98.42,B,-0.2965,0.2231,-8.4796,loss_of_function,-6.47378021552452,
G165C,2.46004,-0.81871,-0.0647679750752472,Uncertain,Uncertain,,,,0.0,,,0.584,cBioPortal,,,,98.75,H,-0.2517,1.3208,-8.4877,loss_of_function,-3.54241375898641,
G165V,2.6222,-0.82551,-0.3109867472994426,Uncertain,Uncertain,,,,0.0,,,0.408,COSMIC,,,,98.75,H,-0.3465,1.3208,-21.7756,loss_of_function,-4.99263110991471,
N170T,-0.66812,-0.0585,1.854713320232182,Neutral,Neutral,,,,11.4,,,0.103,cBioPortal,,,,97.12,T,-0.1038,1.7863,-6.5117,loss_of_function,-3.28699672589531,
I175T,3.11127,2.21531,2.8747271499872227,Uncertain,Uncertain,,,,0.0,0.0002547932989362,0.0002507462686567,0.182,COSMIC,,,,98.11,-,-0.1229,1.9178,-5.7162,loss_of_function,-1.54152604825452,
R177Q,0.84408,2.47721,1.6219276967399514,Uncertain,Neutral,,,,0.0,3.18511912346e-05,7.9579818558e-06,0.624,COSMIC,,,,98.68,E,-0.3749,0.0813,-21.8113,loss_of_function,-7.16140816279994,
R177W,13.78153,5.73027,0.8713308778692319,Destabilizing,Uncertain,,,,0.0,,,0.483,COSMIC,,,,98.68,E,-0.4179,0.0813,-21.8113,loss_of_function,-7.16140816279994,
F178V,4.01831,2.20578,3.8549300529732577,Uncertain,Destabilizing,,,,0.0,,,0.187,cBioPortal,,,,98.64,E,-0.2018,1.0531,-4.8192,loss_of_function,-4.22488245619396,
P179S,4.51788,2.2915,2.060610819500465,Uncertain,Uncertain,,,,0.0,,,0.459,cBioPortal,,,,98.7,E,-0.1658,0.8108,-5.1977,loss_of_function,-1.97419785044333,
I180M,0.30339,1.39422,2.149803139099868,Neutral,Uncertain,,,,0.0,,,0.567,COSMIC,,,,98.83,E,-0.1152,1.3226,-6.5196,loss_of_function,-2.36500541212059,
Y185H,0.33685,1.39864,1.2674986082069633,Neutral,Neutral,0.0,-0.02644,Neutral,42.2,,,0.078,"cBioPortal,COSMIC",,,,97.23,E,0.0285,3.1395,-2.7687,gain_of_function,-0.182556728546364,
F186L,0.64119,0.09932,0.6293766728877437,Neutral,Neutral,0.78462,0.34785,Neutral,45.0,,,0.164,"cBioPortal,COSMIC",,,,96.42,E,-0.1096,1.7429,-5.5196,loss_of_function,-2.80741226455193,
V194F,5.212,0.53435,0.3301014051215017,Uncertain,Uncertain,,,,9.6,,,0.283,cBioPortal,,,,98.62,E,-0.3284,1.06,-21.8074,loss_of_function,-6.35242650988808,
V194I,-0.946,0.60952,-0.1833745070795506,Neutral,Neutral,,,,9.6,,3.9774399605e-06,0.15,"cBioPortal,COSMIC",,,,98.62,E,-0.0805,1.06,-0.9805,loss_of_function,-1.14468648591062,
V195L,0.78099,0.36973,1.7261032275301862,Neutral,Neutral,,,,0.0,,,0.311,COSMIC,,,,98.88,E,-0.2637,0.1937,-8.5156,loss_of_function,-4.16203006202931,
L196V,2.64198,2.44456,2.0185673929228005,Uncertain,Uncertain,,,,0.2,,,,clinvar,,,,98.9,E,-0.3164,0.123,-21.8034,loss_of_function,-4.26334235106654,
R203C,0.62792,1.61599,1.4585307529745497,Neutral,Neutral,,,Uncertain,48.8,,1.5909000517e-05,0.077,"cBioPortal,COSMIC",,,,98.36,E,-0.151,2.0364,-6.4878,loss_of_function,-1.26970804269293,
R203H,0.87845,0.18299,0.4522884130594068,Neutral,Neutral,,,Uncertain,48.8,,5.17079534788e-05,0.056,"cBioPortal,COSMIC",,,,98.36,E,-0.1077,2.0364,-5.6805,loss_of_function,-0.789183418123468,
G208C,4.40964,2.07551,0.3838589129567732,Uncertain,Uncertain,,,,0.0,,,0.578,COSMIC,,,,98.66,-,-0.4385,0.0276,-21.7836,loss_of_function,-7.17410157337267,
R211H,1.38032,-0.15068,-0.0051450824807153,Neutral,Neutral,0.95624,0.36699,Neutral,58.2,,0.0,0.828,"cBioPortal,COSMIC",,,,96.69,S,-0.3684,0.0968,-21.7876,loss_of_function,-7.21479766552483,
L220F,3.70237,2.26769,1.6841456678815945,Uncertain,Uncertain,,,,11.7,,,0.209,COSMIC,,,,98.03,E,-0.1359,1.4209,-5.3259,loss_of_function,-4.04416342751511,
F222V,3.68089,2.59864,2.525371982518565,Uncertain,Uncertain,,,Uncertain,20.7,,,0.187,"cBioPortal,COSMIC",,,,98.6,E,-0.2573,1.3907,-21.7836,loss_of_function,-4.27087088854235,
R223W,0.41095,0.15476,-0.3832310612351991,Neutral,Neutral,,,Uncertain,84.6,,1.19362128784e-05,0.346,"cBioPortal,COSMIC",,,,98.06,S,-0.2273,2.1508,-21.7715,loss_of_function,-5.18868606991283,
S226C,0.51868,0.55476,0.3491949989113257,Neutral,Neutral,,,,0.0,,,0.221,"cBioPortal,COSMIC",,,,98.54,H,-0.0349,2.3993,-7.4757,loss_of_function,-1.60116584554438,
D234N,-0.82975,0.22279,-0.1338646620561612,Neutral,Neutral,,,Uncertain,55.8,,,0.049,COSMIC,,,,98.29,H,0.0621,3.2273,-6.4594,gain_of_function,-0.509780279845417,
K238T,0.51642,1.27959,0.6927860579688047,Neutral,Neutral,0.12374,-0.09427,Neutral,62.1,,2.38678674856e-05,0.294,cBioPortal,,,,98.25,T,-0.1035,2.5898,-21.7182,loss_of_function,-3.28454861852202,
H241Q,0.77111,-0.03163,1.3508665729010232,Neutral,Neutral,0.00178,-0.04703,Neutral,20.9,,,0.429,"cBioPortal,COSMIC",,,,98.05,-,-0.1824,0.0799,-7.4346,loss_of_function,-5.94908460221894,
K245E,1.04828,-0.47007,0.7704979857223356,Neutral,Neutral,,,Uncertain,46.2,,,0.545,"cBioPortal,COSMIC",,,,98.36,E,-0.1603,1.1801,-6.8538,loss_of_function,-4.41759487980757,
I248T,4.15454,2.14116,3.012144470252625,Uncertain,Destabilizing,,,,0.2,,,,clinvar,,,,98.46,E,-0.1772,1.4781,-8.4303,loss_of_function,-3.06042844460077,
L250M,0.13337,2.67415,1.3085384215509654,Uncertain,Neutral,,,,17.3,,,0.169,"cBioPortal,COSMIC",,,,97.33,-,-0.0418,2.0951,-6.0959,loss_of_function,-1.71395231281407,
V252F,8.01546,4.79456,2.6076660808509464,Destabilizing,Uncertain,,,,2.5,,,0.715,"cBioPortal,COSMIC",,,,97.31,-,-0.2284,1.1818,-4.4051,loss_of_function,-4.19431920685408,
V252I,-0.97801,-0.08435,0.2799048475954502,Neutral,Neutral,,,,2.5,3.18694626809e-05,5.17067194871e-05,0.332,"cBioPortal,COSMIC,clinvar",,,,97.31,-,-0.079,1.1818,-2.8816,loss_of_function,-0.947103298741826,
P253L,1.53901,1.18844,-0.2966312745566041,Neutral,Neutral,,,Uncertain,42.6,,,0.299,cBioPortal,,,,95.94,-,-0.1252,1.907,-7.4008,loss_of_function,-3.21145043767982,
E255K,0.33357,0.78673,0.761929847233653,Neutral,Neutral,,,Uncertain,66.3,,1.98870416037e-05,0.295,COSMIC,,,,94.88,-,-0.1117,1.687,-7.4008,loss_of_function,-4.05911612283327,
E263A,-0.88115,-0.18401,0.3075109781404866,Neutral,Neutral,,,,17.2,,,0.202,COSMIC,,,,96.95,-,-0.0514,2.047,-6.3923,loss_of_function,-2.64417379527037,
M274I,1.55045,1.96565,0.1994400852089639,Neutral,Neutral,,,Uncertain,26.6,,,0.092,COSMIC,,,,96.77,S,-0.0004,2.6293,-7.2288,loss_of_function,-2.45597789808112,
D278Y,0.14476,0.84082,-0.539038480897932,Neutral,Neutral,,,Uncertain,59.2,,,0.287,COSMIC,,,,97.74,H,-0.2347,1.6856,-21.4874,loss_of_function,-3.6499631041344,
I279L,0.43832,0.99218,0.6559503282583081,Neutral,Neutral,,,,5.4,,,0.081,COSMIC,,,,97.94,H,0.0515,2.8373,-2.2689,gain_of_function,-0.166359890478162,
I279T,3.0394,2.47279,2.2699644852450667,Uncertain,Uncertain,,,,5.4,,3.9826039858e-06,0.307,COSMIC,,,,97.94,H,-0.0429,2.8373,-6.6147,loss_of_function,-1.22204115086781,
R280K,-0.03928,0.4381,0.5769979182989043,Neutral,Neutral,,,Uncertain,41.2,,,0.183,COSMIC,,,,98.48,H,-0.0396,1.7856,-3.3923,loss_of_function,-0.586200253785685,
E282K,-0.66351,-0.15544,0.394689160977158,Neutral,Neutral,,,Uncertain,39.0,,,0.296,"cBioPortal,COSMIC",,,,97.91,H,-0.1003,1.7119,-5.6196,loss_of_function,-3.45166124804043,
L283Q,4.55601,2.43741,3.058374076682276,Uncertain,Destabilizing,,,,0.0,,,0.674,"cBioPortal,COSMIC",,,,98.3,H,-0.3581,0.8514,-21.4923,loss_of_function,-5.94993146528683,
E284D,1.7812,1.62381,0.9010373473565608,Neutral,Neutral,,,Uncertain,27.1,,,0.462,"cBioPortal,COSMIC",,,,97.53,H,-0.0925,1.0029,-2.3417,loss_of_function,-1.50878214157032,
A287V,3.25938,0.92075,1.4592935559534592,Uncertain,Uncertain,,,,0.0,,8.0097398436e-06,0.162,COSMIC,,,,97.54,H,-0.0441,2.0356,-7.1749,loss_of_function,-3.39169890772514,
M290L,-0.0535,0.70748,0.0755863232096848,Neutral,Neutral,,,,2.6,0.0025476084325839,0.0020055947653575,0.088,COSMIC,,,,94.64,H,-0.0677,1.3366,-3.5639,loss_of_function,-0.0221842216645183,
R291I,-0.34599,-0.03231,-0.0501782990421112,Neutral,Neutral,,,Uncertain,34.3,,,0.498,cBioPortal,,,,93.66,H,-0.3661,0.7476,-21.3752,loss_of_function,-4.93649856243321,
R291T,0.52624,1.27449,0.7092711363047549,Neutral,Neutral,,,Uncertain,34.3,,,0.425,cBioPortal,,,,93.66,H,-0.3416,0.7476,-21.3752,loss_of_function,-4.46503002048267,
A298T,0.3584,-0.47143,0.197557482452047,Neutral,Neutral,,,Uncertain,56.4,,,0.09,COSMIC,,,,74.25,G,-0.0049,2.2399,-2.585,loss_of_function,-0.149726804237718,
